161,64,12288
161,65,65292
161,66,12289
161,67,12290
161,68,65294
161,69,8226
161,70,65307
161,71,65306
161,72,65311
161,73,65281
161,74,65072
161,75,8230
161,76,8229
161,77,65104
161,78,65380
161,79,65106
161,80,183
161,81,65108
161,82,65109
161,83,65110
161,84,65111
161,85,65372
161,86,8211
161,87,65073
161,88,8212
161,89,65075
161,90,65343
161,91,65076
161,92,65103
161,93,65288
161,94,65289
161,95,65077
161,96,65078
161,97,65371
161,98,65373
161,99,65079
161,100,65080
161,101,12308
161,102,12309
161,103,65081
161,104,65082
161,105,12304
161,106,12305
161,107,65083
161,108,65084
161,109,12298
161,110,12299
161,111,65085
161,112,65086
161,113,12296
161,114,12297
161,115,65087
161,116,65088
161,117,12300
161,118,12301
161,119,65089
161,120,65090
161,121,12302
161,122,12303
161,123,65091
161,124,65092
161,125,65113
161,126,65114
161,161,65115
161,162,65116
161,163,65117
161,164,65118
161,165,8216
161,166,8217
161,167,8220
161,168,8221
161,169,12317
161,170,12318
161,171,8245
161,172,8242
161,173,65283
161,174,65286
161,175,65290
161,176,8251
161,177,167
161,178,12291
161,179,9675
161,180,9679
161,181,9651
161,182,9650
161,183,9678
161,184,9734
161,185,9733
161,186,9671
161,187,9670
161,188,9633
161,189,9632
161,190,9661
161,191,9660
161,192,12963
161,193,8453
161,194,8254
161,195,-1
161,196,65343
161,197,-1
161,198,65097
161,199,65098
161,200,65101
161,201,65102
161,202,65099
161,203,65100
161,204,65119
161,205,65120
161,206,65121
161,207,65291
161,208,65293
161,209,215
161,210,247
161,211,177
161,212,8730
161,213,65308
161,214,65310
161,215,65309
161,216,8806
161,217,8807
161,218,8800
161,219,8734
161,220,8786
161,221,8801
161,222,65122
161,223,65123
161,224,65124
161,225,65125
161,226,65126
161,227,8764
161,228,8745
161,229,8746
161,230,8869
161,231,8736
161,232,8735
161,233,8895
161,234,13266
161,235,13265
161,236,8747
161,237,8750
161,238,8757
161,239,8756
161,240,9792
161,241,9794
161,242,9793
161,243,9737
161,244,8593
161,245,8595
161,246,8592
161,247,8594
161,248,8598
161,249,8599
161,250,8601
161,251,8600
161,252,8741
161,253,8739
161,254,9585
162,64,9586
162,65,65295
162,66,65340
162,67,65284
162,68,165
162,69,12306
162,70,162
162,71,163
162,72,65285
162,73,65312
162,74,8451
162,75,8457
162,76,65129
162,77,65130
162,78,65131
162,79,13269
162,80,13212
162,81,13213
162,82,13214
162,83,13262
162,84,13217
162,85,13198
162,86,13199
162,87,13252
162,88,176
162,89,20825
162,90,20827
162,91,20830
162,92,20829
162,93,20833
162,94,20835
162,95,21991
162,96,29929
162,97,31950
162,98,9601
162,99,9602
162,100,9603
162,101,9604
162,102,9605
162,103,9606
162,104,9607
162,105,9608
162,106,9615
162,107,9614
162,108,9613
162,109,9612
162,110,9611
162,111,9610
162,112,9609
162,113,9532
162,114,9524
162,115,9516
162,116,9508
162,117,9500
162,118,9620
162,119,9472
162,120,9474
162,121,9621
162,122,9484
162,123,9488
162,124,9492
162,125,9496
162,126,9581
162,161,9582
162,162,9584
162,163,9583
162,164,9552
162,165,9566
162,166,9578
162,167,9569
162,168,9698
162,169,9699
162,170,9701
162,171,9700
162,172,9585
162,173,9586
162,174,9587
162,175,65296
162,176,65297
162,177,65298
162,178,65299
162,179,65300
162,180,65301
162,181,65302
162,182,65303
162,183,65304
162,184,65305
162,185,8544
162,186,8545
162,187,8546
162,188,8547
162,189,8548
162,190,8549
162,191,8550
162,192,8551
162,193,8552
162,194,8553
162,195,12321
162,196,12322
162,197,12323
162,198,12324
162,199,12325
162,200,12326
162,201,12327
162,202,12328
162,203,12329
162,204,21313
162,205,21316
162,206,21317
162,207,65313
162,208,65314
162,209,65315
162,210,65316
162,211,65317
162,212,65318
162,213,65319
162,214,65320
162,215,65321
162,216,65322
162,217,65323
162,218,65324
162,219,65325
162,220,65326
162,221,65327
162,222,65328
162,223,65329
162,224,65330
162,225,65331
162,226,65332
162,227,65333
162,228,65334
162,229,65335
162,230,65336
162,231,65337
162,232,65338
162,233,65345
162,234,65346
162,235,65347
162,236,65348
162,237,65349
162,238,65350
162,239,65351
162,240,65352
162,241,65353
162,242,65354
162,243,65355
162,244,65356
162,245,65357
162,246,65358
162,247,65359
162,248,65360
162,249,65361
162,250,65362
162,251,65363
162,252,65364
162,253,65365
162,254,65366
163,64,65367
163,65,65368
163,66,65369
163,67,65370
163,68,913
163,69,914
163,70,915
163,71,916
163,72,917
163,73,918
163,74,919
163,75,920
163,76,921
163,77,922
163,78,923
163,79,924
163,80,925
163,81,926
163,82,927
163,83,928
163,84,929
163,85,931
163,86,932
163,87,933
163,88,934
163,89,935
163,90,936
163,91,937
163,92,945
163,93,946
163,94,947
163,95,948
163,96,949
163,97,950
163,98,951
163,99,952
163,100,953
163,101,954
163,102,955
163,103,956
163,104,957
163,105,958
163,106,959
163,107,960
163,108,961
163,109,963
163,110,964
163,111,965
163,112,966
163,113,967
163,114,968
163,115,969
163,116,12549
163,117,12550
163,118,12551
163,119,12552
163,120,12553
163,121,12554
163,122,12555
163,123,12556
163,124,12557
163,125,12558
163,126,12559
163,161,12560
163,162,12561
163,163,12562
163,164,12563
163,165,12564
163,166,12565
163,167,12566
163,168,12567
163,169,12568
163,170,12569
163,171,12570
163,172,12571
163,173,12572
163,174,12573
163,175,12574
163,176,12575
163,177,12576
163,178,12577
163,179,12578
163,180,12579
163,181,12580
163,182,12581
163,183,12582
163,184,12583
163,185,12584
163,186,12585
163,187,729
163,188,713
163,189,714
163,190,711
163,191,715
163,192,-1
163,193,-1
163,194,-1
163,195,-1
163,196,-1
163,197,-1
163,198,-1
163,199,-1
163,200,65533
163,201,-1
163,202,-1
163,203,-1
163,204,-1
163,205,-1
163,206,-1
163,207,-1
163,208,-1
163,209,-1
163,210,-1
163,211,-1
163,212,-1
163,213,-1
163,214,-1
163,215,-1
163,216,-1
163,217,-1
163,218,-1
163,219,-1
163,220,-1
163,221,-1
163,222,-1
163,223,-1
163,224,-1
163,225,-1
163,226,-1
163,227,-1
163,228,-1
163,229,-1
163,230,-1
163,231,-1
163,232,-1
163,233,-1
163,234,-1
163,235,-1
163,236,-1
163,237,-1
163,238,-1
163,239,-1
163,240,-1
163,241,-1
163,242,-1
163,243,-1
163,244,-1
163,245,-1
163,246,-1
163,247,-1
163,248,-1
163,249,-1
163,250,65533
163,251,65533
163,252,65533
163,253,65533
163,254,65533
164,64,19968
164,65,20057
164,66,19969
164,67,19971
164,68,20035
164,69,20061
164,70,20102
164,71,20108
164,72,20154
164,73,20799
164,74,20837
164,75,20843
164,76,20960
164,77,20992
164,78,20993
164,79,21147
164,80,21269
164,81,21313
164,82,21340
164,83,21448
164,84,19977
164,85,19979
164,86,19976
164,87,19978
164,88,20011
164,89,20024
164,90,20961
164,91,20037
164,92,20040
164,93,20063
164,94,20062
164,95,20110
164,96,20129
164,97,20800
164,98,20995
164,99,21242
164,100,21315
164,101,21449
164,102,21475
164,103,22303
164,104,22763
164,105,22805
164,106,22823
164,107,22899
164,108,23376
164,109,23377
164,110,23379
164,111,23544
164,112,23567
164,113,23586
164,114,23608
164,115,23665
164,116,24029
164,117,24037
164,118,24049
164,119,24050
164,120,24051
164,121,24062
164,122,24178
164,123,24318
164,124,24331
164,125,24339
164,126,25165
164,161,19985
164,162,19984
164,163,19981
164,164,20013
164,165,20016
164,166,20025
164,167,20043
164,168,23609
164,169,20104
164,170,20113
164,171,20117
164,172,20114
164,173,20116
164,174,20130
164,175,20161
164,176,20160
164,177,20163
164,178,20166
164,179,20167
164,180,20173
164,181,20170
164,182,20171
164,183,20164
164,184,20803
164,185,20801
164,186,20839
164,187,20845
164,188,20846
164,189,20844
164,190,20887
164,191,20982
164,192,20998
164,193,20999
164,194,21000
164,195,21243
164,196,21246
164,197,21247
164,198,21270
164,199,21305
164,200,21320
164,201,21319
164,202,21317
164,203,21342
164,204,21380
164,205,21451
164,206,21450
164,207,21453
164,208,22764
164,209,22825
164,210,22827
164,211,22826
164,212,22829
164,213,23380
164,214,23569
164,215,23588
164,216,23610
164,217,23663
164,218,24052
164,219,24187
164,220,24319
164,221,24340
164,222,24341
164,223,24515
164,224,25096
164,225,25142
164,226,25163
164,227,25166
164,228,25903
164,229,25991
164,230,26007
164,231,26020
164,232,26041
164,233,26085
164,234,26352
164,235,26376
164,236,26408
164,237,27424
164,238,27490
164,239,27513
164,240,27595
164,241,27604
164,242,27611
164,243,27663
164,244,27700
164,245,28779
164,246,29226
164,247,29238
164,248,29243
164,249,29255
164,250,29273
164,251,29275
164,252,29356
164,253,29579
164,254,19993
165,64,19990
165,65,19989
165,66,19988
165,67,19992
165,68,20027
165,69,20045
165,70,20047
165,71,20046
165,72,20197
165,73,20184
165,74,20180
165,75,20181
165,76,20182
165,77,20183
165,78,20195
165,79,20196
165,80,20185
165,81,20190
165,82,20805
165,83,20804
165,84,20873
165,85,20874
165,86,20908
165,87,20985
165,88,20986
165,89,20984
165,90,21002
165,91,21152
165,92,21151
165,93,21253
165,94,21254
165,95,21271
165,96,21277
165,97,20191
165,98,21322
165,99,21321
165,100,21345
165,101,21344
165,102,21359
165,103,21358
165,104,21435
165,105,21487
165,106,21476
165,107,21491
165,108,21484
165,109,21486
165,110,21481
165,111,21480
165,112,21500
165,113,21496
165,114,21493
165,115,21483
165,116,21478
165,117,21482
165,118,21490
165,119,21489
165,120,21488
165,121,21477
165,122,21485
165,123,21499
165,124,22235
165,125,22234
165,126,22806
165,161,22830
165,162,22833
165,163,22900
165,164,22902
165,165,23381
165,166,23427
165,167,23612
165,168,24040
165,169,24039
165,170,24038
165,171,24066
165,172,24067
165,173,24179
165,174,24188
165,175,24321
165,176,24344
165,177,24343
165,178,24517
165,179,25098
165,180,25171
165,181,25172
165,182,25170
165,183,25169
165,184,26021
165,185,26086
165,186,26414
165,187,26412
165,188,26410
165,189,26411
165,190,26413
165,191,27491
165,192,27597
165,193,27665
165,194,27664
165,195,27704
165,196,27713
165,197,27712
165,198,27710
165,199,29359
165,200,29572
165,201,29577
165,202,29916
165,203,29926
165,204,29976
165,205,29983
165,206,29992
165,207,29993
165,208,30000
165,209,30001
165,210,30002
165,211,30003
165,212,30091
165,213,30333
165,214,30382
165,215,30399
165,216,30446
165,217,30683
165,218,30690
165,219,30707
165,220,31034
165,221,31166
165,222,31348
165,223,31435
165,224,19998
165,225,19999
165,226,20050
165,227,20051
165,228,20073
165,229,20121
165,230,20132
165,231,20134
165,232,20133
165,233,20223
165,234,20233
165,235,20249
165,236,20234
165,237,20245
165,238,20237
165,239,20240
165,240,20241
165,241,20239
165,242,20210
165,243,20214
165,244,20219
165,245,20208
165,246,20211
165,247,20221
165,248,20225
165,249,20235
165,250,20809
165,251,20807
165,252,20806
165,253,20808
165,254,20840
166,64,20849
166,65,20877
166,66,20912
166,67,21015
166,68,21009
166,69,21010
166,70,21006
166,71,21014
166,72,21155
166,73,21256
166,74,21281
166,75,21280
166,76,21360
166,77,21361
166,78,21513
166,79,21519
166,80,21516
166,81,21514
166,82,21520
166,83,21505
166,84,21515
166,85,21508
166,86,21521
166,87,21517
166,88,21512
166,89,21507
166,90,21518
166,91,21510
166,92,21522
166,93,22240
166,94,22238
166,95,22237
166,96,22323
166,97,22320
166,98,22312
166,99,22317
166,100,22316
166,101,22319
166,102,22313
166,103,22809
166,104,22810
166,105,22839
166,106,22840
166,107,22916
166,108,22904
166,109,22915
166,110,22909
166,111,22905
166,112,22914
166,113,22913
166,114,23383
166,115,23384
166,116,23431
166,117,23432
166,118,23429
166,119,23433
166,120,23546
166,121,23574
166,122,23673
166,123,24030
166,124,24070
166,125,24182
166,126,24180
166,161,24335
166,162,24347
166,163,24537
166,164,24534
166,165,25102
166,166,25100
166,167,25101
166,168,25104
166,169,25187
166,170,25179
166,171,25176
166,172,25910
166,173,26089
166,174,26088
166,175,26092
166,176,26093
166,177,26354
166,178,26355
166,179,26377
166,180,26429
166,181,26420
166,182,26417
166,183,26421
166,184,27425
166,185,27492
166,186,27515
166,187,27670
166,188,27741
166,189,27735
166,190,27737
166,191,27743
166,192,27744
166,193,27728
166,194,27733
166,195,27745
166,196,27739
166,197,27725
166,198,27726
166,199,28784
166,200,29279
166,201,29277
166,202,30334
166,203,31481
166,204,31859
166,205,31992
166,206,32566
166,207,32650
166,208,32701
166,209,32769
166,210,32771
166,211,32780
166,212,32786
166,213,32819
166,214,32895
166,215,32905
166,216,32907
166,217,32908
166,218,33251
166,219,33258
166,220,33267
166,221,33276
166,222,33292
166,223,33307
166,224,33311
166,225,33390
166,226,33394
166,227,33406
166,228,34411
166,229,34880
166,230,34892
166,231,34915
166,232,35199
166,233,38433
166,234,20018
166,235,20136
166,236,20301
166,237,20303
166,238,20295
166,239,20311
166,240,20318
166,241,20276
166,242,20315
166,243,20309
166,244,20272
166,245,20304
166,246,20305
166,247,20285
166,248,20282
166,249,20280
166,250,20291
166,251,20308
166,252,20284
166,253,20294
166,254,20323
167,64,20316
167,65,20320
167,66,20271
167,67,20302
167,68,20278
167,69,20313
167,70,20317
167,71,20296
167,72,20314
167,73,20812
167,74,20811
167,75,20813
167,76,20853
167,77,20918
167,78,20919
167,79,21029
167,80,21028
167,81,21033
167,82,21034
167,83,21032
167,84,21163
167,85,21161
167,86,21162
167,87,21164
167,88,21283
167,89,21363
167,90,21365
167,91,21533
167,92,21549
167,93,21534
167,94,21566
167,95,21542
167,96,21582
167,97,21543
167,98,21574
167,99,21571
167,100,21555
167,101,21576
167,102,21570
167,103,21531
167,104,21545
167,105,21578
167,106,21561
167,107,21563
167,108,21560
167,109,21550
167,110,21557
167,111,21558
167,112,21536
167,113,21564
167,114,21568
167,115,21553
167,116,21547
167,117,21535
167,118,21548
167,119,22250
167,120,22256
167,121,22244
167,122,22251
167,123,22346
167,124,22353
167,125,22336
167,126,22349
167,161,22343
167,162,22350
167,163,22334
167,164,22352
167,165,22351
167,166,22331
167,167,22767
167,168,22846
167,169,22941
167,170,22930
167,171,22952
167,172,22942
167,173,22947
167,174,22937
167,175,22934
167,176,22925
167,177,22948
167,178,22931
167,179,22922
167,180,22949
167,181,23389
167,182,23388
167,183,23386
167,184,23387
167,185,23436
167,186,23435
167,187,23439
167,188,23596
167,189,23616
167,190,23617
167,191,23615
167,192,23614
167,193,23696
167,194,23697
167,195,23700
167,196,23692
167,197,24043
167,198,24076
167,199,24207
167,200,24199
167,201,24202
167,202,24311
167,203,24324
167,204,24351
167,205,24420
167,206,24418
167,207,24439
167,208,24441
167,209,24536
167,210,24524
167,211,24535
167,212,24525
167,213,24561
167,214,24555
167,215,24568
167,216,24554
167,217,25106
167,218,25105
167,219,25220
167,220,25239
167,221,25238
167,222,25216
167,223,25206
167,224,25225
167,225,25197
167,226,25226
167,227,25212
167,228,25214
167,229,25209
167,230,25203
167,231,25234
167,232,25199
167,233,25240
167,234,25198
167,235,25237
167,236,25235
167,237,25233
167,238,25222
167,239,25913
167,240,25915
167,241,25912
167,242,26097
167,243,26356
167,244,26463
167,245,26446
167,246,26447
167,247,26448
167,248,26449
167,249,26460
167,250,26454
167,251,26462
167,252,26441
167,253,26438
167,254,26464
168,64,26451
168,65,26455
168,66,27493
168,67,27599
168,68,27714
168,69,27742
168,70,27801
168,71,27777
168,72,27784
168,73,27785
168,74,27781
168,75,27803
168,76,27754
168,77,27770
168,78,27792
168,79,27760
168,80,27788
168,81,27752
168,82,27798
168,83,27794
168,84,27773
168,85,27779
168,86,27762
168,87,27774
168,88,27764
168,89,27782
168,90,27766
168,91,27789
168,92,27796
168,93,27800
168,94,27778
168,95,28790
168,96,28796
168,97,28797
168,98,28792
168,99,29282
168,100,29281
168,101,29280
168,102,29380
168,103,29378
168,104,29590
168,105,29996
168,106,29995
168,107,30007
168,108,30008
168,109,30338
168,110,30447
168,111,30691
168,112,31169
168,113,31168
168,114,31167
168,115,31350
168,116,31995
168,117,32597
168,118,32918
168,119,32915
168,120,32925
168,121,32920
168,122,32923
168,123,32922
168,124,32946
168,125,33391
168,126,33426
168,161,33419
168,162,33421
168,163,35211
168,164,35282
168,165,35328
168,166,35895
168,167,35910
168,168,35925
168,169,35997
168,170,36196
168,171,36208
168,172,36275
168,173,36523
168,174,36554
168,175,36763
168,176,36784
168,177,36802
168,178,36806
168,179,36805
168,180,36804
168,181,24033
168,182,37009
168,183,37026
168,184,37034
168,185,37030
168,186,37027
168,187,37193
168,188,37318
168,189,37324
168,190,38450
168,191,38446
168,192,38449
168,193,38442
168,194,38444
168,195,20006
168,196,20054
168,197,20083
168,198,20107
168,199,20123
168,200,20126
168,201,20139
168,202,20140
168,203,20335
168,204,20381
168,205,20365
168,206,20339
168,207,20351
168,208,20332
168,209,20379
168,210,20363
168,211,20358
168,212,20355
168,213,20336
168,214,20341
168,215,20360
168,216,20329
168,217,20347
168,218,20374
168,219,20350
168,220,20367
168,221,20369
168,222,20346
168,223,20820
168,224,20818
168,225,20821
168,226,20841
168,227,20855
168,228,20854
168,229,20856
168,230,20925
168,231,20989
168,232,21051
168,233,21048
168,234,21047
168,235,21050
168,236,21040
168,237,21038
168,238,21046
168,239,21057
168,240,21182
168,241,21179
168,242,21330
168,243,21332
168,244,21331
168,245,21329
168,246,21350
168,247,21367
168,248,21368
168,249,21369
168,250,21462
168,251,21460
168,252,21463
168,253,21619
168,254,21621
169,64,21654
169,65,21624
169,66,21653
169,67,21632
169,68,21627
169,69,21623
169,70,21636
169,71,21650
169,72,21638
169,73,21628
169,74,21648
169,75,21617
169,76,21622
169,77,21644
169,78,21658
169,79,21602
169,80,21608
169,81,21643
169,82,21629
169,83,21646
169,84,22266
169,85,22403
169,86,22391
169,87,22378
169,88,22377
169,89,22369
169,90,22374
169,91,22372
169,92,22396
169,93,22812
169,94,22857
169,95,22855
169,96,22856
169,97,22852
169,98,22868
169,99,22974
169,100,22971
169,101,22996
169,102,22969
169,103,22958
169,104,22993
169,105,22982
169,106,22992
169,107,22989
169,108,22987
169,109,22995
169,110,22986
169,111,22959
169,112,22963
169,113,22994
169,114,22981
169,115,23391
169,116,23396
169,117,23395
169,118,23447
169,119,23450
169,120,23448
169,121,23452
169,122,23449
169,123,23451
169,124,23578
169,125,23624
169,126,23621
169,161,23622
169,162,23735
169,163,23713
169,164,23736
169,165,23721
169,166,23723
169,167,23729
169,168,23731
169,169,24088
169,170,24090
169,171,24086
169,172,24085
169,173,24091
169,174,24081
169,175,24184
169,176,24218
169,177,24215
169,178,24220
169,179,24213
169,180,24214
169,181,24310
169,182,24358
169,183,24359
169,184,24361
169,185,24448
169,186,24449
169,187,24447
169,188,24444
169,189,24541
169,190,24544
169,191,24573
169,192,24565
169,193,24575
169,194,24591
169,195,24596
169,196,24623
169,197,24629
169,198,24598
169,199,24618
169,200,24597
169,201,24609
169,202,24615
169,203,24617
169,204,24619
169,205,24603
169,206,25110
169,207,25109
169,208,25151
169,209,25150
169,210,25152
169,211,25215
169,212,25289
169,213,25292
169,214,25284
169,215,25279
169,216,25282
169,217,25273
169,218,25298
169,219,25307
169,220,25259
169,221,25299
169,222,25300
169,223,25291
169,224,25288
169,225,25256
169,226,25277
169,227,25276
169,228,25296
169,229,25305
169,230,25287
169,231,25293
169,232,25269
169,233,25306
169,234,25265
169,235,25304
169,236,25302
169,237,25303
169,238,25286
169,239,25260
169,240,25294
169,241,25918
169,242,26023
169,243,26044
169,244,26106
169,245,26132
169,246,26131
169,247,26124
169,248,26118
169,249,26114
169,250,26126
169,251,26112
169,252,26127
169,253,26133
169,254,26122
170,64,26119
170,65,26381
170,66,26379
170,67,26477
170,68,26507
170,69,26517
170,70,26481
170,71,26524
170,72,26483
170,73,26487
170,74,26503
170,75,26525
170,76,26519
170,77,26479
170,78,26480
170,79,26495
170,80,26505
170,81,26494
170,82,26512
170,83,26485
170,84,26522
170,85,26515
170,86,26492
170,87,26474
170,88,26482
170,89,27427
170,90,27494
170,91,27495
170,92,27519
170,93,27667
170,94,27675
170,95,27875
170,96,27880
170,97,27891
170,98,27825
170,99,27852
170,100,27877
170,101,27827
170,102,27837
170,103,27838
170,104,27836
170,105,27874
170,106,27819
170,107,27861
170,108,27859
170,109,27832
170,110,27844
170,111,27833
170,112,27841
170,113,27822
170,114,27863
170,115,27845
170,116,27889
170,117,27839
170,118,27835
170,119,27873
170,120,27867
170,121,27850
170,122,27820
170,123,27887
170,124,27868
170,125,27862
170,126,27872
170,161,28821
170,162,28814
170,163,28818
170,164,28810
170,165,28825
170,166,29228
170,167,29229
170,168,29240
170,169,29256
170,170,29287
170,171,29289
170,172,29376
170,173,29390
170,174,29401
170,175,29399
170,176,29392
170,177,29609
170,178,29608
170,179,29599
170,180,29611
170,181,29605
170,182,30013
170,183,30109
170,184,30105
170,185,30106
170,186,30340
170,187,30402
170,188,30450
170,189,30452
170,190,30693
170,191,30717
170,192,31038
170,193,31040
170,194,31041
170,195,31177
170,196,31176
170,197,31354
170,198,31353
170,199,31482
170,200,31998
170,201,32596
170,202,32652
170,203,32651
170,204,32773
170,205,32954
170,206,32933
170,207,32930
170,208,32945
170,209,32929
170,210,32939
170,211,32937
170,212,32948
170,213,32938
170,214,32943
170,215,33253
170,216,33278
170,217,33293
170,218,33459
170,219,33437
170,220,33433
170,221,33453
170,222,33469
170,223,33439
170,224,33465
170,225,33457
170,226,33452
170,227,33445
170,228,33455
170,229,33464
170,230,33443
170,231,33456
170,232,33470
170,233,33463
170,234,34382
170,235,34417
170,236,21021
170,237,34920
170,238,36555
170,239,36814
170,240,36820
170,241,36817
170,242,37045
170,243,37048
170,244,37041
170,245,37046
170,246,37319
170,247,37329
170,248,38263
170,249,38272
170,250,38428
170,251,38464
170,252,38463
170,253,38459
170,254,38468
171,64,38466
171,65,38585
171,66,38632
171,67,38738
171,68,38750
171,69,20127
171,70,20141
171,71,20142
171,72,20449
171,73,20405
171,74,20399
171,75,20415
171,76,20448
171,77,20433
171,78,20431
171,79,20445
171,80,20419
171,81,20406
171,82,20440
171,83,20447
171,84,20426
171,85,20439
171,86,20398
171,87,20432
171,88,20420
171,89,20418
171,90,20442
171,91,20430
171,92,20446
171,93,20407
171,94,20823
171,95,20882
171,96,20881
171,97,20896
171,98,21070
171,99,21059
171,100,21066
171,101,21069
171,102,21068
171,103,21067
171,104,21063
171,105,21191
171,106,21193
171,107,21187
171,108,21185
171,109,21261
171,110,21335
171,111,21371
171,112,21402
171,113,21467
171,114,21676
171,115,21696
171,116,21672
171,117,21710
171,118,21705
171,119,21688
171,120,21670
171,121,21683
171,122,21703
171,123,21698
171,124,21693
171,125,21674
171,126,21697
171,161,21700
171,162,21704
171,163,21679
171,164,21675
171,165,21681
171,166,21691
171,167,21673
171,168,21671
171,169,21695
171,170,22271
171,171,22402
171,172,22411
171,173,22432
171,174,22435
171,175,22434
171,176,22478
171,177,22446
171,178,22419
171,179,22869
171,180,22865
171,181,22863
171,182,22862
171,183,22864
171,184,23004
171,185,23000
171,186,23039
171,187,23011
171,188,23016
171,189,23043
171,190,23013
171,191,23018
171,192,23002
171,193,23014
171,194,23041
171,195,23035
171,196,23401
171,197,23459
171,198,23462
171,199,23460
171,200,23458
171,201,23461
171,202,23553
171,203,23630
171,204,23631
171,205,23629
171,206,23627
171,207,23769
171,208,23762
171,209,24055
171,210,24093
171,211,24101
171,212,24095
171,213,24189
171,214,24224
171,215,24230
171,216,24314
171,217,24328
171,218,24365
171,219,24421
171,220,24456
171,221,24453
171,222,24458
171,223,24459
171,224,24455
171,225,24460
171,226,24457
171,227,24594
171,228,24605
171,229,24608
171,230,24613
171,231,24590
171,232,24616
171,233,24653
171,234,24688
171,235,24680
171,236,24674
171,237,24646
171,238,24643
171,239,24684
171,240,24683
171,241,24682
171,242,24676
171,243,25153
171,244,25308
171,245,25366
171,246,25353
171,247,25340
171,248,25325
171,249,25345
171,250,25326
171,251,25341
171,252,25351
171,253,25329
171,254,25335
172,64,25327
172,65,25324
172,66,25342
172,67,25332
172,68,25361
172,69,25346
172,70,25919
172,71,25925
172,72,26027
172,73,26045
172,74,26082
172,75,26149
172,76,26157
172,77,26144
172,78,26151
172,79,26159
172,80,26143
172,81,26152
172,82,26161
172,83,26148
172,84,26359
172,85,26623
172,86,26579
172,87,26609
172,88,26580
172,89,26576
172,90,26604
172,91,26550
172,92,26543
172,93,26613
172,94,26601
172,95,26607
172,96,26564
172,97,26577
172,98,26548
172,99,26586
172,100,26597
172,101,26552
172,102,26575
172,103,26590
172,104,26611
172,105,26544
172,106,26585
172,107,26594
172,108,26589
172,109,26578
172,110,27498
172,111,27523
172,112,27526
172,113,27573
172,114,27602
172,115,27607
172,116,27679
172,117,27849
172,118,27915
172,119,27954
172,120,27946
172,121,27969
172,122,27941
172,123,27916
172,124,27953
172,125,27934
172,126,27927
172,161,27963
172,162,27965
172,163,27966
172,164,27958
172,165,27931
172,166,27893
172,167,27961
172,168,27943
172,169,27960
172,170,27945
172,171,27950
172,172,27957
172,173,27918
172,174,27947
172,175,28843
172,176,28858
172,177,28851
172,178,28844
172,179,28847
172,180,28845
172,181,28856
172,182,28846
172,183,28836
172,184,29232
172,185,29298
172,186,29295
172,187,29300
172,188,29417
172,189,29408
172,190,29409
172,191,29623
172,192,29642
172,193,29627
172,194,29618
172,195,29645
172,196,29632
172,197,29619
172,198,29978
172,199,29997
172,200,30031
172,201,30028
172,202,30030
172,203,30027
172,204,30123
172,205,30116
172,206,30117
172,207,30114
172,208,30115
172,209,30328
172,210,30342
172,211,30343
172,212,30344
172,213,30408
172,214,30406
172,215,30403
172,216,30405
172,217,30465
172,218,30457
172,219,30456
172,220,30473
172,221,30475
172,222,30462
172,223,30460
172,224,30471
172,225,30684
172,226,30722
172,227,30740
172,228,30732
172,229,30733
172,230,31046
172,231,31049
172,232,31048
172,233,31047
172,234,31161
172,235,31162
172,236,31185
172,237,31186
172,238,31179
172,239,31359
172,240,31361
172,241,31487
172,242,31485
172,243,31869
172,244,32002
172,245,32005
172,246,32000
172,247,32009
172,248,32007
172,249,32004
172,250,32006
172,251,32568
172,252,32654
172,253,32703
172,254,32772
173,64,32784
173,65,32781
173,66,32785
173,67,32822
173,68,32982
173,69,32997
173,70,32986
173,71,32963
173,72,32964
173,73,32972
173,74,32993
173,75,32987
173,76,32974
173,77,32990
173,78,32996
173,79,32989
173,80,33268
173,81,33314
173,82,33511
173,83,33539
173,84,33541
173,85,33507
173,86,33499
173,87,33510
173,88,33540
173,89,33509
173,90,33538
173,91,33545
173,92,33490
173,93,33495
173,94,33521
173,95,33537
173,96,33500
173,97,33492
173,98,33489
173,99,33502
173,100,33491
173,101,33503
173,102,33519
173,103,33542
173,104,34384
173,105,34425
173,106,34427
173,107,34426
173,108,34893
173,109,34923
173,110,35201
173,111,35284
173,112,35336
173,113,35330
173,114,35331
173,115,35998
173,116,36000
173,117,36212
173,118,36211
173,119,36276
173,120,36557
173,121,36556
173,122,36848
173,123,36838
173,124,36834
173,125,36842
173,126,36837
173,161,36845
173,162,36843
173,163,36836
173,164,36840
173,165,37066
173,166,37070
173,167,37057
173,168,37059
173,169,37195
173,170,37194
173,171,37325
173,172,38274
173,173,38480
173,174,38475
173,175,38476
173,176,38477
173,177,38754
173,178,38761
173,179,38859
173,180,38893
173,181,38899
173,182,38913
173,183,39080
173,184,39131
173,185,39135
173,186,39318
173,187,39321
173,188,20056
173,189,20147
173,190,20492
173,191,20493
173,192,20515
173,193,20463
173,194,20518
173,195,20517
173,196,20472
173,197,20521
173,198,20502
173,199,20486
173,200,20540
173,201,20511
173,202,20506
173,203,20498
173,204,20497
173,205,20474
173,206,20480
173,207,20500
173,208,20520
173,209,20465
173,210,20513
173,211,20491
173,212,20505
173,213,20504
173,214,20467
173,215,20462
173,216,20525
173,217,20522
173,218,20478
173,219,20523
173,220,20489
173,221,20860
173,222,20900
173,223,20901
173,224,20898
173,225,20941
173,226,20940
173,227,20934
173,228,20939
173,229,21078
173,230,21084
173,231,21076
173,232,21083
173,233,21085
173,234,21290
173,235,21375
173,236,21407
173,237,21405
173,238,21471
173,239,21736
173,240,21776
173,241,21761
173,242,21815
173,243,21756
173,244,21733
173,245,21746
173,246,21766
173,247,21754
173,248,21780
173,249,21737
173,250,21741
173,251,21729
173,252,21769
173,253,21742
173,254,21738
174,64,21734
174,65,21799
174,66,21767
174,67,21757
174,68,21775
174,69,22275
174,70,22276
174,71,22466
174,72,22484
174,73,22475
174,74,22467
174,75,22537
174,76,22799
174,77,22871
174,78,22872
174,79,22874
174,80,23057
174,81,23064
174,82,23068
174,83,23071
174,84,23067
174,85,23059
174,86,23020
174,87,23072
174,88,23075
174,89,23081
174,90,23077
174,91,23052
174,92,23049
174,93,23403
174,94,23640
174,95,23472
174,96,23475
174,97,23478
174,98,23476
174,99,23470
174,100,23477
174,101,23481
174,102,23480
174,103,23556
174,104,23633
174,105,23637
174,106,23632
174,107,23789
174,108,23805
174,109,23803
174,110,23786
174,111,23784
174,112,23792
174,113,23798
174,114,23809
174,115,23796
174,116,24046
174,117,24109
174,118,24107
174,119,24235
174,120,24237
174,121,24231
174,122,24369
174,123,24466
174,124,24465
174,125,24464
174,126,24665
174,161,24675
174,162,24677
174,163,24656
174,164,24661
174,165,24685
174,166,24681
174,167,24687
174,168,24708
174,169,24735
174,170,24730
174,171,24717
174,172,24724
174,173,24716
174,174,24709
174,175,24726
174,176,25159
174,177,25331
174,178,25352
174,179,25343
174,180,25422
174,181,25406
174,182,25391
174,183,25429
174,184,25410
174,185,25414
174,186,25423
174,187,25417
174,188,25402
174,189,25424
174,190,25405
174,191,25386
174,192,25387
174,193,25384
174,194,25421
174,195,25420
174,196,25928
174,197,25929
174,198,26009
174,199,26049
174,200,26053
174,201,26178
174,202,26185
174,203,26191
174,204,26179
174,205,26194
174,206,26188
174,207,26181
174,208,26177
174,209,26360
174,210,26388
174,211,26389
174,212,26391
174,213,26657
174,214,26680
174,215,26696
174,216,26694
174,217,26707
174,218,26681
174,219,26690
174,220,26708
174,221,26665
174,222,26803
174,223,26647
174,224,26700
174,225,26705
174,226,26685
174,227,26612
174,228,26704
174,229,26688
174,230,26684
174,231,26691
174,232,26666
174,233,26693
174,234,26643
174,235,26648
174,236,26689
174,237,27530
174,238,27529
174,239,27575
174,240,27683
174,241,27687
174,242,27688
174,243,27686
174,244,27684
174,245,27888
174,246,28010
174,247,28053
174,248,28040
174,249,28039
174,250,28006
174,251,28024
174,252,28023
174,253,27993
174,254,28051
175,64,28012
175,65,28041
175,66,28014
175,67,27994
175,68,28020
175,69,28009
175,70,28044
175,71,28042
175,72,28025
175,73,28037
175,74,28005
175,75,28052
175,76,28874
175,77,28888
175,78,28900
175,79,28889
175,80,28872
175,81,28879
175,82,29241
175,83,29305
175,84,29436
175,85,29433
175,86,29437
175,87,29432
175,88,29431
175,89,29574
175,90,29677
175,91,29705
175,92,29678
175,93,29664
175,94,29674
175,95,29662
175,96,30036
175,97,30045
175,98,30044
175,99,30042
175,100,30041
175,101,30142
175,102,30149
175,103,30151
175,104,30130
175,105,30131
175,106,30141
175,107,30140
175,108,30137
175,109,30146
175,110,30136
175,111,30347
175,112,30384
175,113,30410
175,114,30413
175,115,30414
175,116,30505
175,117,30495
175,118,30496
175,119,30504
175,120,30697
175,121,30768
175,122,30759
175,123,30776
175,124,30749
175,125,30772
175,126,30775
175,161,30757
175,162,30765
175,163,30752
175,164,30751
175,165,30770
175,166,31061
175,167,31056
175,168,31072
175,169,31071
175,170,31062
175,171,31070
175,172,31069
175,173,31063
175,174,31066
175,175,31204
175,176,31203
175,177,31207
175,178,31199
175,179,31206
175,180,31209
175,181,31192
175,182,31364
175,183,31368
175,184,31449
175,185,31494
175,186,31505
175,187,31881
175,188,32033
175,189,32023
175,190,32011
175,191,32010
175,192,32032
175,193,32034
175,194,32020
175,195,32016
175,196,32021
175,197,32026
175,198,32028
175,199,32013
175,200,32025
175,201,32027
175,202,32570
175,203,32607
175,204,32660
175,205,32709
175,206,32705
175,207,32774
175,208,32792
175,209,32789
175,210,32793
175,211,32791
175,212,32829
175,213,32831
175,214,33009
175,215,33026
175,216,33008
175,217,33029
175,218,33005
175,219,33012
175,220,33030
175,221,33016
175,222,33011
175,223,33032
175,224,33021
175,225,33034
175,226,33020
175,227,33007
175,228,33261
175,229,33260
175,230,33280
175,231,33296
175,232,33322
175,233,33323
175,234,33320
175,235,33324
175,236,33467
175,237,33579
175,238,33618
175,239,33620
175,240,33610
175,241,33592
175,242,33616
175,243,33609
175,244,33589
175,245,33588
175,246,33615
175,247,33586
175,248,33593
175,249,33590
175,250,33559
175,251,33600
175,252,33585
175,253,33576
175,254,33603
176,64,34388
176,65,34442
176,66,34474
176,67,34451
176,68,34468
176,69,34473
176,70,34444
176,71,34467
176,72,34460
176,73,34928
176,74,34935
176,75,34945
176,76,34946
176,77,34941
176,78,34937
176,79,35352
176,80,35344
176,81,35342
176,82,35340
176,83,35349
176,84,35338
176,85,35351
176,86,35347
176,87,35350
176,88,35343
176,89,35345
176,90,35912
176,91,35962
176,92,35961
176,93,36001
176,94,36002
176,95,36215
176,96,36524
176,97,36562
176,98,36564
176,99,36559
176,100,36785
176,101,36865
176,102,36870
176,103,36855
176,104,36864
176,105,36858
176,106,36852
176,107,36867
176,108,36861
176,109,36869
176,110,36856
176,111,37013
176,112,37089
176,113,37085
176,114,37090
176,115,37202
176,116,37197
176,117,37196
176,118,37336
176,119,37341
176,120,37335
176,121,37340
176,122,37337
176,123,38275
176,124,38498
176,125,38499
176,126,38497
176,161,38491
176,162,38493
176,163,38500
176,164,38488
176,165,38494
176,166,38587
176,167,39138
176,168,39340
176,169,39592
176,170,39640
176,171,39717
176,172,39730
176,173,39740
176,174,20094
176,175,20602
176,176,20605
176,177,20572
176,178,20551
176,179,20547
176,180,20556
176,181,20570
176,182,20553
176,183,20581
176,184,20598
176,185,20558
176,186,20565
176,187,20597
176,188,20596
176,189,20599
176,190,20559
176,191,20495
176,192,20591
176,193,20589
176,194,20828
176,195,20885
176,196,20976
176,197,21098
176,198,21103
176,199,21202
176,200,21209
176,201,21208
176,202,21205
176,203,21264
176,204,21263
176,205,21273
176,206,21311
176,207,21312
176,208,21310
176,209,21443
176,210,26364
176,211,21830
176,212,21866
176,213,21862
176,214,21828
176,215,21854
176,216,21857
176,217,21827
176,218,21834
176,219,21809
176,220,21846
176,221,21839
176,222,21845
176,223,21807
176,224,21860
176,225,21816
176,226,21806
176,227,21852
176,228,21804
176,229,21859
176,230,21811
176,231,21825
176,232,21847
176,233,22280
176,234,22283
176,235,22281
176,236,22495
176,237,22533
176,238,22538
176,239,22534
176,240,22496
176,241,22500
176,242,22522
176,243,22530
176,244,22581
176,245,22519
176,246,22521
176,247,22816
176,248,22882
176,249,23094
176,250,23105
176,251,23113
176,252,23142
176,253,23146
176,254,23104
177,64,23100
177,65,23138
177,66,23130
177,67,23110
177,68,23114
177,69,23408
177,70,23495
177,71,23493
177,72,23492
177,73,23490
177,74,23487
177,75,23494
177,76,23561
177,77,23560
177,78,23559
177,79,23648
177,80,23644
177,81,23645
177,82,23815
177,83,23814
177,84,23822
177,85,23835
177,86,23830
177,87,23842
177,88,23825
177,89,23849
177,90,23828
177,91,23833
177,92,23844
177,93,23847
177,94,23831
177,95,24034
177,96,24120
177,97,24118
177,98,24115
177,99,24119
177,100,24247
177,101,24248
177,102,24246
177,103,24245
177,104,24254
177,105,24373
177,106,24375
177,107,24407
177,108,24428
177,109,24425
177,110,24427
177,111,24471
177,112,24473
177,113,24478
177,114,24472
177,115,24481
177,116,24480
177,117,24476
177,118,24703
177,119,24739
177,120,24713
177,121,24736
177,122,24744
177,123,24779
177,124,24756
177,125,24806
177,126,24765
177,161,24773
177,162,24763
177,163,24757
177,164,24796
177,165,24764
177,166,24792
177,167,24789
177,168,24774
177,169,24799
177,170,24760
177,171,24794
177,172,24775
177,173,25114
177,174,25115
177,175,25160
177,176,25504
177,177,25511
177,178,25458
177,179,25494
177,180,25506
177,181,25509
177,182,25463
177,183,25447
177,184,25496
177,185,25514
177,186,25457
177,187,25513
177,188,25481
177,189,25475
177,190,25499
177,191,25451
177,192,25512
177,193,25476
177,194,25480
177,195,25497
177,196,25505
177,197,25516
177,198,25490
177,199,25487
177,200,25472
177,201,25467
177,202,25449
177,203,25448
177,204,25466
177,205,25949
177,206,25942
177,207,25937
177,208,25945
177,209,25943
177,210,21855
177,211,25935
177,212,25944
177,213,25941
177,214,25940
177,215,26012
177,216,26011
177,217,26028
177,218,26063
177,219,26059
177,220,26060
177,221,26062
177,222,26205
177,223,26202
177,224,26212
177,225,26216
177,226,26214
177,227,26206
177,228,26361
177,229,21207
177,230,26395
177,231,26753
177,232,26799
177,233,26786
177,234,26771
177,235,26805
177,236,26751
177,237,26742
177,238,26801
177,239,26791
177,240,26775
177,241,26800
177,242,26755
177,243,26820
177,244,26797
177,245,26758
177,246,26757
177,247,26772
177,248,26781
177,249,26792
177,250,26783
177,251,26785
177,252,26754
177,253,27442
177,254,27578
178,64,27627
178,65,27628
178,66,27691
178,67,28046
178,68,28092
178,69,28147
178,70,28121
178,71,28082
178,72,28129
178,73,28108
178,74,28132
178,75,28155
178,76,28154
178,77,28165
178,78,28103
178,79,28107
178,80,28079
178,81,28113
178,82,28078
178,83,28126
178,84,28153
178,85,28088
178,86,28151
178,87,28149
178,88,28101
178,89,28114
178,90,28186
178,91,28085
178,92,28122
178,93,28139
178,94,28120
178,95,28138
178,96,28145
178,97,28142
178,98,28136
178,99,28102
178,100,28100
178,101,28074
178,102,28140
178,103,28095
178,104,28134
178,105,28921
178,106,28937
178,107,28938
178,108,28925
178,109,28911
178,110,29245
178,111,29309
178,112,29313
178,113,29468
178,114,29467
178,115,29462
178,116,29459
178,117,29465
178,118,29575
178,119,29701
178,120,29706
178,121,29699
178,122,29702
178,123,29694
178,124,29709
178,125,29920
178,126,29942
178,161,29943
178,162,29980
178,163,29986
178,164,30053
178,165,30054
178,166,30050
178,167,30064
178,168,30095
178,169,30164
178,170,30165
178,171,30133
178,172,30154
178,173,30157
178,174,30350
178,175,30420
178,176,30418
178,177,30427
178,178,30519
178,179,30526
178,180,30524
178,181,30518
178,182,30520
178,183,30522
178,184,30827
178,185,30787
178,186,30798
178,187,31077
178,188,31080
178,189,31085
178,190,31227
178,191,31378
178,192,31381
178,193,31520
178,194,31528
178,195,31515
178,196,31532
178,197,31526
178,198,31513
178,199,31518
178,200,31534
178,201,31890
178,202,31895
178,203,31893
178,204,32070
178,205,32067
178,206,32113
178,207,32046
178,208,32057
178,209,32060
178,210,32064
178,211,32048
178,212,32051
178,213,32068
178,214,32047
178,215,32066
178,216,32050
178,217,32049
178,218,32573
178,219,32670
178,220,32666
178,221,32716
178,222,32718
178,223,32722
178,224,32796
178,225,32842
178,226,32838
178,227,33071
178,228,33046
178,229,33059
178,230,33067
178,231,33065
178,232,33072
178,233,33060
178,234,33282
178,235,33333
178,236,33335
178,237,33334
178,238,33337
178,239,33678
178,240,33694
178,241,33688
178,242,33656
178,243,33698
178,244,33686
178,245,33725
178,246,33707
178,247,33682
178,248,33674
178,249,33683
178,250,33673
178,251,33696
178,252,33655
178,253,33659
178,254,33660
179,64,33670
179,65,33703
179,66,34389
179,67,24426
179,68,34503
179,69,34496
179,70,34486
179,71,34500
179,72,34485
179,73,34502
179,74,34507
179,75,34481
179,76,34479
179,77,34505
179,78,34899
179,79,34974
179,80,34952
179,81,34987
179,82,34962
179,83,34966
179,84,34957
179,85,34955
179,86,35219
179,87,35215
179,88,35370
179,89,35357
179,90,35363
179,91,35365
179,92,35377
179,93,35373
179,94,35359
179,95,35355
179,96,35362
179,97,35913
179,98,35930
179,99,36009
179,100,36012
179,101,36011
179,102,36008
179,103,36010
179,104,36007
179,105,36199
179,106,36198
179,107,36286
179,108,36282
179,109,36571
179,110,36575
179,111,36889
179,112,36877
179,113,36890
179,114,36887
179,115,36899
179,116,36895
179,117,36893
179,118,36880
179,119,36885
179,120,36894
179,121,36896
179,122,36879
179,123,36898
179,124,36886
179,125,36891
179,126,36884
179,161,37096
179,162,37101
179,163,37117
179,164,37207
179,165,37326
179,166,37365
179,167,37350
179,168,37347
179,169,37351
179,170,37357
179,171,37353
179,172,38281
179,173,38506
179,174,38517
179,175,38515
179,176,38520
179,177,38512
179,178,38516
179,179,38518
179,180,38519
179,181,38508
179,182,38592
179,183,38634
179,184,38633
179,185,31456
179,186,31455
179,187,38914
179,188,38915
179,189,39770
179,190,40165
179,191,40565
179,192,40575
179,193,40613
179,194,40635
179,195,20642
179,196,20621
179,197,20613
179,198,20633
179,199,20625
179,200,20608
179,201,20630
179,202,20632
179,203,20634
179,204,26368
179,205,20977
179,206,21106
179,207,21108
179,208,21109
179,209,21097
179,210,21214
179,211,21213
179,212,21211
179,213,21338
179,214,21413
179,215,21883
179,216,21888
179,217,21927
179,218,21884
179,219,21898
179,220,21917
179,221,21912
179,222,21890
179,223,21916
179,224,21930
179,225,21908
179,226,21895
179,227,21899
179,228,21891
179,229,21939
179,230,21934
179,231,21919
179,232,21822
179,233,21938
179,234,21914
179,235,21947
179,236,21932
179,237,21937
179,238,21886
179,239,21897
179,240,21931
179,241,21913
179,242,22285
179,243,22575
179,244,22570
179,245,22580
179,246,22564
179,247,22576
179,248,22577
179,249,22561
179,250,22557
179,251,22560
179,252,22777
179,253,22778
179,254,22880
180,64,23159
180,65,23194
180,66,23167
180,67,23186
180,68,23195
180,69,23207
180,70,23411
180,71,23409
180,72,23506
180,73,23500
180,74,23507
180,75,23504
180,76,23562
180,77,23563
180,78,23601
180,79,23884
180,80,23888
180,81,23860
180,82,23879
180,83,24061
180,84,24133
180,85,24125
180,86,24128
180,87,24131
180,88,24190
180,89,24266
180,90,24257
180,91,24258
180,92,24260
180,93,24380
180,94,24429
180,95,24489
180,96,24490
180,97,24488
180,98,24785
180,99,24801
180,100,24754
180,101,24758
180,102,24800
180,103,24860
180,104,24867
180,105,24826
180,106,24853
180,107,24816
180,108,24827
180,109,24820
180,110,24936
180,111,24817
180,112,24846
180,113,24822
180,114,24841
180,115,24832
180,116,24850
180,117,25119
180,118,25161
180,119,25507
180,120,25484
180,121,25551
180,122,25536
180,123,25577
180,124,25545
180,125,25542
180,126,25549
180,161,25554
180,162,25571
180,163,25552
180,164,25569
180,165,25558
180,166,25581
180,167,25582
180,168,25462
180,169,25588
180,170,25578
180,171,25563
180,172,25682
180,173,25562
180,174,25593
180,175,25950
180,176,25958
180,177,25954
180,178,25955
180,179,26001
180,180,26000
180,181,26031
180,182,26222
180,183,26224
180,184,26228
180,185,26230
180,186,26223
180,187,26257
180,188,26234
180,189,26238
180,190,26231
180,191,26366
180,192,26367
180,193,26399
180,194,26397
180,195,26874
180,196,26837
180,197,26848
180,198,26840
180,199,26839
180,200,26885
180,201,26847
180,202,26869
180,203,26862
180,204,26855
180,205,26873
180,206,26834
180,207,26866
180,208,26851
180,209,26827
180,210,26829
180,211,26893
180,212,26898
180,213,26894
180,214,26825
180,215,26842
180,216,26990
180,217,26875
180,218,27454
180,219,27450
180,220,27453
180,221,27544
180,222,27542
180,223,27580
180,224,27631
180,225,27694
180,226,27695
180,227,27692
180,228,28207
180,229,28216
180,230,28244
180,231,28193
180,232,28210
180,233,28263
180,234,28234
180,235,28192
180,236,28197
180,237,28195
180,238,28187
180,239,28251
180,240,28248
180,241,28196
180,242,28246
180,243,28270
180,244,28205
180,245,28198
180,246,28271
180,247,28212
180,248,28237
180,249,28218
180,250,28204
180,251,28227
180,252,28189
180,253,28222
180,254,28363
181,64,28297
181,65,28185
181,66,28238
181,67,28259
181,68,28228
181,69,28274
181,70,28265
181,71,28255
181,72,28953
181,73,28954
181,74,28966
181,75,28976
181,76,28961
181,77,28982
181,78,29038
181,79,28956
181,80,29260
181,81,29316
181,82,29312
181,83,29494
181,84,29477
181,85,29492
181,86,29481
181,87,29754
181,88,29738
181,89,29747
181,90,29730
181,91,29733
181,92,29749
181,93,29750
181,94,29748
181,95,29743
181,96,29723
181,97,29734
181,98,29736
181,99,29989
181,100,29990
181,101,30059
181,102,30058
181,103,30178
181,104,30171
181,105,30179
181,106,30169
181,107,30168
181,108,30174
181,109,30176
181,110,30331
181,111,30332
181,112,30358
181,113,30355
181,114,30388
181,115,30428
181,116,30543
181,117,30701
181,118,30813
181,119,30828
181,120,30831
181,121,31245
181,122,31240
181,123,31243
181,124,31237
181,125,31232
181,126,31384
181,161,31383
181,162,31382
181,163,31461
181,164,31459
181,165,31561
181,166,31574
181,167,31558
181,168,31568
181,169,31570
181,170,31572
181,171,31565
181,172,31563
181,173,31567
181,174,31569
181,175,31903
181,176,31909
181,177,32094
181,178,32080
181,179,32104
181,180,32085
181,181,32043
181,182,32110
181,183,32114
181,184,32097
181,185,32102
181,186,32098
181,187,32112
181,188,32115
181,189,21892
181,190,32724
181,191,32725
181,192,32779
181,193,32850
181,194,32901
181,195,33109
181,196,33108
181,197,33099
181,198,33105
181,199,33102
181,200,33081
181,201,33094
181,202,33086
181,203,33100
181,204,33107
181,205,33140
181,206,33298
181,207,33308
181,208,33769
181,209,33795
181,210,33784
181,211,33805
181,212,33760
181,213,33733
181,214,33803
181,215,33729
181,216,33775
181,217,33777
181,218,33780
181,219,33879
181,220,33802
181,221,33776
181,222,33804
181,223,33740
181,224,33789
181,225,33778
181,226,33738
181,227,33848
181,228,33806
181,229,33796
181,230,33756
181,231,33799
181,232,33748
181,233,33759
181,234,34395
181,235,34527
181,236,34521
181,237,34541
181,238,34516
181,239,34523
181,240,34532
181,241,34512
181,242,34526
181,243,34903
181,244,35009
181,245,35010
181,246,34993
181,247,35203
181,248,35222
181,249,35387
181,250,35424
181,251,35413
181,252,35422
181,253,35388
181,254,35393
182,64,35412
182,65,35419
182,66,35408
182,67,35398
182,68,35380
182,69,35386
182,70,35382
182,71,35414
182,72,35937
182,73,35970
182,74,36015
182,75,36028
182,76,36019
182,77,36029
182,78,36033
182,79,36027
182,80,36032
182,81,36020
182,82,36023
182,83,36022
182,84,36031
182,85,36024
182,86,36234
182,87,36229
182,88,36225
182,89,36302
182,90,36317
182,91,36299
182,92,36314
182,93,36305
182,94,36300
182,95,36315
182,96,36294
182,97,36603
182,98,36600
182,99,36604
182,100,36764
182,101,36910
182,102,36917
182,103,36913
182,104,36920
182,105,36914
182,106,36918
182,107,37122
182,108,37109
182,109,37129
182,110,37118
182,111,37219
182,112,37221
182,113,37327
182,114,37396
182,115,37397
182,116,37411
182,117,37385
182,118,37406
182,119,37389
182,120,37392
182,121,37383
182,122,37393
182,123,38292
182,124,38287
182,125,38283
182,126,38289
182,161,38291
182,162,38290
182,163,38286
182,164,38538
182,165,38542
182,166,38539
182,167,38525
182,168,38533
182,169,38534
182,170,38541
182,171,38514
182,172,38532
182,173,38593
182,174,38597
182,175,38596
182,176,38598
182,177,38599
182,178,38639
182,179,38642
182,180,38860
182,181,38917
182,182,38918
182,183,38920
182,184,39143
182,185,39146
182,186,39151
182,187,39145
182,188,39154
182,189,39149
182,190,39342
182,191,39341
182,192,40643
182,193,40653
182,194,40657
182,195,20098
182,196,20653
182,197,20661
182,198,20658
182,199,20659
182,200,20677
182,201,20670
182,202,20652
182,203,20663
182,204,20667
182,205,20655
182,206,20679
182,207,21119
182,208,21111
182,209,21117
182,210,21215
182,211,21222
182,212,21220
182,213,21218
182,214,21219
182,215,21295
182,216,21983
182,217,21992
182,218,21971
182,219,21990
182,220,21966
182,221,21980
182,222,21959
182,223,21969
182,224,21987
182,225,21988
182,226,21999
182,227,21978
182,228,21985
182,229,21957
182,230,21958
182,231,21989
182,232,21961
182,233,22290
182,234,22291
182,235,22622
182,236,22609
182,237,22616
182,238,22615
182,239,22618
182,240,22612
182,241,22635
182,242,22604
182,243,22637
182,244,22602
182,245,22626
182,246,22610
182,247,22603
182,248,22887
182,249,23233
182,250,23241
182,251,23244
182,252,23230
182,253,23229
182,254,23228
183,64,23219
183,65,23234
183,66,23218
183,67,23913
183,68,23919
183,69,24140
183,70,24185
183,71,24265
183,72,24264
183,73,24338
183,74,24409
183,75,24492
183,76,24494
183,77,24858
183,78,24847
183,79,24904
183,80,24863
183,81,24819
183,82,24859
183,83,24825
183,84,24833
183,85,24840
183,86,24910
183,87,24908
183,88,24900
183,89,24909
183,90,24894
183,91,24884
183,92,24871
183,93,24845
183,94,24838
183,95,24887
183,96,25121
183,97,25122
183,98,25619
183,99,25662
183,100,25630
183,101,25642
183,102,25645
183,103,25661
183,104,25644
183,105,25615
183,106,25628
183,107,25620
183,108,25613
183,109,25654
183,110,25622
183,111,25623
183,112,25606
183,113,25964
183,114,26015
183,115,26032
183,116,26263
183,117,26249
183,118,26247
183,119,26248
183,120,26262
183,121,26244
183,122,26264
183,123,26253
183,124,26371
183,125,27028
183,126,26989
183,161,26970
183,162,26999
183,163,26976
183,164,26964
183,165,26997
183,166,26928
183,167,27010
183,168,26954
183,169,26984
183,170,26987
183,171,26974
183,172,26963
183,173,27001
183,174,27014
183,175,26973
183,176,26979
183,177,26971
183,178,27463
183,179,27506
183,180,27584
183,181,27583
183,182,27603
183,183,27645
183,184,28322
183,185,28335
183,186,28371
183,187,28342
183,188,28354
183,189,28304
183,190,28317
183,191,28359
183,192,28357
183,193,28325
183,194,28312
183,195,28348
183,196,28346
183,197,28331
183,198,28369
183,199,28310
183,200,28316
183,201,28356
183,202,28372
183,203,28330
183,204,28327
183,205,28340
183,206,29006
183,207,29017
183,208,29033
183,209,29028
183,210,29001
183,211,29031
183,212,29020
183,213,29036
183,214,29030
183,215,29004
183,216,29029
183,217,29022
183,218,28998
183,219,29032
183,220,29014
183,221,29242
183,222,29266
183,223,29495
183,224,29509
183,225,29503
183,226,29502
183,227,29807
183,228,29786
183,229,29781
183,230,29791
183,231,29790
183,232,29761
183,233,29759
183,234,29785
183,235,29787
183,236,29788
183,237,30070
183,238,30072
183,239,30208
183,240,30192
183,241,30209
183,242,30194
183,243,30193
183,244,30202
183,245,30207
183,246,30196
183,247,30195
183,248,30430
183,249,30431
183,250,30555
183,251,30571
183,252,30566
183,253,30558
183,254,30563
184,64,30585
184,65,30570
184,66,30572
184,67,30556
184,68,30565
184,69,30568
184,70,30562
184,71,30702
184,72,30862
184,73,30896
184,74,30871
184,75,30872
184,76,30860
184,77,30857
184,78,30844
184,79,30865
184,80,30867
184,81,30847
184,82,31098
184,83,31103
184,84,31105
184,85,33836
184,86,31165
184,87,31260
184,88,31258
184,89,31264
184,90,31252
184,91,31263
184,92,31262
184,93,31391
184,94,31392
184,95,31607
184,96,31680
184,97,31584
184,98,31598
184,99,31591
184,100,31921
184,101,31923
184,102,31925
184,103,32147
184,104,32121
184,105,32145
184,106,32129
184,107,32143
184,108,32091
184,109,32622
184,110,32617
184,111,32618
184,112,32626
184,113,32681
184,114,32680
184,115,32676
184,116,32854
184,117,32856
184,118,32902
184,119,32900
184,120,33137
184,121,33136
184,122,33144
184,123,33125
184,124,33134
184,125,33139
184,126,33131
184,161,33145
184,162,33146
184,163,33126
184,164,33285
184,165,33351
184,166,33922
184,167,33911
184,168,33853
184,169,33841
184,170,33909
184,171,33894
184,172,33899
184,173,33865
184,174,33900
184,175,33883
184,176,33852
184,177,33845
184,178,33889
184,179,33891
184,180,33897
184,181,33901
184,182,33862
184,183,34398
184,184,34396
184,185,34399
184,186,34553
184,187,34579
184,188,34568
184,189,34567
184,190,34560
184,191,34558
184,192,34555
184,193,34562
184,194,34563
184,195,34566
184,196,34570
184,197,34905
184,198,35039
184,199,35028
184,200,35033
184,201,35036
184,202,35032
184,203,35037
184,204,35041
184,205,35018
184,206,35029
184,207,35026
184,208,35228
184,209,35299
184,210,35435
184,211,35442
184,212,35443
184,213,35430
184,214,35433
184,215,35440
184,216,35463
184,217,35452
184,218,35427
184,219,35488
184,220,35441
184,221,35461
184,222,35437
184,223,35426
184,224,35438
184,225,35436
184,226,35449
184,227,35451
184,228,35390
184,229,35432
184,230,35938
184,231,35978
184,232,35977
184,233,36042
184,234,36039
184,235,36040
184,236,36036
184,237,36018
184,238,36035
184,239,36034
184,240,36037
184,241,36321
184,242,36319
184,243,36328
184,244,36335
184,245,36339
184,246,36346
184,247,36330
184,248,36324
184,249,36326
184,250,36530
184,251,36611
184,252,36617
184,253,36606
184,254,36618
185,64,36767
185,65,36786
185,66,36939
185,67,36938
185,68,36947
185,69,36930
185,70,36948
185,71,36924
185,72,36949
185,73,36944
185,74,36935
185,75,36943
185,76,36942
185,77,36941
185,78,36945
185,79,36926
185,80,36929
185,81,37138
185,82,37143
185,83,37228
185,84,37226
185,85,37225
185,86,37321
185,87,37431
185,88,37463
185,89,37432
185,90,37437
185,91,37440
185,92,37438
185,93,37467
185,94,37451
185,95,37476
185,96,37457
185,97,37428
185,98,37449
185,99,37453
185,100,37445
185,101,37433
185,102,37439
185,103,37466
185,104,38296
185,105,38552
185,106,38548
185,107,38549
185,108,38605
185,109,38603
185,110,38601
185,111,38602
185,112,38647
185,113,38651
185,114,38649
185,115,38646
185,116,38742
185,117,38772
185,118,38774
185,119,38928
185,120,38929
185,121,38931
185,122,38922
185,123,38930
185,124,38924
185,125,39164
185,126,39156
185,161,39165
185,162,39166
185,163,39347
185,164,39345
185,165,39348
185,166,39649
185,167,40169
185,168,40578
185,169,40718
185,170,40723
185,171,40736
185,172,20711
185,173,20718
185,174,20709
185,175,20694
185,176,20717
185,177,20698
185,178,20693
185,179,20687
185,180,20689
185,181,20721
185,182,20686
185,183,20713
185,184,20834
185,185,20979
185,186,21123
185,187,21122
185,188,21297
185,189,21421
185,190,22014
185,191,22016
185,192,22043
185,193,22039
185,194,22013
185,195,22036
185,196,22022
185,197,22025
185,198,22029
185,199,22030
185,200,22007
185,201,22038
185,202,22047
185,203,22024
185,204,22032
185,205,22006
185,206,22296
185,207,22294
185,208,22645
185,209,22654
185,210,22659
185,211,22675
185,212,22666
185,213,22649
185,214,22661
185,215,22653
185,216,22781
185,217,22821
185,218,22818
185,219,22820
185,220,22890
185,221,22889
185,222,23265
185,223,23270
185,224,23273
185,225,23255
185,226,23254
185,227,23256
185,228,23267
185,229,23413
185,230,23518
185,231,23527
185,232,23521
185,233,23525
185,234,23526
185,235,23528
185,236,23522
185,237,23524
185,238,23519
185,239,23565
185,240,23650
185,241,23940
185,242,23943
185,243,24155
185,244,24163
185,245,24149
185,246,24151
185,247,24148
185,248,24275
185,249,24278
185,250,24330
185,251,24390
185,252,24432
185,253,24505
185,254,24903
186,64,24895
186,65,24907
186,66,24951
186,67,24930
186,68,24931
186,69,24927
186,70,24922
186,71,24920
186,72,24949
186,73,25130
186,74,25735
186,75,25688
186,76,25684
186,77,25764
186,78,25720
186,79,25695
186,80,25722
186,81,25681
186,82,25703
186,83,25652
186,84,25709
186,85,25723
186,86,25970
186,87,26017
186,88,26071
186,89,26070
186,90,26274
186,91,26280
186,92,26269
186,93,27036
186,94,27048
186,95,27029
186,96,27073
186,97,27054
186,98,27091
186,99,27083
186,100,27035
186,101,27063
186,102,27067
186,103,27051
186,104,27060
186,105,27088
186,106,27085
186,107,27053
186,108,27084
186,109,27046
186,110,27075
186,111,27043
186,112,27465
186,113,27468
186,114,27699
186,115,28467
186,116,28436
186,117,28414
186,118,28435
186,119,28404
186,120,28457
186,121,28478
186,122,28448
186,123,28460
186,124,28431
186,125,28418
186,126,28450
186,161,28415
186,162,28399
186,163,28422
186,164,28465
186,165,28472
186,166,28466
186,167,28451
186,168,28437
186,169,28459
186,170,28463
186,171,28552
186,172,28458
186,173,28396
186,174,28417
186,175,28402
186,176,28364
186,177,28407
186,178,29076
186,179,29081
186,180,29053
186,181,29066
186,182,29060
186,183,29074
186,184,29246
186,185,29330
186,186,29334
186,187,29508
186,188,29520
186,189,29796
186,190,29795
186,191,29802
186,192,29808
186,193,29805
186,194,29956
186,195,30097
186,196,30247
186,197,30221
186,198,30219
186,199,30217
186,200,30227
186,201,30433
186,202,30435
186,203,30596
186,204,30589
186,205,30591
186,206,30561
186,207,30913
186,208,30879
186,209,30887
186,210,30899
186,211,30889
186,212,30883
186,213,31118
186,214,31119
186,215,31117
186,216,31278
186,217,31281
186,218,31402
186,219,31401
186,220,31469
186,221,31471
186,222,31649
186,223,31637
186,224,31627
186,225,31605
186,226,31639
186,227,31645
186,228,31636
186,229,31631
186,230,31672
186,231,31623
186,232,31620
186,233,31929
186,234,31933
186,235,31934
186,236,32187
186,237,32176
186,238,32156
186,239,32189
186,240,32190
186,241,32160
186,242,32202
186,243,32180
186,244,32178
186,245,32177
186,246,32186
186,247,32162
186,248,32191
186,249,32181
186,250,32184
186,251,32173
186,252,32210
186,253,32199
186,254,32172
187,64,32624
187,65,32736
187,66,32737
187,67,32735
187,68,32862
187,69,32858
187,70,32903
187,71,33104
187,72,33152
187,73,33167
187,74,33160
187,75,33162
187,76,33151
187,77,33154
187,78,33255
187,79,33274
187,80,33287
187,81,33300
187,82,33310
187,83,33355
187,84,33993
187,85,33983
187,86,33990
187,87,33988
187,88,33945
187,89,33950
187,90,33970
187,91,33948
187,92,33995
187,93,33976
187,94,33984
187,95,34003
187,96,33936
187,97,33980
187,98,34001
187,99,33994
187,100,34623
187,101,34588
187,102,34619
187,103,34594
187,104,34597
187,105,34612
187,106,34584
187,107,34645
187,108,34615
187,109,34601
187,110,35059
187,111,35074
187,112,35060
187,113,35065
187,114,35064
187,115,35069
187,116,35048
187,117,35098
187,118,35055
187,119,35494
187,120,35468
187,121,35486
187,122,35491
187,123,35469
187,124,35489
187,125,35475
187,126,35492
187,161,35498
187,162,35493
187,163,35496
187,164,35480
187,165,35473
187,166,35482
187,167,35495
187,168,35946
187,169,35981
187,170,35980
187,171,36051
187,172,36049
187,173,36050
187,174,36203
187,175,36249
187,176,36245
187,177,36348
187,178,36628
187,179,36626
187,180,36629
187,181,36627
187,182,36771
187,183,36960
187,184,36952
187,185,36956
187,186,36963
187,187,36953
187,188,36958
187,189,36962
187,190,36957
187,191,36955
187,192,37145
187,193,37144
187,194,37150
187,195,37237
187,196,37240
187,197,37239
187,198,37236
187,199,37496
187,200,37504
187,201,37509
187,202,37528
187,203,37526
187,204,37499
187,205,37523
187,206,37532
187,207,37544
187,208,37500
187,209,37521
187,210,38305
187,211,38312
187,212,38313
187,213,38307
187,214,38309
187,215,38308
187,216,38553
187,217,38556
187,218,38555
187,219,38604
187,220,38610
187,221,38656
187,222,38780
187,223,38789
187,224,38902
187,225,38935
187,226,38936
187,227,39087
187,228,39089
187,229,39171
187,230,39173
187,231,39180
187,232,39177
187,233,39361
187,234,39599
187,235,39600
187,236,39654
187,237,39745
187,238,39746
187,239,40180
187,240,40182
187,241,40179
187,242,40636
187,243,40763
187,244,40778
187,245,20740
187,246,20736
187,247,20731
187,248,20725
187,249,20729
187,250,20738
187,251,20744
187,252,20745
187,253,20741
187,254,20956
188,64,21127
188,65,21128
188,66,21129
188,67,21133
188,68,21130
188,69,21232
188,70,21426
188,71,22062
188,72,22075
188,73,22073
188,74,22066
188,75,22079
188,76,22068
188,77,22057
188,78,22099
188,79,22094
188,80,22103
188,81,22132
188,82,22070
188,83,22063
188,84,22064
188,85,22656
188,86,22687
188,87,22686
188,88,22707
188,89,22684
188,90,22702
188,91,22697
188,92,22694
188,93,22893
188,94,23305
188,95,23291
188,96,23307
188,97,23285
188,98,23308
188,99,23304
188,100,23534
188,101,23532
188,102,23529
188,103,23531
188,104,23652
188,105,23653
188,106,23965
188,107,23956
188,108,24162
188,109,24159
188,110,24161
188,111,24290
188,112,24282
188,113,24287
188,114,24285
188,115,24291
188,116,24288
188,117,24392
188,118,24433
188,119,24503
188,120,24501
188,121,24950
188,122,24935
188,123,24942
188,124,24925
188,125,24917
188,126,24962
188,161,24956
188,162,24944
188,163,24939
188,164,24958
188,165,24999
188,166,24976
188,167,25003
188,168,24974
188,169,25004
188,170,24986
188,171,24996
188,172,24980
188,173,25006
188,174,25134
188,175,25705
188,176,25711
188,177,25721
188,178,25758
188,179,25778
188,180,25736
188,181,25744
188,182,25776
188,183,25765
188,184,25747
188,185,25749
188,186,25769
188,187,25746
188,188,25774
188,189,25773
188,190,25771
188,191,25754
188,192,25772
188,193,25753
188,194,25762
188,195,25779
188,196,25973
188,197,25975
188,198,25976
188,199,26286
188,200,26283
188,201,26292
188,202,26289
188,203,27171
188,204,27167
188,205,27112
188,206,27137
188,207,27166
188,208,27161
188,209,27133
188,210,27169
188,211,27155
188,212,27146
188,213,27123
188,214,27138
188,215,27141
188,216,27117
188,217,27153
188,218,27472
188,219,27470
188,220,27556
188,221,27589
188,222,27590
188,223,28479
188,224,28540
188,225,28548
188,226,28497
188,227,28518
188,228,28500
188,229,28550
188,230,28525
188,231,28507
188,232,28536
188,233,28526
188,234,28558
188,235,28538
188,236,28528
188,237,28516
188,238,28567
188,239,28504
188,240,28373
188,241,28527
188,242,28512
188,243,28511
188,244,29087
188,245,29100
188,246,29105
188,247,29096
188,248,29270
188,249,29339
188,250,29518
188,251,29527
188,252,29801
188,253,29835
188,254,29827
189,64,29822
189,65,29824
189,66,30079
189,67,30240
189,68,30249
189,69,30239
189,70,30244
189,71,30246
189,72,30241
189,73,30242
189,74,30362
189,75,30394
189,76,30436
189,77,30606
189,78,30599
189,79,30604
189,80,30609
189,81,30603
189,82,30923
189,83,30917
189,84,30906
189,85,30922
189,86,30910
189,87,30933
189,88,30908
189,89,30928
189,90,31295
189,91,31292
189,92,31296
189,93,31293
189,94,31287
189,95,31291
189,96,31407
189,97,31406
189,98,31661
189,99,31665
189,100,31684
189,101,31668
189,102,31686
189,103,31687
189,104,31681
189,105,31648
189,106,31692
189,107,31946
189,108,32224
189,109,32244
189,110,32239
189,111,32251
189,112,32216
189,113,32236
189,114,32221
189,115,32232
189,116,32227
189,117,32218
189,118,32222
189,119,32233
189,120,32158
189,121,32217
189,122,32242
189,123,32249
189,124,32629
189,125,32631
189,126,32687
189,161,32745
189,162,32806
189,163,33179
189,164,33180
189,165,33181
189,166,33184
189,167,33178
189,168,33176
189,169,34071
189,170,34109
189,171,34074
189,172,34030
189,173,34092
189,174,34093
189,175,34067
189,176,34065
189,177,34083
189,178,34081
189,179,34068
189,180,34028
189,181,34085
189,182,34047
189,183,34054
189,184,34690
189,185,34676
189,186,34678
189,187,34656
189,188,34662
189,189,34680
189,190,34664
189,191,34649
189,192,34647
189,193,34636
189,194,34643
189,195,34907
189,196,34909
189,197,35088
189,198,35079
189,199,35090
189,200,35091
189,201,35093
189,202,35082
189,203,35516
189,204,35538
189,205,35527
189,206,35524
189,207,35477
189,208,35531
189,209,35576
189,210,35506
189,211,35529
189,212,35522
189,213,35519
189,214,35504
189,215,35542
189,216,35533
189,217,35510
189,218,35513
189,219,35547
189,220,35916
189,221,35918
189,222,35948
189,223,36064
189,224,36062
189,225,36070
189,226,36068
189,227,36076
189,228,36077
189,229,36066
189,230,36067
189,231,36060
189,232,36074
189,233,36065
189,234,36205
189,235,36255
189,236,36259
189,237,36395
189,238,36368
189,239,36381
189,240,36386
189,241,36367
189,242,36393
189,243,36383
189,244,36385
189,245,36382
189,246,36538
189,247,36637
189,248,36635
189,249,36639
189,250,36649
189,251,36646
189,252,36650
189,253,36636
189,254,36638
190,64,36645
190,65,36969
190,66,36974
190,67,36968
190,68,36973
190,69,36983
190,70,37168
190,71,37165
190,72,37159
190,73,37169
190,74,37255
190,75,37257
190,76,37259
190,77,37251
190,78,37573
190,79,37563
190,80,37559
190,81,37610
190,82,37548
190,83,37604
190,84,37569
190,85,37555
190,86,37564
190,87,37586
190,88,37575
190,89,37616
190,90,37554
190,91,38317
190,92,38321
190,93,38660
190,94,38662
190,95,38663
190,96,38665
190,97,38752
190,98,38797
190,99,38795
190,100,38799
190,101,38945
190,102,38955
190,103,38940
190,104,39091
190,105,39178
190,106,39187
190,107,39186
190,108,39192
190,109,39389
190,110,39376
190,111,39391
190,112,39387
190,113,39377
190,114,39381
190,115,39378
190,116,39385
190,117,39607
190,118,39662
190,119,39663
190,120,39719
190,121,39749
190,122,39748
190,123,39799
190,124,39791
190,125,40198
190,126,40201
190,161,40195
190,162,40617
190,163,40638
190,164,40654
190,165,22696
190,166,40786
190,167,20754
190,168,20760
190,169,20756
190,170,20752
190,171,20757
190,172,20864
190,173,20906
190,174,20957
190,175,21137
190,176,21139
190,177,21235
190,178,22105
190,179,22123
190,180,22137
190,181,22121
190,182,22116
190,183,22136
190,184,22122
190,185,22120
190,186,22117
190,187,22129
190,188,22127
190,189,22124
190,190,22114
190,191,22134
190,192,22721
190,193,22718
190,194,22727
190,195,22725
190,196,22894
190,197,23325
190,198,23348
190,199,23416
190,200,23536
190,201,23566
190,202,24394
190,203,25010
190,204,24977
190,205,25001
190,206,24970
190,207,25037
190,208,25014
190,209,25022
190,210,25034
190,211,25032
190,212,25136
190,213,25797
190,214,25793
190,215,25803
190,216,25787
190,217,25788
190,218,25818
190,219,25796
190,220,25799
190,221,25794
190,222,25805
190,223,25791
190,224,25810
190,225,25812
190,226,25790
190,227,25972
190,228,26310
190,229,26313
190,230,26297
190,231,26308
190,232,26311
190,233,26296
190,234,27197
190,235,27192
190,236,27194
190,237,27225
190,238,27243
190,239,27224
190,240,27193
190,241,27204
190,242,27234
190,243,27233
190,244,27211
190,245,27207
190,246,27189
190,247,27231
190,248,27208
190,249,27481
190,250,27511
190,251,27653
190,252,28610
190,253,28593
190,254,28577
191,64,28611
191,65,28580
191,66,28609
191,67,28583
191,68,28595
191,69,28608
191,70,28601
191,71,28598
191,72,28582
191,73,28576
191,74,28596
191,75,29118
191,76,29129
191,77,29136
191,78,29138
191,79,29128
191,80,29141
191,81,29113
191,82,29134
191,83,29145
191,84,29148
191,85,29123
191,86,29124
191,87,29544
191,88,29852
191,89,29859
191,90,29848
191,91,29855
191,92,29854
191,93,29922
191,94,29964
191,95,29965
191,96,30260
191,97,30264
191,98,30266
191,99,30439
191,100,30437
191,101,30624
191,102,30622
191,103,30623
191,104,30629
191,105,30952
191,106,30938
191,107,30956
191,108,30951
191,109,31142
191,110,31309
191,111,31310
191,112,31302
191,113,31308
191,114,31307
191,115,31418
191,116,31705
191,117,31761
191,118,31689
191,119,31716
191,120,31707
191,121,31713
191,122,31721
191,123,31718
191,124,31957
191,125,31958
191,126,32266
191,161,32273
191,162,32264
191,163,32283
191,164,32291
191,165,32286
191,166,32285
191,167,32265
191,168,32272
191,169,32633
191,170,32690
191,171,32752
191,172,32753
191,173,32750
191,174,32808
191,175,33203
191,176,33193
191,177,33192
191,178,33275
191,179,33288
191,180,33368
191,181,33369
191,182,34122
191,183,34137
191,184,34120
191,185,34152
191,186,34153
191,187,34115
191,188,34121
191,189,34157
191,190,34154
191,191,34142
191,192,34691
191,193,34719
191,194,34718
191,195,34722
191,196,34701
191,197,34913
191,198,35114
191,199,35122
191,200,35109
191,201,35115
191,202,35105
191,203,35242
191,204,35238
191,205,35558
191,206,35578
191,207,35563
191,208,35569
191,209,35584
191,210,35548
191,211,35559
191,212,35566
191,213,35582
191,214,35585
191,215,35586
191,216,35575
191,217,35565
191,218,35571
191,219,35574
191,220,35580
191,221,35947
191,222,35949
191,223,35987
191,224,36084
191,225,36420
191,226,36401
191,227,36404
191,228,36418
191,229,36409
191,230,36405
191,231,36667
191,232,36655
191,233,36664
191,234,36659
191,235,36776
191,236,36774
191,237,36981
191,238,36980
191,239,36984
191,240,36978
191,241,36988
191,242,36986
191,243,37172
191,244,37266
191,245,37664
191,246,37686
191,247,37624
191,248,37683
191,249,37679
191,250,37666
191,251,37628
191,252,37675
191,253,37636
191,254,37658
192,64,37648
192,65,37670
192,66,37665
192,67,37653
192,68,37678
192,69,37657
192,70,38331
192,71,38567
192,72,38568
192,73,38570
192,74,38613
192,75,38670
192,76,38673
192,77,38678
192,78,38669
192,79,38675
192,80,38671
192,81,38747
192,82,38748
192,83,38758
192,84,38808
192,85,38960
192,86,38968
192,87,38971
192,88,38967
192,89,38957
192,90,38969
192,91,38948
192,92,39184
192,93,39208
192,94,39198
192,95,39195
192,96,39201
192,97,39194
192,98,39405
192,99,39394
192,100,39409
192,101,39608
192,102,39612
192,103,39675
192,104,39661
192,105,39720
192,106,39825
192,107,40213
192,108,40227
192,109,40230
192,110,40232
192,111,40210
192,112,40219
192,113,40664
192,114,40660
192,115,40845
192,116,40860
192,117,20778
192,118,20767
192,119,20769
192,120,20786
192,121,21237
192,122,22158
192,123,22144
192,124,22160
192,125,22149
192,126,22151
192,161,22159
192,162,22741
192,163,22739
192,164,22737
192,165,22734
192,166,23344
192,167,23338
192,168,23332
192,169,23418
192,170,23607
192,171,23656
192,172,23996
192,173,23994
192,174,23997
192,175,23992
192,176,24171
192,177,24396
192,178,24509
192,179,25033
192,180,25026
192,181,25031
192,182,25062
192,183,25035
192,184,25138
192,185,25140
192,186,25806
192,187,25802
192,188,25816
192,189,25824
192,190,25840
192,191,25830
192,192,25836
192,193,25841
192,194,25826
192,195,25837
192,196,25986
192,197,25987
192,198,26329
192,199,26326
192,200,27264
192,201,27284
192,202,27268
192,203,27298
192,204,27292
192,205,27355
192,206,27299
192,207,27262
192,208,27287
192,209,27280
192,210,27296
192,211,27484
192,212,27566
192,213,27610
192,214,27656
192,215,28632
192,216,28657
192,217,28639
192,218,28640
192,219,28635
192,220,28644
192,221,28651
192,222,28655
192,223,28544
192,224,28652
192,225,28641
192,226,28649
192,227,28629
192,228,28654
192,229,28656
192,230,29159
192,231,29151
192,232,29166
192,233,29158
192,234,29157
192,235,29165
192,236,29164
192,237,29172
192,238,29152
192,239,29237
192,240,29254
192,241,29552
192,242,29554
192,243,29865
192,244,29872
192,245,29862
192,246,29864
192,247,30278
192,248,30274
192,249,30284
192,250,30442
192,251,30643
192,252,30634
192,253,30640
192,254,30636
193,64,30631
193,65,30637
193,66,30703
193,67,30967
193,68,30970
193,69,30964
193,70,30959
193,71,30977
193,72,31143
193,73,31146
193,74,31319
193,75,31423
193,76,31751
193,77,31757
193,78,31742
193,79,31735
193,80,31756
193,81,31712
193,82,31968
193,83,31964
193,84,31966
193,85,31970
193,86,31967
193,87,31961
193,88,31965
193,89,32302
193,90,32318
193,91,32326
193,92,32311
193,93,32306
193,94,32323
193,95,32299
193,96,32317
193,97,32305
193,98,32325
193,99,32321
193,100,32308
193,101,32313
193,102,32328
193,103,32309
193,104,32319
193,105,32303
193,106,32580
193,107,32755
193,108,32764
193,109,32881
193,110,32882
193,111,32880
193,112,32879
193,113,32883
193,114,33222
193,115,33219
193,116,33210
193,117,33218
193,118,33216
193,119,33215
193,120,33213
193,121,33225
193,122,33214
193,123,33256
193,124,33289
193,125,33393
193,126,34218
193,161,34180
193,162,34174
193,163,34204
193,164,34193
193,165,34196
193,166,34223
193,167,34203
193,168,34183
193,169,34216
193,170,34186
193,171,34407
193,172,34752
193,173,34769
193,174,34739
193,175,34770
193,176,34758
193,177,34731
193,178,34747
193,179,34746
193,180,34760
193,181,34763
193,182,35131
193,183,35126
193,184,35140
193,185,35128
193,186,35133
193,187,35244
193,188,35598
193,189,35607
193,190,35609
193,191,35611
193,192,35594
193,193,35616
193,194,35613
193,195,35588
193,196,35600
193,197,35905
193,198,35903
193,199,35955
193,200,36090
193,201,36093
193,202,36092
193,203,36088
193,204,36091
193,205,36264
193,206,36425
193,207,36427
193,208,36424
193,209,36426
193,210,36676
193,211,36670
193,212,36674
193,213,36677
193,214,36671
193,215,36991
193,216,36989
193,217,36996
193,218,36993
193,219,36994
193,220,36992
193,221,37177
193,222,37283
193,223,37278
193,224,37276
193,225,37709
193,226,37762
193,227,37672
193,228,37749
193,229,37706
193,230,37733
193,231,37707
193,232,37656
193,233,37758
193,234,37740
193,235,37723
193,236,37744
193,237,37722
193,238,37716
193,239,38346
193,240,38347
193,241,38348
193,242,38344
193,243,38342
193,244,38577
193,245,38584
193,246,38614
193,247,38684
193,248,38686
193,249,38816
193,250,38867
193,251,38982
193,252,39094
193,253,39221
193,254,39425
194,64,39423
194,65,39854
194,66,39851
194,67,39850
194,68,39853
194,69,40251
194,70,40255
194,71,40587
194,72,40655
194,73,40670
194,74,40668
194,75,40669
194,76,40667
194,77,40766
194,78,40779
194,79,21474
194,80,22165
194,81,22190
194,82,22745
194,83,22744
194,84,23352
194,85,24413
194,86,25059
194,87,25139
194,88,25844
194,89,25842
194,90,25854
194,91,25862
194,92,25850
194,93,25851
194,94,25847
194,95,26039
194,96,26332
194,97,26406
194,98,27315
194,99,27308
194,100,27331
194,101,27323
194,102,27320
194,103,27330
194,104,27310
194,105,27311
194,106,27487
194,107,27512
194,108,27567
194,109,28681
194,110,28683
194,111,28670
194,112,28678
194,113,28666
194,114,28689
194,115,28687
194,116,29179
194,117,29180
194,118,29182
194,119,29176
194,120,29559
194,121,29557
194,122,29863
194,123,29887
194,124,29973
194,125,30294
194,126,30296
194,161,30290
194,162,30653
194,163,30655
194,164,30651
194,165,30652
194,166,30990
194,167,31150
194,168,31329
194,169,31330
194,170,31328
194,171,31428
194,172,31429
194,173,31787
194,174,31783
194,175,31786
194,176,31774
194,177,31779
194,178,31777
194,179,31975
194,180,32340
194,181,32341
194,182,32350
194,183,32346
194,184,32353
194,185,32338
194,186,32345
194,187,32584
194,188,32761
194,189,32763
194,190,32887
194,191,32886
194,192,33229
194,193,33231
194,194,33290
194,195,34255
194,196,34217
194,197,34253
194,198,34256
194,199,34249
194,200,34224
194,201,34234
194,202,34233
194,203,34214
194,204,34799
194,205,34796
194,206,34802
194,207,34784
194,208,35206
194,209,35250
194,210,35316
194,211,35624
194,212,35641
194,213,35628
194,214,35627
194,215,35920
194,216,36101
194,217,36441
194,218,36451
194,219,36454
194,220,36452
194,221,36447
194,222,36437
194,223,36544
194,224,36681
194,225,36685
194,226,36999
194,227,36995
194,228,37000
194,229,37291
194,230,37292
194,231,37328
194,232,37780
194,233,37770
194,234,37782
194,235,37794
194,236,37811
194,237,37806
194,238,37804
194,239,37808
194,240,37784
194,241,37786
194,242,37783
194,243,38356
194,244,38358
194,245,38352
194,246,38357
194,247,38626
194,248,38620
194,249,38617
194,250,38619
194,251,38622
194,252,38692
194,253,38819
194,254,38822
195,64,38829
195,65,38905
195,66,38989
195,67,38991
195,68,38988
195,69,38990
195,70,38995
195,71,39098
195,72,39230
195,73,39231
195,74,39229
195,75,39214
195,76,39333
195,77,39438
195,78,39617
195,79,39683
195,80,39686
195,81,39759
195,82,39758
195,83,39757
195,84,39882
195,85,39881
195,86,39933
195,87,39880
195,88,39872
195,89,40273
195,90,40285
195,91,40288
195,92,40672
195,93,40725
195,94,40748
195,95,20787
195,96,22181
195,97,22750
195,98,22751
195,99,22754
195,100,23541
195,101,40848
195,102,24300
195,103,25074
195,104,25079
195,105,25078
195,106,25077
195,107,25856
195,108,25871
195,109,26336
195,110,26333
195,111,27365
195,112,27357
195,113,27354
195,114,27347
195,115,28699
195,116,28703
195,117,28712
195,118,28698
195,119,28701
195,120,28693
195,121,28696
195,122,29190
195,123,29197
195,124,29272
195,125,29346
195,126,29560
195,161,29562
195,162,29885
195,163,29898
195,164,29923
195,165,30087
195,166,30086
195,167,30303
195,168,30305
195,169,30663
195,170,31001
195,171,31153
195,172,31339
195,173,31337
195,174,31806
195,175,31807
195,176,31800
195,177,31805
195,178,31799
195,179,31808
195,180,32363
195,181,32365
195,182,32377
195,183,32361
195,184,32362
195,185,32645
195,186,32371
195,187,32694
195,188,32697
195,189,32696
195,190,33240
195,191,34281
195,192,34269
195,193,34282
195,194,34261
195,195,34276
195,196,34277
195,197,34295
195,198,34811
195,199,34821
195,200,34829
195,201,34809
195,202,34814
195,203,35168
195,204,35167
195,205,35158
195,206,35166
195,207,35649
195,208,35676
195,209,35672
195,210,35657
195,211,35674
195,212,35662
195,213,35663
195,214,35654
195,215,35673
195,216,36104
195,217,36106
195,218,36476
195,219,36466
195,220,36487
195,221,36470
195,222,36460
195,223,36474
195,224,36468
195,225,36692
195,226,36686
195,227,36781
195,228,37002
195,229,37003
195,230,37297
195,231,37294
195,232,37857
195,233,37841
195,234,37855
195,235,37827
195,236,37832
195,237,37852
195,238,37853
195,239,37846
195,240,37858
195,241,37837
195,242,37848
195,243,37860
195,244,37847
195,245,37864
195,246,38364
195,247,38580
195,248,38627
195,249,38698
195,250,38695
195,251,38753
195,252,38876
195,253,38907
195,254,39006
196,64,39000
196,65,39003
196,66,39100
196,67,39237
196,68,39241
196,69,39446
196,70,39449
196,71,39693
196,72,39912
196,73,39911
196,74,39894
196,75,39899
196,76,40329
196,77,40289
196,78,40306
196,79,40298
196,80,40300
196,81,40594
196,82,40599
196,83,40595
196,84,40628
196,85,21240
196,86,22184
196,87,22199
196,88,22198
196,89,22196
196,90,22204
196,91,22756
196,92,23360
196,93,23363
196,94,23421
196,95,23542
196,96,24009
196,97,25080
196,98,25082
196,99,25880
196,100,25876
196,101,25881
196,102,26342
196,103,26407
196,104,27372
196,105,28734
196,106,28720
196,107,28722
196,108,29200
196,109,29563
196,110,29903
196,111,30306
196,112,30309
196,113,31014
196,114,31018
196,115,31020
196,116,31019
196,117,31431
196,118,31478
196,119,31820
196,120,31811
196,121,31821
196,122,31983
196,123,31984
196,124,36782
196,125,32381
196,126,32380
196,161,32386
196,162,32588
196,163,32768
196,164,33242
196,165,33382
196,166,34299
196,167,34297
196,168,34321
196,169,34298
196,170,34310
196,171,34315
196,172,34311
196,173,34314
196,174,34836
196,175,34837
196,176,35172
196,177,35258
196,178,35320
196,179,35696
196,180,35692
196,181,35686
196,182,35695
196,183,35679
196,184,35691
196,185,36111
196,186,36109
196,187,36489
196,188,36481
196,189,36485
196,190,36482
196,191,37300
196,192,37323
196,193,37912
196,194,37891
196,195,37885
196,196,38369
196,197,38704
196,198,39108
196,199,39250
196,200,39249
196,201,39336
196,202,39467
196,203,39472
196,204,39479
196,205,39477
196,206,39955
196,207,39949
196,208,40569
196,209,40629
196,210,40680
196,211,40751
196,212,40799
196,213,40803
196,214,40801
196,215,20791
196,216,20792
196,217,22209
196,218,22208
196,219,22210
196,220,22804
196,221,23660
196,222,24013
196,223,25084
196,224,25086
196,225,25885
196,226,25884
196,227,26005
196,228,26345
196,229,27387
196,230,27396
196,231,27386
196,232,27570
196,233,28748
196,234,29211
196,235,29351
196,236,29910
196,237,29908
196,238,30313
196,239,30675
196,240,31824
196,241,32399
196,242,32396
196,243,32700
196,244,34327
196,245,34349
196,246,34330
196,247,34851
196,248,34850
196,249,34849
196,250,34847
196,251,35178
196,252,35180
196,253,35261
196,254,35700
197,64,35703
197,65,35709
197,66,36115
197,67,36490
197,68,36493
197,69,36491
197,70,36703
197,71,36783
197,72,37306
197,73,37934
197,74,37939
197,75,37941
197,76,37946
197,77,37944
197,78,37938
197,79,37931
197,80,38370
197,81,38712
197,82,38713
197,83,38706
197,84,38911
197,85,39015
197,86,39013
197,87,39255
197,88,39493
197,89,39491
197,90,39488
197,91,39486
197,92,39631
197,93,39764
197,94,39761
197,95,39981
197,96,39973
197,97,40367
197,98,40372
197,99,40386
197,100,40376
197,101,40605
197,102,40687
197,103,40729
197,104,40796
197,105,40806
197,106,40807
197,107,20796
197,108,20795
197,109,22216
197,110,22218
197,111,22217
197,112,23423
197,113,24020
197,114,24018
197,115,24398
197,116,25087
197,117,25892
197,118,27402
197,119,27489
197,120,28753
197,121,28760
197,122,29568
197,123,29924
197,124,30090
197,125,30318
197,126,30316
197,161,31155
197,162,31840
197,163,31839
197,164,32894
197,165,32893
197,166,33247
197,167,35186
197,168,35183
197,169,35324
197,170,35712
197,171,36118
197,172,36119
197,173,36497
197,174,36499
197,175,36705
197,176,37192
197,177,37956
197,178,37969
197,179,37970
197,180,38717
197,181,38718
197,182,38851
197,183,38849
197,184,39019
197,185,39253
197,186,39509
197,187,39501
197,188,39634
197,189,39706
197,190,40009
197,191,39985
197,192,39998
197,193,39995
197,194,40403
197,195,40407
197,196,40756
197,197,40812
197,198,40810
197,199,40852
197,200,22220
197,201,24022
197,202,25088
197,203,25891
197,204,25899
197,205,25898
197,206,26348
197,207,27408
197,208,29914
197,209,31434
197,210,31844
197,211,31843
197,212,31845
197,213,32403
197,214,32406
197,215,32404
197,216,33250
197,217,34360
197,218,34367
197,219,34865
197,220,35722
197,221,37008
197,222,37007
197,223,37987
197,224,37984
197,225,37988
197,226,38760
197,227,39023
197,228,39260
197,229,39514
197,230,39515
197,231,39511
197,232,39635
197,233,39636
197,234,39633
197,235,40020
197,236,40023
197,237,40022
197,238,40421
197,239,40607
197,240,40692
197,241,22225
197,242,22761
197,243,25900
197,244,28766
197,245,30321
197,246,30322
197,247,30679
197,248,32592
197,249,32648
197,250,34870
197,251,34873
197,252,34914
197,253,35731
197,254,35730
198,64,35734
198,65,33399
198,66,36123
198,67,37312
198,68,37994
198,69,38722
198,70,38728
198,71,38724
198,72,38854
198,73,39024
198,74,39519
198,75,39714
198,76,39768
198,77,40031
198,78,40441
198,79,40442
198,80,40572
198,81,40573
198,82,40711
198,83,40823
198,84,40818
198,85,24307
198,86,27414
198,87,28771
198,88,31852
198,89,31854
198,90,34875
198,91,35264
198,92,36513
198,93,37313
198,94,38002
198,95,38000
198,96,39025
198,97,39262
198,98,39638
198,99,39715
198,100,40652
198,101,28772
198,102,30682
198,103,35738
198,104,38007
198,105,38857
198,106,39522
198,107,39525
198,108,32412
198,109,35740
198,110,36522
198,111,37317
198,112,38013
198,113,38014
198,114,38012
198,115,40055
198,116,40056
198,117,40695
198,118,35924
198,119,38015
198,120,40474
198,121,29224
198,122,39530
198,123,39729
198,124,40475
198,125,40478
198,126,31858
198,161,12542
198,162,12445
198,163,12446
198,164,12293
198,165,12353
198,166,12354
198,167,12355
198,168,12356
198,169,12357
198,170,12358
198,171,12359
198,172,12360
198,173,12361
198,174,12362
198,175,12363
198,176,12364
198,177,12365
198,178,12366
198,179,12367
198,180,12368
198,181,12369
198,182,12370
198,183,12371
198,184,12372
198,185,12373
198,186,12374
198,187,12375
198,188,12376
198,189,12377
198,190,12378
198,191,12379
198,192,12380
198,193,12381
198,194,12382
198,195,12383
198,196,12384
198,197,12385
198,198,12386
198,199,12387
198,200,12388
198,201,12389
198,202,12390
198,203,12391
198,204,12392
198,205,12393
198,206,12394
198,207,12395
198,208,12396
198,209,12397
198,210,12398
198,211,12399
198,212,12400
198,213,12401
198,214,12402
198,215,12403
198,216,12404
198,217,12405
198,218,12406
198,219,12407
198,220,12408
198,221,12409
198,222,12410
198,223,12411
198,224,12412
198,225,12413
198,226,12414
198,227,12415
198,228,12416
198,229,12417
198,230,12418
198,231,12419
198,232,12420
198,233,12421
198,234,12422
198,235,12423
198,236,12424
198,237,12425
198,238,12426
198,239,12427
198,240,12428
198,241,12429
198,242,12430
198,243,12431
198,244,12432
198,245,12433
198,246,12434
198,247,12435
198,248,12449
198,249,12450
198,250,12451
198,251,12452
198,252,12453
198,253,12454
198,254,12455
199,64,12456
199,65,12457
199,66,12458
199,67,12459
199,68,12460
199,69,12461
199,70,12462
199,71,12463
199,72,12464
199,73,12465
199,74,12466
199,75,12467
199,76,12468
199,77,12469
199,78,12470
199,79,12471
199,80,12472
199,81,12473
199,82,12474
199,83,12475
199,84,12476
199,85,12477
199,86,12478
199,87,12479
199,88,12480
199,89,12481
199,90,12482
199,91,12483
199,92,12484
199,93,12485
199,94,12486
199,95,12487
199,96,12488
199,97,12489
199,98,12490
199,99,12491
199,100,12492
199,101,12493
199,102,12494
199,103,12495
199,104,12496
199,105,12497
199,106,12498
199,107,12499
199,108,12500
199,109,12501
199,110,12502
199,111,12503
199,112,12504
199,113,12505
199,114,12506
199,115,12507
199,116,12508
199,117,12509
199,118,12510
199,119,12511
199,120,12512
199,121,12513
199,122,12514
199,123,12515
199,124,12516
199,125,12517
199,126,12518
199,161,12519
199,162,12520
199,163,12521
199,164,12522
199,165,12523
199,166,12524
199,167,12525
199,168,12526
199,169,12527
199,170,12528
199,171,12529
199,172,12530
199,173,12531
199,174,12532
199,175,12533
199,176,12534
199,177,1044
199,178,1045
199,179,1025
199,180,1046
199,181,1047
199,182,1048
199,183,1049
199,184,1050
199,185,1051
199,186,1052
199,187,1059
199,188,1060
199,189,1061
199,190,1062
199,191,1063
199,192,1064
199,193,1065
199,194,1066
199,195,1067
199,196,1068
199,197,1069
199,198,1070
199,199,1071
199,200,1072
199,201,1073
199,202,1074
199,203,1075
199,204,1076
199,205,1077
199,206,1105
199,207,1078
199,208,1079
199,209,1080
199,210,1081
199,211,1082
199,212,1083
199,213,1084
199,214,1085
199,215,1086
199,216,1087
199,217,1088
199,218,1089
199,219,1090
199,220,1091
199,221,1092
199,222,1093
199,223,1094
199,224,1095
199,225,1096
199,226,1097
199,227,1098
199,228,1099
199,229,1100
199,230,1101
199,231,1102
199,232,1103
199,233,9312
199,234,9313
199,235,9314
199,236,9315
199,237,9316
199,238,9317
199,239,9318
199,240,9319
199,241,9320
199,242,9321
199,243,9332
199,244,9333
199,245,9334
199,246,9335
199,247,9336
199,248,9337
199,249,9338
199,250,9339
199,251,9340
199,252,9341
199,253,65533
199,254,65533
200,64,-1
200,65,-1
200,66,-1
200,67,-1
200,68,-1
200,69,-1
200,70,-1
200,71,-1
200,72,-1
200,73,-1
200,74,-1
200,75,-1
200,76,-1
200,77,-1
200,78,-1
200,79,-1
200,80,-1
200,81,-1
200,82,-1
200,83,-1
200,84,-1
200,85,-1
200,86,-1
200,87,-1
200,88,-1
200,89,-1
200,90,-1
200,91,-1
200,92,-1
200,93,-1
200,94,-1
200,95,-1
200,96,-1
200,97,-1
200,98,-1
200,99,-1
200,100,-1
200,101,-1
200,102,-1
200,103,-1
200,104,-1
200,105,-1
200,106,-1
200,107,-1
200,108,-1
200,109,-1
200,110,-1
200,111,-1
200,112,-1
200,113,-1
200,114,-1
200,115,-1
200,116,-1
200,117,-1
200,118,-1
200,119,-1
200,120,-1
200,121,-1
200,122,-1
200,123,-1
200,124,-1
200,125,-1
200,126,-1
200,161,-1
200,162,-1
200,163,-1
200,164,-1
200,165,-1
200,166,-1
200,167,-1
200,168,-1
200,169,-1
200,170,-1
200,171,-1
200,172,-1
200,173,-1
200,174,-1
200,175,-1
200,176,-1
200,177,-1
200,178,-1
200,179,-1
200,180,-1
200,181,-1
200,182,-1
200,183,-1
200,184,-1
200,185,-1
200,186,-1
200,187,-1
200,188,-1
200,189,-1
200,190,-1
200,191,-1
200,192,-1
200,193,-1
200,194,-1
200,195,-1
200,196,-1
200,197,-1
200,198,-1
200,199,-1
200,200,-1
200,201,-1
200,202,-1
200,203,-1
200,204,-1
200,205,-1
200,206,-1
200,207,-1
200,208,-1
200,209,-1
200,210,-1
200,211,-1
200,212,-1
200,213,-1
200,214,-1
200,215,-1
200,216,-1
200,217,-1
200,218,-1
200,219,-1
200,220,-1
200,221,-1
200,222,-1
200,223,-1
200,224,-1
200,225,-1
200,226,-1
200,227,-1
200,228,-1
200,229,-1
200,230,-1
200,231,-1
200,232,-1
200,233,-1
200,234,-1
200,235,-1
200,236,-1
200,237,-1
200,238,-1
200,239,-1
200,240,-1
200,241,-1
200,242,-1
200,243,-1
200,244,-1
200,245,-1
200,246,-1
200,247,-1
200,248,-1
200,249,-1
200,250,-1
200,251,-1
200,252,-1
200,253,-1
200,254,-1
201,64,20034
201,65,20060
201,66,20981
201,67,21274
201,68,21378
201,69,19975
201,70,19980
201,71,20039
201,72,20109
201,73,22231
201,74,64012
201,75,23662
201,76,24435
201,77,19983
201,78,20871
201,79,19982
201,80,20014
201,81,20115
201,82,20162
201,83,20169
201,84,20168
201,85,20888
201,86,21244
201,87,21356
201,88,21433
201,89,22304
201,90,22787
201,91,22828
201,92,23568
201,93,24063
201,94,26081
201,95,27571
201,96,27596
201,97,27668
201,98,29247
201,99,20017
201,100,20028
201,101,20200
201,102,20188
201,103,20201
201,104,20193
201,105,20189
201,106,20186
201,107,21004
201,108,21276
201,109,21324
201,110,22306
201,111,22307
201,112,22807
201,113,22831
201,114,23425
201,115,23428
201,116,23570
201,117,23611
201,118,23668
201,119,23667
201,120,24068
201,121,24192
201,122,24194
201,123,24521
201,124,25097
201,125,25168
201,126,27669
201,161,27702
201,162,27715
201,163,27711
201,164,27707
201,165,29358
201,166,29360
201,167,29578
201,168,31160
201,169,32906
201,170,38430
201,171,20238
201,172,20248
201,173,20268
201,174,20213
201,175,20244
201,176,20209
201,177,20224
201,178,20215
201,179,20232
201,180,20253
201,181,20226
201,182,20229
201,183,20258
201,184,20243
201,185,20228
201,186,20212
201,187,20242
201,188,20913
201,189,21011
201,190,21001
201,191,21008
201,192,21158
201,193,21282
201,194,21279
201,195,21325
201,196,21386
201,197,21511
201,198,22241
201,199,22239
201,200,22318
201,201,22314
201,202,22324
201,203,22844
201,204,22912
201,205,22908
201,206,22917
201,207,22907
201,208,22910
201,209,22903
201,210,22911
201,211,23382
201,212,23573
201,213,23589
201,214,23676
201,215,23674
201,216,23675
201,217,23678
201,218,24031
201,219,24181
201,220,24196
201,221,24322
201,222,24346
201,223,24436
201,224,24533
201,225,24532
201,226,24527
201,227,25180
201,228,25182
201,229,25188
201,230,25185
201,231,25190
201,232,25186
201,233,25177
201,234,25184
201,235,25178
201,236,25189
201,237,26095
201,238,26094
201,239,26430
201,240,26425
201,241,26424
201,242,26427
201,243,26426
201,244,26431
201,245,26428
201,246,26419
201,247,27672
201,248,27718
201,249,27730
201,250,27740
201,251,27727
201,252,27722
201,253,27732
201,254,27723
202,64,27724
202,65,28785
202,66,29278
202,67,29364
202,68,29365
202,69,29582
202,70,29994
202,71,30335
202,72,31349
202,73,32593
202,74,33400
202,75,33404
202,76,33408
202,77,33405
202,78,33407
202,79,34381
202,80,35198
202,81,37017
202,82,37015
202,83,37016
202,84,37019
202,85,37012
202,86,38434
202,87,38436
202,88,38432
202,89,38435
202,90,20310
202,91,20283
202,92,20322
202,93,20297
202,94,20307
202,95,20324
202,96,20286
202,97,20327
202,98,20306
202,99,20319
202,100,20289
202,101,20312
202,102,20269
202,103,20275
202,104,20287
202,105,20321
202,106,20879
202,107,20921
202,108,21020
202,109,21022
202,110,21025
202,111,21165
202,112,21166
202,113,21257
202,114,21347
202,115,21362
202,116,21390
202,117,21391
202,118,21552
202,119,21559
202,120,21546
202,121,21588
202,122,21573
202,123,21529
202,124,21532
202,125,21541
202,126,21528
202,161,21565
202,162,21583
202,163,21569
202,164,21544
202,165,21540
202,166,21575
202,167,22254
202,168,22247
202,169,22245
202,170,22337
202,171,22341
202,172,22348
202,173,22345
202,174,22347
202,175,22354
202,176,22790
202,177,22848
202,178,22950
202,179,22936
202,180,22944
202,181,22935
202,182,22926
202,183,22946
202,184,22928
202,185,22927
202,186,22951
202,187,22945
202,188,23438
202,189,23442
202,190,23592
202,191,23594
202,192,23693
202,193,23695
202,194,23688
202,195,23691
202,196,23689
202,197,23698
202,198,23690
202,199,23686
202,200,23699
202,201,23701
202,202,24032
202,203,24074
202,204,24078
202,205,24203
202,206,24201
202,207,24204
202,208,24200
202,209,24205
202,210,24325
202,211,24349
202,212,24440
202,213,24438
202,214,24530
202,215,24529
202,216,24528
202,217,24557
202,218,24552
202,219,24558
202,220,24563
202,221,24545
202,222,24548
202,223,24547
202,224,24570
202,225,24559
202,226,24567
202,227,24571
202,228,24576
202,229,24564
202,230,25146
202,231,25219
202,232,25228
202,233,25230
202,234,25231
202,235,25236
202,236,25223
202,237,25201
202,238,25211
202,239,25210
202,240,25200
202,241,25217
202,242,25224
202,243,25207
202,244,25213
202,245,25202
202,246,25204
202,247,25911
202,248,26096
202,249,26100
202,250,26099
202,251,26098
202,252,26101
202,253,26437
202,254,26439
203,64,26457
203,65,26453
203,66,26444
203,67,26440
203,68,26461
203,69,26445
203,70,26458
203,71,26443
203,72,27600
203,73,27673
203,74,27674
203,75,27768
203,76,27751
203,77,27755
203,78,27780
203,79,27787
203,80,27791
203,81,27761
203,82,27759
203,83,27753
203,84,27802
203,85,27757
203,86,27783
203,87,27797
203,88,27804
203,89,27750
203,90,27763
203,91,27749
203,92,27771
203,93,27790
203,94,28788
203,95,28794
203,96,29283
203,97,29375
203,98,29373
203,99,29379
203,100,29382
203,101,29377
203,102,29370
203,103,29381
203,104,29589
203,105,29591
203,106,29587
203,107,29588
203,108,29586
203,109,30010
203,110,30009
203,111,30100
203,112,30101
203,113,30337
203,114,31037
203,115,32820
203,116,32917
203,117,32921
203,118,32912
203,119,32914
203,120,32924
203,121,33424
203,122,33423
203,123,33413
203,124,33422
203,125,33425
203,126,33427
203,161,33418
203,162,33411
203,163,33412
203,164,35960
203,165,36809
203,166,36799
203,167,37023
203,168,37025
203,169,37029
203,170,37022
203,171,37031
203,172,37024
203,173,38448
203,174,38440
203,175,38447
203,176,38445
203,177,20019
203,178,20376
203,179,20348
203,180,20357
203,181,20349
203,182,20352
203,183,20359
203,184,20342
203,185,20340
203,186,20361
203,187,20356
203,188,20343
203,189,20300
203,190,20375
203,191,20330
203,192,20378
203,193,20345
203,194,20353
203,195,20344
203,196,20368
203,197,20380
203,198,20372
203,199,20382
203,200,20370
203,201,20354
203,202,20373
203,203,20331
203,204,20334
203,205,20894
203,206,20924
203,207,20926
203,208,21045
203,209,21042
203,210,21043
203,211,21062
203,212,21041
203,213,21180
203,214,21258
203,215,21259
203,216,21308
203,217,21394
203,218,21396
203,219,21639
203,220,21631
203,221,21633
203,222,21649
203,223,21634
203,224,21640
203,225,21611
203,226,21626
203,227,21630
203,228,21605
203,229,21612
203,230,21620
203,231,21606
203,232,21645
203,233,21615
203,234,21601
203,235,21600
203,236,21656
203,237,21603
203,238,21607
203,239,21604
203,240,22263
203,241,22265
203,242,22383
203,243,22386
203,244,22381
203,245,22379
203,246,22385
203,247,22384
203,248,22390
203,249,22400
203,250,22389
203,251,22395
203,252,22387
203,253,22388
203,254,22370
204,64,22376
204,65,22397
204,66,22796
204,67,22853
204,68,22965
204,69,22970
204,70,22991
204,71,22990
204,72,22962
204,73,22988
204,74,22977
204,75,22966
204,76,22972
204,77,22979
204,78,22998
204,79,22961
204,80,22973
204,81,22976
204,82,22984
204,83,22964
204,84,22983
204,85,23394
204,86,23397
204,87,23443
204,88,23445
204,89,23620
204,90,23623
204,91,23726
204,92,23716
204,93,23712
204,94,23733
204,95,23727
204,96,23720
204,97,23724
204,98,23711
204,99,23715
204,100,23725
204,101,23714
204,102,23722
204,103,23719
204,104,23709
204,105,23717
204,106,23734
204,107,23728
204,108,23718
204,109,24087
204,110,24084
204,111,24089
204,112,24360
204,113,24354
204,114,24355
204,115,24356
204,116,24404
204,117,24450
204,118,24446
204,119,24445
204,120,24542
204,121,24549
204,122,24621
204,123,24614
204,124,24601
204,125,24626
204,126,24587
204,161,24628
204,162,24586
204,163,24599
204,164,24627
204,165,24602
204,166,24606
204,167,24620
204,168,24610
204,169,24589
204,170,24592
204,171,24622
204,172,24595
204,173,24593
204,174,24588
204,175,24585
204,176,24604
204,177,25108
204,178,25149
204,179,25261
204,180,25268
204,181,25297
204,182,25278
204,183,25258
204,184,25270
204,185,25290
204,186,25262
204,187,25267
204,188,25263
204,189,25275
204,190,25257
204,191,25264
204,192,25272
204,193,25917
204,194,26024
204,195,26043
204,196,26121
204,197,26108
204,198,26116
204,199,26130
204,200,26120
204,201,26107
204,202,26115
204,203,26123
204,204,26125
204,205,26117
204,206,26109
204,207,26129
204,208,26128
204,209,26358
204,210,26378
204,211,26501
204,212,26476
204,213,26510
204,214,26514
204,215,26486
204,216,26491
204,217,26520
204,218,26502
204,219,26500
204,220,26484
204,221,26509
204,222,26508
204,223,26490
204,224,26527
204,225,26513
204,226,26521
204,227,26499
204,228,26493
204,229,26497
204,230,26488
204,231,26489
204,232,26516
204,233,27429
204,234,27520
204,235,27518
204,236,27614
204,237,27677
204,238,27795
204,239,27884
204,240,27883
204,241,27886
204,242,27865
204,243,27830
204,244,27860
204,245,27821
204,246,27879
204,247,27831
204,248,27856
204,249,27842
204,250,27834
204,251,27843
204,252,27846
204,253,27885
204,254,27890
205,64,27858
205,65,27869
205,66,27828
205,67,27786
205,68,27805
205,69,27776
205,70,27870
205,71,27840
205,72,27952
205,73,27853
205,74,27847
205,75,27824
205,76,27897
205,77,27855
205,78,27881
205,79,27857
205,80,28820
205,81,28824
205,82,28805
205,83,28819
205,84,28806
205,85,28804
205,86,28817
205,87,28822
205,88,28802
205,89,28826
205,90,28803
205,91,29290
205,92,29398
205,93,29387
205,94,29400
205,95,29385
205,96,29404
205,97,29394
205,98,29396
205,99,29402
205,100,29388
205,101,29393
205,102,29604
205,103,29601
205,104,29613
205,105,29606
205,106,29602
205,107,29600
205,108,29612
205,109,29597
205,110,29917
205,111,29928
205,112,30015
205,113,30016
205,114,30014
205,115,30092
205,116,30104
205,117,30383
205,118,30451
205,119,30449
205,120,30448
205,121,30453
205,122,30712
205,123,30716
205,124,30713
205,125,30715
205,126,30714
205,161,30711
205,162,31042
205,163,31039
205,164,31173
205,165,31352
205,166,31355
205,167,31483
205,168,31861
205,169,31997
205,170,32821
205,171,32911
205,172,32942
205,173,32931
205,174,32952
205,175,32949
205,176,32941
205,177,33312
205,178,33440
205,179,33472
205,180,33451
205,181,33434
205,182,33432
205,183,33435
205,184,33461
205,185,33447
205,186,33454
205,187,33468
205,188,33438
205,189,33466
205,190,33460
205,191,33448
205,192,33441
205,193,33449
205,194,33474
205,195,33444
205,196,33475
205,197,33462
205,198,33442
205,199,34416
205,200,34415
205,201,34413
205,202,34414
205,203,35926
205,204,36818
205,205,36811
205,206,36819
205,207,36813
205,208,36822
205,209,36821
205,210,36823
205,211,37042
205,212,37044
205,213,37039
205,214,37043
205,215,37040
205,216,38457
205,217,38461
205,218,38460
205,219,38458
205,220,38467
205,221,20429
205,222,20421
205,223,20435
205,224,20402
205,225,20425
205,226,20427
205,227,20417
205,228,20436
205,229,20444
205,230,20441
205,231,20411
205,232,20403
205,233,20443
205,234,20423
205,235,20438
205,236,20410
205,237,20416
205,238,20409
205,239,20460
205,240,21060
205,241,21065
205,242,21184
205,243,21186
205,244,21309
205,245,21372
205,246,21399
205,247,21398
205,248,21401
205,249,21400
205,250,21690
205,251,21665
205,252,21677
205,253,21669
205,254,21711
206,64,21699
206,65,33549
206,66,21687
206,67,21678
206,68,21718
206,69,21686
206,70,21701
206,71,21702
206,72,21664
206,73,21616
206,74,21692
206,75,21666
206,76,21694
206,77,21618
206,78,21726
206,79,21680
206,80,22453
206,81,22430
206,82,22431
206,83,22436
206,84,22412
206,85,22423
206,86,22429
206,87,22427
206,88,22420
206,89,22424
206,90,22415
206,91,22425
206,92,22437
206,93,22426
206,94,22421
206,95,22772
206,96,22797
206,97,22867
206,98,23009
206,99,23006
206,100,23022
206,101,23040
206,102,23025
206,103,23005
206,104,23034
206,105,23037
206,106,23036
206,107,23030
206,108,23012
206,109,23026
206,110,23031
206,111,23003
206,112,23017
206,113,23027
206,114,23029
206,115,23008
206,116,23038
206,117,23028
206,118,23021
206,119,23464
206,120,23628
206,121,23760
206,122,23768
206,123,23756
206,124,23767
206,125,23755
206,126,23771
206,161,23774
206,162,23770
206,163,23753
206,164,23751
206,165,23754
206,166,23766
206,167,23763
206,168,23764
206,169,23759
206,170,23752
206,171,23750
206,172,23758
206,173,23775
206,174,23800
206,175,24057
206,176,24097
206,177,24098
206,178,24099
206,179,24096
206,180,24100
206,181,24240
206,182,24228
206,183,24226
206,184,24219
206,185,24227
206,186,24229
206,187,24327
206,188,24366
206,189,24406
206,190,24454
206,191,24631
206,192,24633
206,193,24660
206,194,24690
206,195,24670
206,196,24645
206,197,24659
206,198,24647
206,199,24649
206,200,24667
206,201,24652
206,202,24640
206,203,24642
206,204,24671
206,205,24612
206,206,24644
206,207,24664
206,208,24678
206,209,24686
206,210,25154
206,211,25155
206,212,25295
206,213,25357
206,214,25355
206,215,25333
206,216,25358
206,217,25347
206,218,25323
206,219,25337
206,220,25359
206,221,25356
206,222,25336
206,223,25334
206,224,25344
206,225,25363
206,226,25364
206,227,25338
206,228,25365
206,229,25339
206,230,25328
206,231,25921
206,232,25923
206,233,26026
206,234,26047
206,235,26166
206,236,26145
206,237,26162
206,238,26165
206,239,26140
206,240,26150
206,241,26146
206,242,26163
206,243,26155
206,244,26170
206,245,26141
206,246,26164
206,247,26169
206,248,26158
206,249,26383
206,250,26384
206,251,26561
206,252,26610
206,253,26568
206,254,26554
207,64,26588
207,65,26555
207,66,26616
207,67,26584
207,68,26560
207,69,26551
207,70,26565
207,71,26603
207,72,26596
207,73,26591
207,74,26549
207,75,26573
207,76,26547
207,77,26615
207,78,26614
207,79,26606
207,80,26595
207,81,26562
207,82,26553
207,83,26574
207,84,26599
207,85,26608
207,86,26546
207,87,26620
207,88,26566
207,89,26605
207,90,26572
207,91,26542
207,92,26598
207,93,26587
207,94,26618
207,95,26569
207,96,26570
207,97,26563
207,98,26602
207,99,26571
207,100,27432
207,101,27522
207,102,27524
207,103,27574
207,104,27606
207,105,27608
207,106,27616
207,107,27680
207,108,27681
207,109,27944
207,110,27956
207,111,27949
207,112,27935
207,113,27964
207,114,27967
207,115,27922
207,116,27914
207,117,27866
207,118,27955
207,119,27908
207,120,27929
207,121,27962
207,122,27930
207,123,27921
207,124,27904
207,125,27933
207,126,27970
207,161,27905
207,162,27928
207,163,27959
207,164,27907
207,165,27919
207,166,27968
207,167,27911
207,168,27936
207,169,27948
207,170,27912
207,171,27938
207,172,27913
207,173,27920
207,174,28855
207,175,28831
207,176,28862
207,177,28849
207,178,28848
207,179,28833
207,180,28852
207,181,28853
207,182,28841
207,183,29249
207,184,29257
207,185,29258
207,186,29292
207,187,29296
207,188,29299
207,189,29294
207,190,29386
207,191,29412
207,192,29416
207,193,29419
207,194,29407
207,195,29418
207,196,29414
207,197,29411
207,198,29573
207,199,29644
207,200,29634
207,201,29640
207,202,29637
207,203,29625
207,204,29622
207,205,29621
207,206,29620
207,207,29675
207,208,29631
207,209,29639
207,210,29630
207,211,29635
207,212,29638
207,213,29624
207,214,29643
207,215,29932
207,216,29934
207,217,29998
207,218,30023
207,219,30024
207,220,30119
207,221,30122
207,222,30329
207,223,30404
207,224,30472
207,225,30467
207,226,30468
207,227,30469
207,228,30474
207,229,30455
207,230,30459
207,231,30458
207,232,30695
207,233,30696
207,234,30726
207,235,30737
207,236,30738
207,237,30725
207,238,30736
207,239,30735
207,240,30734
207,241,30729
207,242,30723
207,243,30739
207,244,31050
207,245,31052
207,246,31051
207,247,31045
207,248,31044
207,249,31189
207,250,31181
207,251,31183
207,252,31190
207,253,31182
207,254,31360
208,64,31358
208,65,31441
208,66,31488
208,67,31489
208,68,31866
208,69,31864
208,70,31865
208,71,31871
208,72,31872
208,73,31873
208,74,32003
208,75,32008
208,76,32001
208,77,32600
208,78,32657
208,79,32653
208,80,32702
208,81,32775
208,82,32782
208,83,32783
208,84,32788
208,85,32823
208,86,32984
208,87,32967
208,88,32992
208,89,32977
208,90,32968
208,91,32962
208,92,32976
208,93,32965
208,94,32995
208,95,32985
208,96,32988
208,97,32970
208,98,32981
208,99,32969
208,100,32975
208,101,32983
208,102,32998
208,103,32973
208,104,33279
208,105,33313
208,106,33428
208,107,33497
208,108,33534
208,109,33529
208,110,33543
208,111,33512
208,112,33536
208,113,33493
208,114,33594
208,115,33515
208,116,33494
208,117,33524
208,118,33516
208,119,33505
208,120,33522
208,121,33525
208,122,33548
208,123,33531
208,124,33526
208,125,33520
208,126,33514
208,161,33508
208,162,33504
208,163,33530
208,164,33523
208,165,33517
208,166,34423
208,167,34420
208,168,34428
208,169,34419
208,170,34881
208,171,34894
208,172,34919
208,173,34922
208,174,34921
208,175,35283
208,176,35332
208,177,35335
208,178,36210
208,179,36835
208,180,36833
208,181,36846
208,182,36832
208,183,37105
208,184,37053
208,185,37055
208,186,37077
208,187,37061
208,188,37054
208,189,37063
208,190,37067
208,191,37064
208,192,37332
208,193,37331
208,194,38484
208,195,38479
208,196,38481
208,197,38483
208,198,38474
208,199,38478
208,200,20510
208,201,20485
208,202,20487
208,203,20499
208,204,20514
208,205,20528
208,206,20507
208,207,20469
208,208,20468
208,209,20531
208,210,20535
208,211,20524
208,212,20470
208,213,20471
208,214,20503
208,215,20508
208,216,20512
208,217,20519
208,218,20533
208,219,20527
208,220,20529
208,221,20494
208,222,20826
208,223,20884
208,224,20883
208,225,20938
208,226,20932
208,227,20933
208,228,20936
208,229,20942
208,230,21089
208,231,21082
208,232,21074
208,233,21086
208,234,21087
208,235,21077
208,236,21090
208,237,21197
208,238,21262
208,239,21406
208,240,21798
208,241,21730
208,242,21783
208,243,21778
208,244,21735
208,245,21747
208,246,21732
208,247,21786
208,248,21759
208,249,21764
208,250,21768
208,251,21739
208,252,21777
208,253,21765
208,254,21745
209,64,21770
209,65,21755
209,66,21751
209,67,21752
209,68,21728
209,69,21774
209,70,21763
209,71,21771
209,72,22273
209,73,22274
209,74,22476
209,75,22578
209,76,22485
209,77,22482
209,78,22458
209,79,22470
209,80,22461
209,81,22460
209,82,22456
209,83,22454
209,84,22463
209,85,22471
209,86,22480
209,87,22457
209,88,22465
209,89,22798
209,90,22858
209,91,23065
209,92,23062
209,93,23085
209,94,23086
209,95,23061
209,96,23055
209,97,23063
209,98,23050
209,99,23070
209,100,23091
209,101,23404
209,102,23463
209,103,23469
209,104,23468
209,105,23555
209,106,23638
209,107,23636
209,108,23788
209,109,23807
209,110,23790
209,111,23793
209,112,23799
209,113,23808
209,114,23801
209,115,24105
209,116,24104
209,117,24232
209,118,24238
209,119,24234
209,120,24236
209,121,24371
209,122,24368
209,123,24423
209,124,24669
209,125,24666
209,126,24679
209,161,24641
209,162,24738
209,163,24712
209,164,24704
209,165,24722
209,166,24705
209,167,24733
209,168,24707
209,169,24725
209,170,24731
209,171,24727
209,172,24711
209,173,24732
209,174,24718
209,175,25113
209,176,25158
209,177,25330
209,178,25360
209,179,25430
209,180,25388
209,181,25412
209,182,25413
209,183,25398
209,184,25411
209,185,25572
209,186,25401
209,187,25419
209,188,25418
209,189,25404
209,190,25385
209,191,25409
209,192,25396
209,193,25432
209,194,25428
209,195,25433
209,196,25389
209,197,25415
209,198,25395
209,199,25434
209,200,25425
209,201,25400
209,202,25431
209,203,25408
209,204,25416
209,205,25930
209,206,25926
209,207,26054
209,208,26051
209,209,26052
209,210,26050
209,211,26186
209,212,26207
209,213,26183
209,214,26193
209,215,26386
209,216,26387
209,217,26655
209,218,26650
209,219,26697
209,220,26674
209,221,26675
209,222,26683
209,223,26699
209,224,26703
209,225,26646
209,226,26673
209,227,26652
209,228,26677
209,229,26667
209,230,26669
209,231,26671
209,232,26702
209,233,26692
209,234,26676
209,235,26653
209,236,26642
209,237,26644
209,238,26662
209,239,26664
209,240,26670
209,241,26701
209,242,26682
209,243,26661
209,244,26656
209,245,27436
209,246,27439
209,247,27437
209,248,27441
209,249,27444
209,250,27501
209,251,32898
209,252,27528
209,253,27622
209,254,27620
210,64,27624
210,65,27619
210,66,27618
210,67,27623
210,68,27685
210,69,28026
210,70,28003
210,71,28004
210,72,28022
210,73,27917
210,74,28001
210,75,28050
210,76,27992
210,77,28002
210,78,28013
210,79,28015
210,80,28049
210,81,28045
210,82,28143
210,83,28031
210,84,28038
210,85,27998
210,86,28007
210,87,28000
210,88,28055
210,89,28016
210,90,28028
210,91,27999
210,92,28034
210,93,28056
210,94,27951
210,95,28008
210,96,28043
210,97,28030
210,98,28032
210,99,28036
210,100,27926
210,101,28035
210,102,28027
210,103,28029
210,104,28021
210,105,28048
210,106,28892
210,107,28883
210,108,28881
210,109,28893
210,110,28875
210,111,32569
210,112,28898
210,113,28887
210,114,28882
210,115,28894
210,116,28896
210,117,28884
210,118,28877
210,119,28869
210,120,28870
210,121,28871
210,122,28890
210,123,28878
210,124,28897
210,125,29250
210,126,29304
210,161,29303
210,162,29302
210,163,29440
210,164,29434
210,165,29428
210,166,29438
210,167,29430
210,168,29427
210,169,29435
210,170,29441
210,171,29651
210,172,29657
210,173,29669
210,174,29654
210,175,29628
210,176,29671
210,177,29667
210,178,29673
210,179,29660
210,180,29650
210,181,29659
210,182,29652
210,183,29661
210,184,29658
210,185,29655
210,186,29656
210,187,29672
210,188,29918
210,189,29919
210,190,29940
210,191,29941
210,192,29985
210,193,30043
210,194,30047
210,195,30128
210,196,30145
210,197,30139
210,198,30148
210,199,30144
210,200,30143
210,201,30134
210,202,30138
210,203,30346
210,204,30409
210,205,30493
210,206,30491
210,207,30480
210,208,30483
210,209,30482
210,210,30499
210,211,30481
210,212,30485
210,213,30489
210,214,30490
210,215,30498
210,216,30503
210,217,30755
210,218,30764
210,219,30754
210,220,30773
210,221,30767
210,222,30760
210,223,30766
210,224,30763
210,225,30753
210,226,30761
210,227,30771
210,228,30762
210,229,30769
210,230,31060
210,231,31067
210,232,31055
210,233,31068
210,234,31059
210,235,31058
210,236,31057
210,237,31211
210,238,31212
210,239,31200
210,240,31214
210,241,31213
210,242,31210
210,243,31196
210,244,31198
210,245,31197
210,246,31366
210,247,31369
210,248,31365
210,249,31371
210,250,31372
210,251,31370
210,252,31367
210,253,31448
210,254,31504
211,64,31492
211,65,31507
211,66,31493
211,67,31503
211,68,31496
211,69,31498
211,70,31502
211,71,31497
211,72,31506
211,73,31876
211,74,31889
211,75,31882
211,76,31884
211,77,31880
211,78,31885
211,79,31877
211,80,32030
211,81,32029
211,82,32017
211,83,32014
211,84,32024
211,85,32022
211,86,32019
211,87,32031
211,88,32018
211,89,32015
211,90,32012
211,91,32604
211,92,32609
211,93,32606
211,94,32608
211,95,32605
211,96,32603
211,97,32662
211,98,32658
211,99,32707
211,100,32706
211,101,32704
211,102,32790
211,103,32830
211,104,32825
211,105,33018
211,106,33010
211,107,33017
211,108,33013
211,109,33025
211,110,33019
211,111,33024
211,112,33281
211,113,33327
211,114,33317
211,115,33587
211,116,33581
211,117,33604
211,118,33561
211,119,33617
211,120,33573
211,121,33622
211,122,33599
211,123,33601
211,124,33574
211,125,33564
211,126,33570
211,161,33602
211,162,33614
211,163,33563
211,164,33578
211,165,33544
211,166,33596
211,167,33613
211,168,33558
211,169,33572
211,170,33568
211,171,33591
211,172,33583
211,173,33577
211,174,33607
211,175,33605
211,176,33612
211,177,33619
211,178,33566
211,179,33580
211,180,33611
211,181,33575
211,182,33608
211,183,34387
211,184,34386
211,185,34466
211,186,34472
211,187,34454
211,188,34445
211,189,34449
211,190,34462
211,191,34439
211,192,34455
211,193,34438
211,194,34443
211,195,34458
211,196,34437
211,197,34469
211,198,34457
211,199,34465
211,200,34471
211,201,34453
211,202,34456
211,203,34446
211,204,34461
211,205,34448
211,206,34452
211,207,34883
211,208,34884
211,209,34925
211,210,34933
211,211,34934
211,212,34930
211,213,34944
211,214,34929
211,215,34943
211,216,34927
211,217,34947
211,218,34942
211,219,34932
211,220,34940
211,221,35346
211,222,35911
211,223,35927
211,224,35963
211,225,36004
211,226,36003
211,227,36214
211,228,36216
211,229,36277
211,230,36279
211,231,36278
211,232,36561
211,233,36563
211,234,36862
211,235,36853
211,236,36866
211,237,36863
211,238,36859
211,239,36868
211,240,36860
211,241,36854
211,242,37078
211,243,37088
211,244,37081
211,245,37082
211,246,37091
211,247,37087
211,248,37093
211,249,37080
211,250,37083
211,251,37079
211,252,37084
211,253,37092
211,254,37200
212,64,37198
212,65,37199
212,66,37333
212,67,37346
212,68,37338
212,69,38492
212,70,38495
212,71,38588
212,72,39139
212,73,39647
212,74,39727
212,75,20095
212,76,20592
212,77,20586
212,78,20577
212,79,20574
212,80,20576
212,81,20563
212,82,20555
212,83,20573
212,84,20594
212,85,20552
212,86,20557
212,87,20545
212,88,20571
212,89,20554
212,90,20578
212,91,20501
212,92,20549
212,93,20575
212,94,20585
212,95,20587
212,96,20579
212,97,20580
212,98,20550
212,99,20544
212,100,20590
212,101,20595
212,102,20567
212,103,20561
212,104,20944
212,105,21099
212,106,21101
212,107,21100
212,108,21102
212,109,21206
212,110,21203
212,111,21293
212,112,21404
212,113,21877
212,114,21878
212,115,21820
212,116,21837
212,117,21840
212,118,21812
212,119,21802
212,120,21841
212,121,21858
212,122,21814
212,123,21813
212,124,21808
212,125,21842
212,126,21829
212,161,21772
212,162,21810
212,163,21861
212,164,21838
212,165,21817
212,166,21832
212,167,21805
212,168,21819
212,169,21824
212,170,21835
212,171,22282
212,172,22279
212,173,22523
212,174,22548
212,175,22498
212,176,22518
212,177,22492
212,178,22516
212,179,22528
212,180,22509
212,181,22525
212,182,22536
212,183,22520
212,184,22539
212,185,22515
212,186,22479
212,187,22535
212,188,22510
212,189,22499
212,190,22514
212,191,22501
212,192,22508
212,193,22497
212,194,22542
212,195,22524
212,196,22544
212,197,22503
212,198,22529
212,199,22540
212,200,22513
212,201,22505
212,202,22512
212,203,22541
212,204,22532
212,205,22876
212,206,23136
212,207,23128
212,208,23125
212,209,23143
212,210,23134
212,211,23096
212,212,23093
212,213,23149
212,214,23120
212,215,23135
212,216,23141
212,217,23148
212,218,23123
212,219,23140
212,220,23127
212,221,23107
212,222,23133
212,223,23122
212,224,23108
212,225,23131
212,226,23112
212,227,23182
212,228,23102
212,229,23117
212,230,23097
212,231,23116
212,232,23152
212,233,23145
212,234,23111
212,235,23121
212,236,23126
212,237,23106
212,238,23132
212,239,23410
212,240,23406
212,241,23489
212,242,23488
212,243,23641
212,244,23838
212,245,23819
212,246,23837
212,247,23834
212,248,23840
212,249,23820
212,250,23848
212,251,23821
212,252,23846
212,253,23845
212,254,23823
213,64,23856
213,65,23826
213,66,23843
213,67,23839
213,68,23854
213,69,24126
213,70,24116
213,71,24241
213,72,24244
213,73,24249
213,74,24242
213,75,24243
213,76,24374
213,77,24376
213,78,24475
213,79,24470
213,80,24479
213,81,24714
213,82,24720
213,83,24710
213,84,24766
213,85,24752
213,86,24762
213,87,24787
213,88,24788
213,89,24783
213,90,24804
213,91,24793
213,92,24797
213,93,24776
213,94,24753
213,95,24795
213,96,24759
213,97,24778
213,98,24767
213,99,24771
213,100,24781
213,101,24768
213,102,25394
213,103,25445
213,104,25482
213,105,25474
213,106,25469
213,107,25533
213,108,25502
213,109,25517
213,110,25501
213,111,25495
213,112,25515
213,113,25486
213,114,25455
213,115,25479
213,116,25488
213,117,25454
213,118,25519
213,119,25461
213,120,25500
213,121,25453
213,122,25518
213,123,25468
213,124,25508
213,125,25403
213,126,25503
213,161,25464
213,162,25477
213,163,25473
213,164,25489
213,165,25485
213,166,25456
213,167,25939
213,168,26061
213,169,26213
213,170,26209
213,171,26203
213,172,26201
213,173,26204
213,174,26210
213,175,26392
213,176,26745
213,177,26759
213,178,26768
213,179,26780
213,180,26733
213,181,26734
213,182,26798
213,183,26795
213,184,26966
213,185,26735
213,186,26787
213,187,26796
213,188,26793
213,189,26741
213,190,26740
213,191,26802
213,192,26767
213,193,26743
213,194,26770
213,195,26748
213,196,26731
213,197,26738
213,198,26794
213,199,26752
213,200,26737
213,201,26750
213,202,26779
213,203,26774
213,204,26763
213,205,26784
213,206,26761
213,207,26788
213,208,26744
213,209,26747
213,210,26769
213,211,26764
213,212,26762
213,213,26749
213,214,27446
213,215,27443
213,216,27447
213,217,27448
213,218,27537
213,219,27535
213,220,27533
213,221,27534
213,222,27532
213,223,27690
213,224,28096
213,225,28075
213,226,28084
213,227,28083
213,228,28276
213,229,28076
213,230,28137
213,231,28130
213,232,28087
213,233,28150
213,234,28116
213,235,28160
213,236,28104
213,237,28128
213,238,28127
213,239,28118
213,240,28094
213,241,28133
213,242,28124
213,243,28125
213,244,28123
213,245,28148
213,246,28106
213,247,28093
213,248,28141
213,249,28144
213,250,28090
213,251,28117
213,252,28098
213,253,28111
213,254,28105
214,64,28112
214,65,28146
214,66,28115
214,67,28157
214,68,28119
214,69,28109
214,70,28131
214,71,28091
214,72,28922
214,73,28941
214,74,28919
214,75,28951
214,76,28916
214,77,28940
214,78,28912
214,79,28932
214,80,28915
214,81,28944
214,82,28924
214,83,28927
214,84,28934
214,85,28947
214,86,28928
214,87,28920
214,88,28918
214,89,28939
214,90,28930
214,91,28942
214,92,29310
214,93,29307
214,94,29308
214,95,29311
214,96,29469
214,97,29463
214,98,29447
214,99,29457
214,100,29464
214,101,29450
214,102,29448
214,103,29439
214,104,29455
214,105,29470
214,106,29576
214,107,29686
214,108,29688
214,109,29685
214,110,29700
214,111,29697
214,112,29693
214,113,29703
214,114,29696
214,115,29690
214,116,29692
214,117,29695
214,118,29708
214,119,29707
214,120,29684
214,121,29704
214,122,30052
214,123,30051
214,124,30158
214,125,30162
214,126,30159
214,161,30155
214,162,30156
214,163,30161
214,164,30160
214,165,30351
214,166,30345
214,167,30419
214,168,30521
214,169,30511
214,170,30509
214,171,30513
214,172,30514
214,173,30516
214,174,30515
214,175,30525
214,176,30501
214,177,30523
214,178,30517
214,179,30792
214,180,30802
214,181,30793
214,182,30797
214,183,30794
214,184,30796
214,185,30758
214,186,30789
214,187,30800
214,188,31076
214,189,31079
214,190,31081
214,191,31082
214,192,31075
214,193,31083
214,194,31073
214,195,31163
214,196,31226
214,197,31224
214,198,31222
214,199,31223
214,200,31375
214,201,31380
214,202,31376
214,203,31541
214,204,31559
214,205,31540
214,206,31525
214,207,31536
214,208,31522
214,209,31524
214,210,31539
214,211,31512
214,212,31530
214,213,31517
214,214,31537
214,215,31531
214,216,31533
214,217,31535
214,218,31538
214,219,31544
214,220,31514
214,221,31523
214,222,31892
214,223,31896
214,224,31894
214,225,31907
214,226,32053
214,227,32061
214,228,32056
214,229,32054
214,230,32058
214,231,32069
214,232,32044
214,233,32041
214,234,32065
214,235,32071
214,236,32062
214,237,32063
214,238,32074
214,239,32059
214,240,32040
214,241,32611
214,242,32661
214,243,32668
214,244,32669
214,245,32667
214,246,32714
214,247,32715
214,248,32717
214,249,32720
214,250,32721
214,251,32711
214,252,32719
214,253,32713
214,254,32799
215,64,32798
215,65,32795
215,66,32839
215,67,32835
215,68,32840
215,69,33048
215,70,33061
215,71,33049
215,72,33051
215,73,33069
215,74,33055
215,75,33068
215,76,33054
215,77,33057
215,78,33045
215,79,33063
215,80,33053
215,81,33058
215,82,33297
215,83,33336
215,84,33331
215,85,33338
215,86,33332
215,87,33330
215,88,33396
215,89,33680
215,90,33699
215,91,33704
215,92,33677
215,93,33658
215,94,33651
215,95,33700
215,96,33652
215,97,33679
215,98,33665
215,99,33685
215,100,33689
215,101,33653
215,102,33684
215,103,33705
215,104,33661
215,105,33667
215,106,33676
215,107,33693
215,108,33691
215,109,33706
215,110,33675
215,111,33662
215,112,33701
215,113,33711
215,114,33672
215,115,33687
215,116,33712
215,117,33663
215,118,33702
215,119,33671
215,120,33710
215,121,33654
215,122,33690
215,123,34393
215,124,34390
215,125,34495
215,126,34487
215,161,34498
215,162,34497
215,163,34501
215,164,34490
215,165,34480
215,166,34504
215,167,34489
215,168,34483
215,169,34488
215,170,34508
215,171,34484
215,172,34491
215,173,34492
215,174,34499
215,175,34493
215,176,34494
215,177,34898
215,178,34953
215,179,34965
215,180,34984
215,181,34978
215,182,34986
215,183,34970
215,184,34961
215,185,34977
215,186,34975
215,187,34968
215,188,34983
215,189,34969
215,190,34971
215,191,34967
215,192,34980
215,193,34988
215,194,34956
215,195,34963
215,196,34958
215,197,35202
215,198,35286
215,199,35289
215,200,35285
215,201,35376
215,202,35367
215,203,35372
215,204,35358
215,205,35897
215,206,35899
215,207,35932
215,208,35933
215,209,35965
215,210,36005
215,211,36221
215,212,36219
215,213,36217
215,214,36284
215,215,36290
215,216,36281
215,217,36287
215,218,36289
215,219,36568
215,220,36574
215,221,36573
215,222,36572
215,223,36567
215,224,36576
215,225,36577
215,226,36900
215,227,36875
215,228,36881
215,229,36892
215,230,36876
215,231,36897
215,232,37103
215,233,37098
215,234,37104
215,235,37108
215,236,37106
215,237,37107
215,238,37076
215,239,37099
215,240,37100
215,241,37097
215,242,37206
215,243,37208
215,244,37210
215,245,37203
215,246,37205
215,247,37356
215,248,37364
215,249,37361
215,250,37363
215,251,37368
215,252,37348
215,253,37369
215,254,37354
216,64,37355
216,65,37367
216,66,37352
216,67,37358
216,68,38266
216,69,38278
216,70,38280
216,71,38524
216,72,38509
216,73,38507
216,74,38513
216,75,38511
216,76,38591
216,77,38762
216,78,38916
216,79,39141
216,80,39319
216,81,20635
216,82,20629
216,83,20628
216,84,20638
216,85,20619
216,86,20643
216,87,20611
216,88,20620
216,89,20622
216,90,20637
216,91,20584
216,92,20636
216,93,20626
216,94,20610
216,95,20615
216,96,20831
216,97,20948
216,98,21266
216,99,21265
216,100,21412
216,101,21415
216,102,21905
216,103,21928
216,104,21925
216,105,21933
216,106,21879
216,107,22085
216,108,21922
216,109,21907
216,110,21896
216,111,21903
216,112,21941
216,113,21889
216,114,21923
216,115,21906
216,116,21924
216,117,21885
216,118,21900
216,119,21926
216,120,21887
216,121,21909
216,122,21921
216,123,21902
216,124,22284
216,125,22569
216,126,22583
216,161,22553
216,162,22558
216,163,22567
216,164,22563
216,165,22568
216,166,22517
216,167,22600
216,168,22565
216,169,22556
216,170,22555
216,171,22579
216,172,22591
216,173,22582
216,174,22574
216,175,22585
216,176,22584
216,177,22573
216,178,22572
216,179,22587
216,180,22881
216,181,23215
216,182,23188
216,183,23199
216,184,23162
216,185,23202
216,186,23198
216,187,23160
216,188,23206
216,189,23164
216,190,23205
216,191,23212
216,192,23189
216,193,23214
216,194,23095
216,195,23172
216,196,23178
216,197,23191
216,198,23171
216,199,23179
216,200,23209
216,201,23163
216,202,23165
216,203,23180
216,204,23196
216,205,23183
216,206,23187
216,207,23197
216,208,23530
216,209,23501
216,210,23499
216,211,23508
216,212,23505
216,213,23498
216,214,23502
216,215,23564
216,216,23600
216,217,23863
216,218,23875
216,219,23915
216,220,23873
216,221,23883
216,222,23871
216,223,23861
216,224,23889
216,225,23886
216,226,23893
216,227,23859
216,228,23866
216,229,23890
216,230,23869
216,231,23857
216,232,23897
216,233,23874
216,234,23865
216,235,23881
216,236,23864
216,237,23868
216,238,23858
216,239,23862
216,240,23872
216,241,23877
216,242,24132
216,243,24129
216,244,24408
216,245,24486
216,246,24485
216,247,24491
216,248,24777
216,249,24761
216,250,24780
216,251,24802
216,252,24782
216,253,24772
216,254,24852
217,64,24818
217,65,24842
217,66,24854
217,67,24837
217,68,24821
217,69,24851
217,70,24824
217,71,24828
217,72,24830
217,73,24769
217,74,24835
217,75,24856
217,76,24861
217,77,24848
217,78,24831
217,79,24836
217,80,24843
217,81,25162
217,82,25492
217,83,25521
217,84,25520
217,85,25550
217,86,25573
217,87,25576
217,88,25583
217,89,25539
217,90,25757
217,91,25587
217,92,25546
217,93,25568
217,94,25590
217,95,25557
217,96,25586
217,97,25589
217,98,25697
217,99,25567
217,100,25534
217,101,25565
217,102,25564
217,103,25540
217,104,25560
217,105,25555
217,106,25538
217,107,25543
217,108,25548
217,109,25547
217,110,25544
217,111,25584
217,112,25559
217,113,25561
217,114,25906
217,115,25959
217,116,25962
217,117,25956
217,118,25948
217,119,25960
217,120,25957
217,121,25996
217,122,26013
217,123,26014
217,124,26030
217,125,26064
217,126,26066
217,161,26236
217,162,26220
217,163,26235
217,164,26240
217,165,26225
217,166,26233
217,167,26218
217,168,26226
217,169,26369
217,170,26892
217,171,26835
217,172,26884
217,173,26844
217,174,26922
217,175,26860
217,176,26858
217,177,26865
217,178,26895
217,179,26838
217,180,26871
217,181,26859
217,182,26852
217,183,26870
217,184,26899
217,185,26896
217,186,26867
217,187,26849
217,188,26887
217,189,26828
217,190,26888
217,191,26992
217,192,26804
217,193,26897
217,194,26863
217,195,26822
217,196,26900
217,197,26872
217,198,26832
217,199,26877
217,200,26876
217,201,26856
217,202,26891
217,203,26890
217,204,26903
217,205,26830
217,206,26824
217,207,26845
217,208,26846
217,209,26854
217,210,26868
217,211,26833
217,212,26886
217,213,26836
217,214,26857
217,215,26901
217,216,26917
217,217,26823
217,218,27449
217,219,27451
217,220,27455
217,221,27452
217,222,27540
217,223,27543
217,224,27545
217,225,27541
217,226,27581
217,227,27632
217,228,27634
217,229,27635
217,230,27696
217,231,28156
217,232,28230
217,233,28231
217,234,28191
217,235,28233
217,236,28296
217,237,28220
217,238,28221
217,239,28229
217,240,28258
217,241,28203
217,242,28223
217,243,28225
217,244,28253
217,245,28275
217,246,28188
217,247,28211
217,248,28235
217,249,28224
217,250,28241
217,251,28219
217,252,28163
217,253,28206
217,254,28254
218,64,28264
218,65,28252
218,66,28257
218,67,28209
218,68,28200
218,69,28256
218,70,28273
218,71,28267
218,72,28217
218,73,28194
218,74,28208
218,75,28243
218,76,28261
218,77,28199
218,78,28280
218,79,28260
218,80,28279
218,81,28245
218,82,28281
218,83,28242
218,84,28262
218,85,28213
218,86,28214
218,87,28250
218,88,28960
218,89,28958
218,90,28975
218,91,28923
218,92,28974
218,93,28977
218,94,28963
218,95,28965
218,96,28962
218,97,28978
218,98,28959
218,99,28968
218,100,28986
218,101,28955
218,102,29259
218,103,29274
218,104,29320
218,105,29321
218,106,29318
218,107,29317
218,108,29323
218,109,29458
218,110,29451
218,111,29488
218,112,29474
218,113,29489
218,114,29491
218,115,29479
218,116,29490
218,117,29485
218,118,29478
218,119,29475
218,120,29493
218,121,29452
218,122,29742
218,123,29740
218,124,29744
218,125,29739
218,126,29718
218,161,29722
218,162,29729
218,163,29741
218,164,29745
218,165,29732
218,166,29731
218,167,29725
218,168,29737
218,169,29728
218,170,29746
218,171,29947
218,172,29999
218,173,30063
218,174,30060
218,175,30183
218,176,30170
218,177,30177
218,178,30182
218,179,30173
218,180,30175
218,181,30180
218,182,30167
218,183,30357
218,184,30354
218,185,30426
218,186,30534
218,187,30535
218,188,30532
218,189,30541
218,190,30533
218,191,30538
218,192,30542
218,193,30539
218,194,30540
218,195,30686
218,196,30700
218,197,30816
218,198,30820
218,199,30821
218,200,30812
218,201,30829
218,202,30833
218,203,30826
218,204,30830
218,205,30832
218,206,30825
218,207,30824
218,208,30814
218,209,30818
218,210,31092
218,211,31091
218,212,31090
218,213,31088
218,214,31234
218,215,31242
218,216,31235
218,217,31244
218,218,31236
218,219,31385
218,220,31462
218,221,31460
218,222,31562
218,223,31547
218,224,31556
218,225,31560
218,226,31564
218,227,31566
218,228,31552
218,229,31576
218,230,31557
218,231,31906
218,232,31902
218,233,31912
218,234,31905
218,235,32088
218,236,32111
218,237,32099
218,238,32083
218,239,32086
218,240,32103
218,241,32106
218,242,32079
218,243,32109
218,244,32092
218,245,32107
218,246,32082
218,247,32084
218,248,32105
218,249,32081
218,250,32095
218,251,32078
218,252,32574
218,253,32575
218,254,32613
219,64,32614
219,65,32674
219,66,32672
219,67,32673
219,68,32727
219,69,32849
219,70,32847
219,71,32848
219,72,33022
219,73,32980
219,74,33091
219,75,33098
219,76,33106
219,77,33103
219,78,33095
219,79,33085
219,80,33101
219,81,33082
219,82,33254
219,83,33262
219,84,33271
219,85,33272
219,86,33273
219,87,33284
219,88,33340
219,89,33341
219,90,33343
219,91,33397
219,92,33595
219,93,33743
219,94,33785
219,95,33827
219,96,33728
219,97,33768
219,98,33810
219,99,33767
219,100,33764
219,101,33788
219,102,33782
219,103,33808
219,104,33734
219,105,33736
219,106,33771
219,107,33763
219,108,33727
219,109,33793
219,110,33757
219,111,33765
219,112,33752
219,113,33791
219,114,33761
219,115,33739
219,116,33742
219,117,33750
219,118,33781
219,119,33737
219,120,33801
219,121,33807
219,122,33758
219,123,33809
219,124,33798
219,125,33730
219,126,33779
219,161,33749
219,162,33786
219,163,33735
219,164,33745
219,165,33770
219,166,33811
219,167,33731
219,168,33772
219,169,33774
219,170,33732
219,171,33787
219,172,33751
219,173,33762
219,174,33819
219,175,33755
219,176,33790
219,177,34520
219,178,34530
219,179,34534
219,180,34515
219,181,34531
219,182,34522
219,183,34538
219,184,34525
219,185,34539
219,186,34524
219,187,34540
219,188,34537
219,189,34519
219,190,34536
219,191,34513
219,192,34888
219,193,34902
219,194,34901
219,195,35002
219,196,35031
219,197,35001
219,198,35000
219,199,35008
219,200,35006
219,201,34998
219,202,35004
219,203,34999
219,204,35005
219,205,34994
219,206,35073
219,207,35017
219,208,35221
219,209,35224
219,210,35223
219,211,35293
219,212,35290
219,213,35291
219,214,35406
219,215,35405
219,216,35385
219,217,35417
219,218,35392
219,219,35415
219,220,35416
219,221,35396
219,222,35397
219,223,35410
219,224,35400
219,225,35409
219,226,35402
219,227,35404
219,228,35407
219,229,35935
219,230,35969
219,231,35968
219,232,36026
219,233,36030
219,234,36016
219,235,36025
219,236,36021
219,237,36228
219,238,36224
219,239,36233
219,240,36312
219,241,36307
219,242,36301
219,243,36295
219,244,36310
219,245,36316
219,246,36303
219,247,36309
219,248,36313
219,249,36296
219,250,36311
219,251,36293
219,252,36591
219,253,36599
219,254,36602
220,64,36601
220,65,36582
220,66,36590
220,67,36581
220,68,36597
220,69,36583
220,70,36584
220,71,36598
220,72,36587
220,73,36593
220,74,36588
220,75,36596
220,76,36585
220,77,36909
220,78,36916
220,79,36911
220,80,37126
220,81,37164
220,82,37124
220,83,37119
220,84,37116
220,85,37128
220,86,37113
220,87,37115
220,88,37121
220,89,37120
220,90,37127
220,91,37125
220,92,37123
220,93,37217
220,94,37220
220,95,37215
220,96,37218
220,97,37216
220,98,37377
220,99,37386
220,100,37413
220,101,37379
220,102,37402
220,103,37414
220,104,37391
220,105,37388
220,106,37376
220,107,37394
220,108,37375
220,109,37373
220,110,37382
220,111,37380
220,112,37415
220,113,37378
220,114,37404
220,115,37412
220,116,37401
220,117,37399
220,118,37381
220,119,37398
220,120,38267
220,121,38285
220,122,38284
220,123,38288
220,124,38535
220,125,38526
220,126,38536
220,161,38537
220,162,38531
220,163,38528
220,164,38594
220,165,38600
220,166,38595
220,167,38641
220,168,38640
220,169,38764
220,170,38768
220,171,38766
220,172,38919
220,173,39081
220,174,39147
220,175,40166
220,176,40697
220,177,20099
220,178,20100
220,179,20150
220,180,20669
220,181,20671
220,182,20678
220,183,20654
220,184,20676
220,185,20682
220,186,20660
220,187,20680
220,188,20674
220,189,20656
220,190,20673
220,191,20666
220,192,20657
220,193,20683
220,194,20681
220,195,20662
220,196,20664
220,197,20951
220,198,21114
220,199,21112
220,200,21115
220,201,21116
220,202,21955
220,203,21979
220,204,21964
220,205,21968
220,206,21963
220,207,21962
220,208,21981
220,209,21952
220,210,21972
220,211,21956
220,212,21993
220,213,21951
220,214,21970
220,215,21901
220,216,21967
220,217,21973
220,218,21986
220,219,21974
220,220,21960
220,221,22002
220,222,21965
220,223,21977
220,224,21954
220,225,22292
220,226,22611
220,227,22632
220,228,22628
220,229,22607
220,230,22605
220,231,22601
220,232,22639
220,233,22613
220,234,22606
220,235,22621
220,236,22617
220,237,22629
220,238,22619
220,239,22589
220,240,22627
220,241,22641
220,242,22780
220,243,23239
220,244,23236
220,245,23243
220,246,23226
220,247,23224
220,248,23217
220,249,23221
220,250,23216
220,251,23231
220,252,23240
220,253,23227
220,254,23238
221,64,23223
221,65,23232
221,66,23242
221,67,23220
221,68,23222
221,69,23245
221,70,23225
221,71,23184
221,72,23510
221,73,23512
221,74,23513
221,75,23583
221,76,23603
221,77,23921
221,78,23907
221,79,23882
221,80,23909
221,81,23922
221,82,23916
221,83,23902
221,84,23912
221,85,23911
221,86,23906
221,87,24048
221,88,24143
221,89,24142
221,90,24138
221,91,24141
221,92,24139
221,93,24261
221,94,24268
221,95,24262
221,96,24267
221,97,24263
221,98,24384
221,99,24495
221,100,24493
221,101,24823
221,102,24905
221,103,24906
221,104,24875
221,105,24901
221,106,24886
221,107,24882
221,108,24878
221,109,24902
221,110,24879
221,111,24911
221,112,24873
221,113,24896
221,114,25120
221,115,37224
221,116,25123
221,117,25125
221,118,25124
221,119,25541
221,120,25585
221,121,25579
221,122,25616
221,123,25618
221,124,25609
221,125,25632
221,126,25636
221,161,25651
221,162,25667
221,163,25631
221,164,25621
221,165,25624
221,166,25657
221,167,25655
221,168,25634
221,169,25635
221,170,25612
221,171,25638
221,172,25648
221,173,25640
221,174,25665
221,175,25653
221,176,25647
221,177,25610
221,178,25626
221,179,25664
221,180,25637
221,181,25639
221,182,25611
221,183,25575
221,184,25627
221,185,25646
221,186,25633
221,187,25614
221,188,25967
221,189,26002
221,190,26067
221,191,26246
221,192,26252
221,193,26261
221,194,26256
221,195,26251
221,196,26250
221,197,26265
221,198,26260
221,199,26232
221,200,26400
221,201,26982
221,202,26975
221,203,26936
221,204,26958
221,205,26978
221,206,26993
221,207,26943
221,208,26949
221,209,26986
221,210,26937
221,211,26946
221,212,26967
221,213,26969
221,214,27002
221,215,26952
221,216,26953
221,217,26933
221,218,26988
221,219,26931
221,220,26941
221,221,26981
221,222,26864
221,223,27000
221,224,26932
221,225,26985
221,226,26944
221,227,26991
221,228,26948
221,229,26998
221,230,26968
221,231,26945
221,232,26996
221,233,26956
221,234,26939
221,235,26955
221,236,26935
221,237,26972
221,238,26959
221,239,26961
221,240,26930
221,241,26962
221,242,26927
221,243,27003
221,244,26940
221,245,27462
221,246,27461
221,247,27459
221,248,27458
221,249,27464
221,250,27457
221,251,27547
221,252,64013
221,253,27643
221,254,27644
222,64,27641
222,65,27639
222,66,27640
222,67,28315
222,68,28374
222,69,28360
222,70,28303
222,71,28352
222,72,28319
222,73,28307
222,74,28308
222,75,28320
222,76,28337
222,77,28345
222,78,28358
222,79,28370
222,80,28349
222,81,28353
222,82,28318
222,83,28361
222,84,28343
222,85,28336
222,86,28365
222,87,28326
222,88,28367
222,89,28338
222,90,28350
222,91,28355
222,92,28380
222,93,28376
222,94,28313
222,95,28306
222,96,28302
222,97,28301
222,98,28324
222,99,28321
222,100,28351
222,101,28339
222,102,28368
222,103,28362
222,104,28311
222,105,28334
222,106,28323
222,107,28999
222,108,29012
222,109,29010
222,110,29027
222,111,29024
222,112,28993
222,113,29021
222,114,29026
222,115,29042
222,116,29048
222,117,29034
222,118,29025
222,119,28994
222,120,29016
222,121,28995
222,122,29003
222,123,29040
222,124,29023
222,125,29008
222,126,29011
222,161,28996
222,162,29005
222,163,29018
222,164,29263
222,165,29325
222,166,29324
222,167,29329
222,168,29328
222,169,29326
222,170,29500
222,171,29506
222,172,29499
222,173,29498
222,174,29504
222,175,29514
222,176,29513
222,177,29764
222,178,29770
222,179,29771
222,180,29778
222,181,29777
222,182,29783
222,183,29760
222,184,29775
222,185,29776
222,186,29774
222,187,29762
222,188,29766
222,189,29773
222,190,29780
222,191,29921
222,192,29951
222,193,29950
222,194,29949
222,195,29981
222,196,30073
222,197,30071
222,198,27011
222,199,30191
222,200,30223
222,201,30211
222,202,30199
222,203,30206
222,204,30204
222,205,30201
222,206,30200
222,207,30224
222,208,30203
222,209,30198
222,210,30189
222,211,30197
222,212,30205
222,213,30361
222,214,30389
222,215,30429
222,216,30549
222,217,30559
222,218,30560
222,219,30546
222,220,30550
222,221,30554
222,222,30569
222,223,30567
222,224,30548
222,225,30553
222,226,30573
222,227,30688
222,228,30855
222,229,30874
222,230,30868
222,231,30863
222,232,30852
222,233,30869
222,234,30853
222,235,30854
222,236,30881
222,237,30851
222,238,30841
222,239,30873
222,240,30848
222,241,30870
222,242,30843
222,243,31100
222,244,31106
222,245,31101
222,246,31097
222,247,31249
222,248,31256
222,249,31257
222,250,31250
222,251,31255
222,252,31253
222,253,31266
222,254,31251
223,64,31259
223,65,31248
223,66,31395
223,67,31394
223,68,31390
223,69,31467
223,70,31590
223,71,31588
223,72,31597
223,73,31604
223,74,31593
223,75,31602
223,76,31589
223,77,31603
223,78,31601
223,79,31600
223,80,31585
223,81,31608
223,82,31606
223,83,31587
223,84,31922
223,85,31924
223,86,31919
223,87,32136
223,88,32134
223,89,32128
223,90,32141
223,91,32127
223,92,32133
223,93,32122
223,94,32142
223,95,32123
223,96,32131
223,97,32124
223,98,32140
223,99,32148
223,100,32132
223,101,32125
223,102,32146
223,103,32621
223,104,32619
223,105,32615
223,106,32616
223,107,32620
223,108,32678
223,109,32677
223,110,32679
223,111,32731
223,112,32732
223,113,32801
223,114,33124
223,115,33120
223,116,33143
223,117,33116
223,118,33129
223,119,33115
223,120,33122
223,121,33138
223,122,26401
223,123,33118
223,124,33142
223,125,33127
223,126,33135
223,161,33092
223,162,33121
223,163,33309
223,164,33353
223,165,33348
223,166,33344
223,167,33346
223,168,33349
223,169,34033
223,170,33855
223,171,33878
223,172,33910
223,173,33913
223,174,33935
223,175,33933
223,176,33893
223,177,33873
223,178,33856
223,179,33926
223,180,33895
223,181,33840
223,182,33869
223,183,33917
223,184,33882
223,185,33881
223,186,33908
223,187,33907
223,188,33885
223,189,34055
223,190,33886
223,191,33847
223,192,33850
223,193,33844
223,194,33914
223,195,33859
223,196,33912
223,197,33842
223,198,33861
223,199,33833
223,200,33753
223,201,33867
223,202,33839
223,203,33858
223,204,33837
223,205,33887
223,206,33904
223,207,33849
223,208,33870
223,209,33868
223,210,33874
223,211,33903
223,212,33989
223,213,33934
223,214,33851
223,215,33863
223,216,33846
223,217,33843
223,218,33896
223,219,33918
223,220,33860
223,221,33835
223,222,33888
223,223,33876
223,224,33902
223,225,33872
223,226,34571
223,227,34564
223,228,34551
223,229,34572
223,230,34554
223,231,34518
223,232,34549
223,233,34637
223,234,34552
223,235,34574
223,236,34569
223,237,34561
223,238,34550
223,239,34573
223,240,34565
223,241,35030
223,242,35019
223,243,35021
223,244,35022
223,245,35038
223,246,35035
223,247,35034
223,248,35020
223,249,35024
223,250,35205
223,251,35227
223,252,35295
223,253,35301
223,254,35300
224,64,35297
224,65,35296
224,66,35298
224,67,35292
224,68,35302
224,69,35446
224,70,35462
224,71,35455
224,72,35425
224,73,35391
224,74,35447
224,75,35458
224,76,35460
224,77,35445
224,78,35459
224,79,35457
224,80,35444
224,81,35450
224,82,35900
224,83,35915
224,84,35914
224,85,35941
224,86,35940
224,87,35942
224,88,35974
224,89,35972
224,90,35973
224,91,36044
224,92,36200
224,93,36201
224,94,36241
224,95,36236
224,96,36238
224,97,36239
224,98,36237
224,99,36243
224,100,36244
224,101,36240
224,102,36242
224,103,36336
224,104,36320
224,105,36332
224,106,36337
224,107,36334
224,108,36304
224,109,36329
224,110,36323
224,111,36322
224,112,36327
224,113,36338
224,114,36331
224,115,36340
224,116,36614
224,117,36607
224,118,36609
224,119,36608
224,120,36613
224,121,36615
224,122,36616
224,123,36610
224,124,36619
224,125,36946
224,126,36927
224,161,36932
224,162,36937
224,163,36925
224,164,37136
224,165,37133
224,166,37135
224,167,37137
224,168,37142
224,169,37140
224,170,37131
224,171,37134
224,172,37230
224,173,37231
224,174,37448
224,175,37458
224,176,37424
224,177,37434
224,178,37478
224,179,37427
224,180,37477
224,181,37470
224,182,37507
224,183,37422
224,184,37450
224,185,37446
224,186,37485
224,187,37484
224,188,37455
224,189,37472
224,190,37479
224,191,37487
224,192,37430
224,193,37473
224,194,37488
224,195,37425
224,196,37460
224,197,37475
224,198,37456
224,199,37490
224,200,37454
224,201,37459
224,202,37452
224,203,37462
224,204,37426
224,205,38303
224,206,38300
224,207,38302
224,208,38299
224,209,38546
224,210,38547
224,211,38545
224,212,38551
224,213,38606
224,214,38650
224,215,38653
224,216,38648
224,217,38645
224,218,38771
224,219,38775
224,220,38776
224,221,38770
224,222,38927
224,223,38925
224,224,38926
224,225,39084
224,226,39158
224,227,39161
224,228,39343
224,229,39346
224,230,39344
224,231,39349
224,232,39597
224,233,39595
224,234,39771
224,235,40170
224,236,40173
224,237,40167
224,238,40576
224,239,40701
224,240,20710
224,241,20692
224,242,20695
224,243,20712
224,244,20723
224,245,20699
224,246,20714
224,247,20701
224,248,20708
224,249,20691
224,250,20716
224,251,20720
224,252,20719
224,253,20707
224,254,20704
225,64,20952
225,65,21120
225,66,21121
225,67,21225
225,68,21227
225,69,21296
225,70,21420
225,71,22055
225,72,22037
225,73,22028
225,74,22034
225,75,22012
225,76,22031
225,77,22044
225,78,22017
225,79,22035
225,80,22018
225,81,22010
225,82,22045
225,83,22020
225,84,22015
225,85,22009
225,86,22665
225,87,22652
225,88,22672
225,89,22680
225,90,22662
225,91,22657
225,92,22655
225,93,22644
225,94,22667
225,95,22650
225,96,22663
225,97,22673
225,98,22670
225,99,22646
225,100,22658
225,101,22664
225,102,22651
225,103,22676
225,104,22671
225,105,22782
225,106,22891
225,107,23260
225,108,23278
225,109,23269
225,110,23253
225,111,23274
225,112,23258
225,113,23277
225,114,23275
225,115,23283
225,116,23266
225,117,23264
225,118,23259
225,119,23276
225,120,23262
225,121,23261
225,122,23257
225,123,23272
225,124,23263
225,125,23415
225,126,23520
225,161,23523
225,162,23651
225,163,23938
225,164,23936
225,165,23933
225,166,23942
225,167,23930
225,168,23937
225,169,23927
225,170,23946
225,171,23945
225,172,23944
225,173,23934
225,174,23932
225,175,23949
225,176,23929
225,177,23935
225,178,24152
225,179,24153
225,180,24147
225,181,24280
225,182,24273
225,183,24279
225,184,24270
225,185,24284
225,186,24277
225,187,24281
225,188,24274
225,189,24276
225,190,24388
225,191,24387
225,192,24431
225,193,24502
225,194,24876
225,195,24872
225,196,24897
225,197,24926
225,198,24945
225,199,24947
225,200,24914
225,201,24915
225,202,24946
225,203,24940
225,204,24960
225,205,24948
225,206,24916
225,207,24954
225,208,24923
225,209,24933
225,210,24891
225,211,24938
225,212,24929
225,213,24918
225,214,25129
225,215,25127
225,216,25131
225,217,25643
225,218,25677
225,219,25691
225,220,25693
225,221,25716
225,222,25718
225,223,25714
225,224,25715
225,225,25725
225,226,25717
225,227,25702
225,228,25766
225,229,25678
225,230,25730
225,231,25694
225,232,25692
225,233,25675
225,234,25683
225,235,25696
225,236,25680
225,237,25727
225,238,25663
225,239,25708
225,240,25707
225,241,25689
225,242,25701
225,243,25719
225,244,25971
225,245,26016
225,246,26273
225,247,26272
225,248,26271
225,249,26373
225,250,26372
225,251,26402
225,252,27057
225,253,27062
225,254,27081
226,64,27040
226,65,27086
226,66,27030
226,67,27056
226,68,27052
226,69,27068
226,70,27025
226,71,27033
226,72,27022
226,73,27047
226,74,27021
226,75,27049
226,76,27070
226,77,27055
226,78,27071
226,79,27076
226,80,27069
226,81,27044
226,82,27092
226,83,27065
226,84,27082
226,85,27034
226,86,27087
226,87,27059
226,88,27027
226,89,27050
226,90,27041
226,91,27038
226,92,27097
226,93,27031
226,94,27024
226,95,27074
226,96,27061
226,97,27045
226,98,27078
226,99,27466
226,100,27469
226,101,27467
226,102,27550
226,103,27551
226,104,27552
226,105,27587
226,106,27588
226,107,27646
226,108,28366
226,109,28405
226,110,28401
226,111,28419
226,112,28453
226,113,28408
226,114,28471
226,115,28411
226,116,28462
226,117,28425
226,118,28494
226,119,28441
226,120,28442
226,121,28455
226,122,28440
226,123,28475
226,124,28434
226,125,28397
226,126,28426
226,161,28470
226,162,28531
226,163,28409
226,164,28398
226,165,28461
226,166,28480
226,167,28464
226,168,28476
226,169,28469
226,170,28395
226,171,28423
226,172,28430
226,173,28483
226,174,28421
226,175,28413
226,176,28406
226,177,28473
226,178,28444
226,179,28412
226,180,28474
226,181,28447
226,182,28429
226,183,28446
226,184,28424
226,185,28449
226,186,29063
226,187,29072
226,188,29065
226,189,29056
226,190,29061
226,191,29058
226,192,29071
226,193,29051
226,194,29062
226,195,29057
226,196,29079
226,197,29252
226,198,29267
226,199,29335
226,200,29333
226,201,29331
226,202,29507
226,203,29517
226,204,29521
226,205,29516
226,206,29794
226,207,29811
226,208,29809
226,209,29813
226,210,29810
226,211,29799
226,212,29806
226,213,29952
226,214,29954
226,215,29955
226,216,30077
226,217,30096
226,218,30230
226,219,30216
226,220,30220
226,221,30229
226,222,30225
226,223,30218
226,224,30228
226,225,30392
226,226,30593
226,227,30588
226,228,30597
226,229,30594
226,230,30574
226,231,30592
226,232,30575
226,233,30590
226,234,30595
226,235,30898
226,236,30890
226,237,30900
226,238,30893
226,239,30888
226,240,30846
226,241,30891
226,242,30878
226,243,30885
226,244,30880
226,245,30892
226,246,30882
226,247,30884
226,248,31128
226,249,31114
226,250,31115
226,251,31126
226,252,31125
226,253,31124
226,254,31123
227,64,31127
227,65,31112
227,66,31122
227,67,31120
227,68,31275
227,69,31306
227,70,31280
227,71,31279
227,72,31272
227,73,31270
227,74,31400
227,75,31403
227,76,31404
227,77,31470
227,78,31624
227,79,31644
227,80,31626
227,81,31633
227,82,31632
227,83,31638
227,84,31629
227,85,31628
227,86,31643
227,87,31630
227,88,31621
227,89,31640
227,90,21124
227,91,31641
227,92,31652
227,93,31618
227,94,31931
227,95,31935
227,96,31932
227,97,31930
227,98,32167
227,99,32183
227,100,32194
227,101,32163
227,102,32170
227,103,32193
227,104,32192
227,105,32197
227,106,32157
227,107,32206
227,108,32196
227,109,32198
227,110,32203
227,111,32204
227,112,32175
227,113,32185
227,114,32150
227,115,32188
227,116,32159
227,117,32166
227,118,32174
227,119,32169
227,120,32161
227,121,32201
227,122,32627
227,123,32738
227,124,32739
227,125,32741
227,126,32734
227,161,32804
227,162,32861
227,163,32860
227,164,33161
227,165,33158
227,166,33155
227,167,33159
227,168,33165
227,169,33164
227,170,33163
227,171,33301
227,172,33943
227,173,33956
227,174,33953
227,175,33951
227,176,33978
227,177,33998
227,178,33986
227,179,33964
227,180,33966
227,181,33963
227,182,33977
227,183,33972
227,184,33985
227,185,33997
227,186,33962
227,187,33946
227,188,33969
227,189,34000
227,190,33949
227,191,33959
227,192,33979
227,193,33954
227,194,33940
227,195,33991
227,196,33996
227,197,33947
227,198,33961
227,199,33967
227,200,33960
227,201,34006
227,202,33944
227,203,33974
227,204,33999
227,205,33952
227,206,34007
227,207,34004
227,208,34002
227,209,34011
227,210,33968
227,211,33937
227,212,34401
227,213,34611
227,214,34595
227,215,34600
227,216,34667
227,217,34624
227,218,34606
227,219,34590
227,220,34593
227,221,34585
227,222,34587
227,223,34627
227,224,34604
227,225,34625
227,226,34622
227,227,34630
227,228,34592
227,229,34610
227,230,34602
227,231,34605
227,232,34620
227,233,34578
227,234,34618
227,235,34609
227,236,34613
227,237,34626
227,238,34598
227,239,34599
227,240,34616
227,241,34596
227,242,34586
227,243,34608
227,244,34577
227,245,35063
227,246,35047
227,247,35057
227,248,35058
227,249,35066
227,250,35070
227,251,35054
227,252,35068
227,253,35062
227,254,35067
228,64,35056
228,65,35052
228,66,35051
228,67,35229
228,68,35233
228,69,35231
228,70,35230
228,71,35305
228,72,35307
228,73,35304
228,74,35499
228,75,35481
228,76,35467
228,77,35474
228,78,35471
228,79,35478
228,80,35901
228,81,35944
228,82,35945
228,83,36053
228,84,36047
228,85,36055
228,86,36246
228,87,36361
228,88,36354
228,89,36351
228,90,36365
228,91,36349
228,92,36362
228,93,36355
228,94,36359
228,95,36358
228,96,36357
228,97,36350
228,98,36352
228,99,36356
228,100,36624
228,101,36625
228,102,36622
228,103,36621
228,104,37155
228,105,37148
228,106,37152
228,107,37154
228,108,37151
228,109,37149
228,110,37146
228,111,37156
228,112,37153
228,113,37147
228,114,37242
228,115,37234
228,116,37241
228,117,37235
228,118,37541
228,119,37540
228,120,37494
228,121,37531
228,122,37498
228,123,37536
228,124,37524
228,125,37546
228,126,37517
228,161,37542
228,162,37530
228,163,37547
228,164,37497
228,165,37527
228,166,37503
228,167,37539
228,168,37614
228,169,37518
228,170,37506
228,171,37525
228,172,37538
228,173,37501
228,174,37512
228,175,37537
228,176,37514
228,177,37510
228,178,37516
228,179,37529
228,180,37543
228,181,37502
228,182,37511
228,183,37545
228,184,37533
228,185,37515
228,186,37421
228,187,38558
228,188,38561
228,189,38655
228,190,38744
228,191,38781
228,192,38778
228,193,38782
228,194,38787
228,195,38784
228,196,38786
228,197,38779
228,198,38788
228,199,38785
228,200,38783
228,201,38862
228,202,38861
228,203,38934
228,204,39085
228,205,39086
228,206,39170
228,207,39168
228,208,39175
228,209,39325
228,210,39324
228,211,39363
228,212,39353
228,213,39355
228,214,39354
228,215,39362
228,216,39357
228,217,39367
228,218,39601
228,219,39651
228,220,39655
228,221,39742
228,222,39743
228,223,39776
228,224,39777
228,225,39775
228,226,40177
228,227,40178
228,228,40181
228,229,40615
228,230,20735
228,231,20739
228,232,20784
228,233,20728
228,234,20742
228,235,20743
228,236,20726
228,237,20734
228,238,20747
228,239,20748
228,240,20733
228,241,20746
228,242,21131
228,243,21132
228,244,21233
228,245,21231
228,246,22088
228,247,22082
228,248,22092
228,249,22069
228,250,22081
228,251,22090
228,252,22089
228,253,22086
228,254,22104
229,64,22106
229,65,22080
229,66,22067
229,67,22077
229,68,22060
229,69,22078
229,70,22072
229,71,22058
229,72,22074
229,73,22298
229,74,22699
229,75,22685
229,76,22705
229,77,22688
229,78,22691
229,79,22703
229,80,22700
229,81,22693
229,82,22689
229,83,22783
229,84,23295
229,85,23284
229,86,23293
229,87,23287
229,88,23286
229,89,23299
229,90,23288
229,91,23298
229,92,23289
229,93,23297
229,94,23303
229,95,23301
229,96,23311
229,97,23655
229,98,23961
229,99,23959
229,100,23967
229,101,23954
229,102,23970
229,103,23955
229,104,23957
229,105,23968
229,106,23964
229,107,23969
229,108,23962
229,109,23966
229,110,24169
229,111,24157
229,112,24160
229,113,24156
229,114,32243
229,115,24283
229,116,24286
229,117,24289
229,118,24393
229,119,24498
229,120,24971
229,121,24963
229,122,24953
229,123,25009
229,124,25008
229,125,24994
229,126,24969
229,161,24987
229,162,24979
229,163,25007
229,164,25005
229,165,24991
229,166,24978
229,167,25002
229,168,24993
229,169,24973
229,170,24934
229,171,25011
229,172,25133
229,173,25710
229,174,25712
229,175,25750
229,176,25760
229,177,25733
229,178,25751
229,179,25756
229,180,25743
229,181,25739
229,182,25738
229,183,25740
229,184,25763
229,185,25759
229,186,25704
229,187,25777
229,188,25752
229,189,25974
229,190,25978
229,191,25977
229,192,25979
229,193,26034
229,194,26035
229,195,26293
229,196,26288
229,197,26281
229,198,26290
229,199,26295
229,200,26282
229,201,26287
229,202,27136
229,203,27142
229,204,27159
229,205,27109
229,206,27128
229,207,27157
229,208,27121
229,209,27108
229,210,27168
229,211,27135
229,212,27116
229,213,27106
229,214,27163
229,215,27165
229,216,27134
229,217,27175
229,218,27122
229,219,27118
229,220,27156
229,221,27127
229,222,27111
229,223,27200
229,224,27144
229,225,27110
229,226,27131
229,227,27149
229,228,27132
229,229,27115
229,230,27145
229,231,27140
229,232,27160
229,233,27173
229,234,27151
229,235,27126
229,236,27174
229,237,27143
229,238,27124
229,239,27158
229,240,27473
229,241,27557
229,242,27555
229,243,27554
229,244,27558
229,245,27649
229,246,27648
229,247,27647
229,248,27650
229,249,28481
229,250,28454
229,251,28542
229,252,28551
229,253,28614
229,254,28562
230,64,28557
230,65,28553
230,66,28556
230,67,28514
230,68,28495
230,69,28549
230,70,28506
230,71,28566
230,72,28534
230,73,28524
230,74,28546
230,75,28501
230,76,28530
230,77,28498
230,78,28496
230,79,28503
230,80,28564
230,81,28563
230,82,28509
230,83,28416
230,84,28513
230,85,28523
230,86,28541
230,87,28519
230,88,28560
230,89,28499
230,90,28555
230,91,28521
230,92,28543
230,93,28565
230,94,28515
230,95,28535
230,96,28522
230,97,28539
230,98,29106
230,99,29103
230,100,29083
230,101,29104
230,102,29088
230,103,29082
230,104,29097
230,105,29109
230,106,29085
230,107,29093
230,108,29086
230,109,29092
230,110,29089
230,111,29098
230,112,29084
230,113,29095
230,114,29107
230,115,29336
230,116,29338
230,117,29528
230,118,29522
230,119,29534
230,120,29535
230,121,29536
230,122,29533
230,123,29531
230,124,29537
230,125,29530
230,126,29529
230,161,29538
230,162,29831
230,163,29833
230,164,29834
230,165,29830
230,166,29825
230,167,29821
230,168,29829
230,169,29832
230,170,29820
230,171,29817
230,172,29960
230,173,29959
230,174,30078
230,175,30245
230,176,30238
230,177,30233
230,178,30237
230,179,30236
230,180,30243
230,181,30234
230,182,30248
230,183,30235
230,184,30364
230,185,30365
230,186,30366
230,187,30363
230,188,30605
230,189,30607
230,190,30601
230,191,30600
230,192,30925
230,193,30907
230,194,30927
230,195,30924
230,196,30929
230,197,30926
230,198,30932
230,199,30920
230,200,30915
230,201,30916
230,202,30921
230,203,31130
230,204,31137
230,205,31136
230,206,31132
230,207,31138
230,208,31131
230,209,27510
230,210,31289
230,211,31410
230,212,31412
230,213,31411
230,214,31671
230,215,31691
230,216,31678
230,217,31660
230,218,31694
230,219,31663
230,220,31673
230,221,31690
230,222,31669
230,223,31941
230,224,31944
230,225,31948
230,226,31947
230,227,32247
230,228,32219
230,229,32234
230,230,32231
230,231,32215
230,232,32225
230,233,32259
230,234,32250
230,235,32230
230,236,32246
230,237,32241
230,238,32240
230,239,32238
230,240,32223
230,241,32630
230,242,32684
230,243,32688
230,244,32685
230,245,32749
230,246,32747
230,247,32746
230,248,32748
230,249,32742
230,250,32744
230,251,32868
230,252,32871
230,253,33187
230,254,33183
231,64,33182
231,65,33173
231,66,33186
231,67,33177
231,68,33175
231,69,33302
231,70,33359
231,71,33363
231,72,33362
231,73,33360
231,74,33358
231,75,33361
231,76,34084
231,77,34107
231,78,34063
231,79,34048
231,80,34089
231,81,34062
231,82,34057
231,83,34061
231,84,34079
231,85,34058
231,86,34087
231,87,34076
231,88,34043
231,89,34091
231,90,34042
231,91,34056
231,92,34060
231,93,34036
231,94,34090
231,95,34034
231,96,34069
231,97,34039
231,98,34027
231,99,34035
231,100,34044
231,101,34066
231,102,34026
231,103,34025
231,104,34070
231,105,34046
231,106,34088
231,107,34077
231,108,34094
231,109,34050
231,110,34045
231,111,34078
231,112,34038
231,113,34097
231,114,34086
231,115,34023
231,116,34024
231,117,34032
231,118,34031
231,119,34041
231,120,34072
231,121,34080
231,122,34096
231,123,34059
231,124,34073
231,125,34095
231,126,34402
231,161,34646
231,162,34659
231,163,34660
231,164,34679
231,165,34785
231,166,34675
231,167,34648
231,168,34644
231,169,34651
231,170,34642
231,171,34657
231,172,34650
231,173,34641
231,174,34654
231,175,34669
231,176,34666
231,177,34640
231,178,34638
231,179,34655
231,180,34653
231,181,34671
231,182,34668
231,183,34682
231,184,34670
231,185,34652
231,186,34661
231,187,34639
231,188,34683
231,189,34677
231,190,34658
231,191,34663
231,192,34665
231,193,34906
231,194,35077
231,195,35084
231,196,35092
231,197,35083
231,198,35095
231,199,35096
231,200,35097
231,201,35078
231,202,35094
231,203,35089
231,204,35086
231,205,35081
231,206,35234
231,207,35236
231,208,35235
231,209,35309
231,210,35312
231,211,35308
231,212,35535
231,213,35526
231,214,35512
231,215,35539
231,216,35537
231,217,35540
231,218,35541
231,219,35515
231,220,35543
231,221,35518
231,222,35520
231,223,35525
231,224,35544
231,225,35523
231,226,35514
231,227,35517
231,228,35545
231,229,35902
231,230,35917
231,231,35983
231,232,36069
231,233,36063
231,234,36057
231,235,36072
231,236,36058
231,237,36061
231,238,36071
231,239,36256
231,240,36252
231,241,36257
231,242,36251
231,243,36384
231,244,36387
231,245,36389
231,246,36388
231,247,36398
231,248,36373
231,249,36379
231,250,36374
231,251,36369
231,252,36377
231,253,36390
231,254,36391
232,64,36372
232,65,36370
232,66,36376
232,67,36371
232,68,36380
232,69,36375
232,70,36378
232,71,36652
232,72,36644
232,73,36632
232,74,36634
232,75,36640
232,76,36643
232,77,36630
232,78,36631
232,79,36979
232,80,36976
232,81,36975
232,82,36967
232,83,36971
232,84,37167
232,85,37163
232,86,37161
232,87,37162
232,88,37170
232,89,37158
232,90,37166
232,91,37253
232,92,37254
232,93,37258
232,94,37249
232,95,37250
232,96,37252
232,97,37248
232,98,37584
232,99,37571
232,100,37572
232,101,37568
232,102,37593
232,103,37558
232,104,37583
232,105,37617
232,106,37599
232,107,37592
232,108,37609
232,109,37591
232,110,37597
232,111,37580
232,112,37615
232,113,37570
232,114,37608
232,115,37578
232,116,37576
232,117,37582
232,118,37606
232,119,37581
232,120,37589
232,121,37577
232,122,37600
232,123,37598
232,124,37607
232,125,37585
232,126,37587
232,161,37557
232,162,37601
232,163,37574
232,164,37556
232,165,38268
232,166,38316
232,167,38315
232,168,38318
232,169,38320
232,170,38564
232,171,38562
232,172,38611
232,173,38661
232,174,38664
232,175,38658
232,176,38746
232,177,38794
232,178,38798
232,179,38792
232,180,38864
232,181,38863
232,182,38942
232,183,38941
232,184,38950
232,185,38953
232,186,38952
232,187,38944
232,188,38939
232,189,38951
232,190,39090
232,191,39176
232,192,39162
232,193,39185
232,194,39188
232,195,39190
232,196,39191
232,197,39189
232,198,39388
232,199,39373
232,200,39375
232,201,39379
232,202,39380
232,203,39374
232,204,39369
232,205,39382
232,206,39384
232,207,39371
232,208,39383
232,209,39372
232,210,39603
232,211,39660
232,212,39659
232,213,39667
232,214,39666
232,215,39665
232,216,39750
232,217,39747
232,218,39783
232,219,39796
232,220,39793
232,221,39782
232,222,39798
232,223,39797
232,224,39792
232,225,39784
232,226,39780
232,227,39788
232,228,40188
232,229,40186
232,230,40189
232,231,40191
232,232,40183
232,233,40199
232,234,40192
232,235,40185
232,236,40187
232,237,40200
232,238,40197
232,239,40196
232,240,40579
232,241,40659
232,242,40719
232,243,40720
232,244,20764
232,245,20755
232,246,20759
232,247,20762
232,248,20753
232,249,20958
232,250,21300
232,251,21473
232,252,22128
232,253,22112
232,254,22126
233,64,22131
233,65,22118
233,66,22115
233,67,22125
233,68,22130
233,69,22110
233,70,22135
233,71,22300
233,72,22299
233,73,22728
233,74,22717
233,75,22729
233,76,22719
233,77,22714
233,78,22722
233,79,22716
233,80,22726
233,81,23319
233,82,23321
233,83,23323
233,84,23329
233,85,23316
233,86,23315
233,87,23312
233,88,23318
233,89,23336
233,90,23322
233,91,23328
233,92,23326
233,93,23535
233,94,23980
233,95,23985
233,96,23977
233,97,23975
233,98,23989
233,99,23984
233,100,23982
233,101,23978
233,102,23976
233,103,23986
233,104,23981
233,105,23983
233,106,23988
233,107,24167
233,108,24168
233,109,24166
233,110,24175
233,111,24297
233,112,24295
233,113,24294
233,114,24296
233,115,24293
233,116,24395
233,117,24508
233,118,24989
233,119,25000
233,120,24982
233,121,25029
233,122,25012
233,123,25030
233,124,25025
233,125,25036
233,126,25018
233,161,25023
233,162,25016
233,163,24972
233,164,25815
233,165,25814
233,166,25808
233,167,25807
233,168,25801
233,169,25789
233,170,25737
233,171,25795
233,172,25819
233,173,25843
233,174,25817
233,175,25907
233,176,25983
233,177,25980
233,178,26018
233,179,26312
233,180,26302
233,181,26304
233,182,26314
233,183,26315
233,184,26319
233,185,26301
233,186,26299
233,187,26298
233,188,26316
233,189,26403
233,190,27188
233,191,27238
233,192,27209
233,193,27239
233,194,27186
233,195,27240
233,196,27198
233,197,27229
233,198,27245
233,199,27254
233,200,27227
233,201,27217
233,202,27176
233,203,27226
233,204,27195
233,205,27199
233,206,27201
233,207,27242
233,208,27236
233,209,27216
233,210,27215
233,211,27220
233,212,27247
233,213,27241
233,214,27232
233,215,27196
233,216,27230
233,217,27222
233,218,27221
233,219,27213
233,220,27214
233,221,27206
233,222,27477
233,223,27476
233,224,27478
233,225,27559
233,226,27562
233,227,27563
233,228,27592
233,229,27591
233,230,27652
233,231,27651
233,232,27654
233,233,28589
233,234,28619
233,235,28579
233,236,28615
233,237,28604
233,238,28622
233,239,28616
233,240,28510
233,241,28612
233,242,28605
233,243,28574
233,244,28618
233,245,28584
233,246,28676
233,247,28581
233,248,28590
233,249,28602
233,250,28588
233,251,28586
233,252,28623
233,253,28607
233,254,28600
234,64,28578
234,65,28617
234,66,28587
234,67,28621
234,68,28591
234,69,28594
234,70,28592
234,71,29125
234,72,29122
234,73,29119
234,74,29112
234,75,29142
234,76,29120
234,77,29121
234,78,29131
234,79,29140
234,80,29130
234,81,29127
234,82,29135
234,83,29117
234,84,29144
234,85,29116
234,86,29126
234,87,29146
234,88,29147
234,89,29341
234,90,29342
234,91,29545
234,92,29542
234,93,29543
234,94,29548
234,95,29541
234,96,29547
234,97,29546
234,98,29823
234,99,29850
234,100,29856
234,101,29844
234,102,29842
234,103,29845
234,104,29857
234,105,29963
234,106,30080
234,107,30255
234,108,30253
234,109,30257
234,110,30269
234,111,30259
234,112,30268
234,113,30261
234,114,30258
234,115,30256
234,116,30395
234,117,30438
234,118,30618
234,119,30621
234,120,30625
234,121,30620
234,122,30619
234,123,30626
234,124,30627
234,125,30613
234,126,30617
234,161,30615
234,162,30941
234,163,30953
234,164,30949
234,165,30954
234,166,30942
234,167,30947
234,168,30939
234,169,30945
234,170,30946
234,171,30957
234,172,30943
234,173,30944
234,174,31140
234,175,31300
234,176,31304
234,177,31303
234,178,31414
234,179,31416
234,180,31413
234,181,31409
234,182,31415
234,183,31710
234,184,31715
234,185,31719
234,186,31709
234,187,31701
234,188,31717
234,189,31706
234,190,31720
234,191,31737
234,192,31700
234,193,31722
234,194,31714
234,195,31708
234,196,31723
234,197,31704
234,198,31711
234,199,31954
234,200,31956
234,201,31959
234,202,31952
234,203,31953
234,204,32274
234,205,32289
234,206,32279
234,207,32268
234,208,32287
234,209,32288
234,210,32275
234,211,32270
234,212,32284
234,213,32277
234,214,32282
234,215,32290
234,216,32267
234,217,32271
234,218,32278
234,219,32269
234,220,32276
234,221,32293
234,222,32292
234,223,32579
234,224,32635
234,225,32636
234,226,32634
234,227,32689
234,228,32751
234,229,32810
234,230,32809
234,231,32876
234,232,33201
234,233,33190
234,234,33198
234,235,33209
234,236,33205
234,237,33195
234,238,33200
234,239,33196
234,240,33204
234,241,33202
234,242,33207
234,243,33191
234,244,33266
234,245,33365
234,246,33366
234,247,33367
234,248,34134
234,249,34117
234,250,34155
234,251,34125
234,252,34131
234,253,34145
234,254,34136
235,64,34112
235,65,34118
235,66,34148
235,67,34113
235,68,34146
235,69,34116
235,70,34129
235,71,34119
235,72,34147
235,73,34110
235,74,34139
235,75,34161
235,76,34126
235,77,34158
235,78,34165
235,79,34133
235,80,34151
235,81,34144
235,82,34188
235,83,34150
235,84,34141
235,85,34132
235,86,34149
235,87,34156
235,88,34403
235,89,34405
235,90,34404
235,91,34715
235,92,34703
235,93,34711
235,94,34707
235,95,34706
235,96,34696
235,97,34689
235,98,34710
235,99,34712
235,100,34681
235,101,34695
235,102,34723
235,103,34693
235,104,34704
235,105,34705
235,106,34717
235,107,34692
235,108,34708
235,109,34716
235,110,34714
235,111,34697
235,112,35102
235,113,35110
235,114,35120
235,115,35117
235,116,35118
235,117,35111
235,118,35121
235,119,35106
235,120,35113
235,121,35107
235,122,35119
235,123,35116
235,124,35103
235,125,35313
235,126,35552
235,161,35554
235,162,35570
235,163,35572
235,164,35573
235,165,35549
235,166,35604
235,167,35556
235,168,35551
235,169,35568
235,170,35528
235,171,35550
235,172,35553
235,173,35560
235,174,35583
235,175,35567
235,176,35579
235,177,35985
235,178,35986
235,179,35984
235,180,36085
235,181,36078
235,182,36081
235,183,36080
235,184,36083
235,185,36204
235,186,36206
235,187,36261
235,188,36263
235,189,36403
235,190,36414
235,191,36408
235,192,36416
235,193,36421
235,194,36406
235,195,36412
235,196,36413
235,197,36417
235,198,36400
235,199,36415
235,200,36541
235,201,36662
235,202,36654
235,203,36661
235,204,36658
235,205,36665
235,206,36663
235,207,36660
235,208,36982
235,209,36985
235,210,36987
235,211,36998
235,212,37114
235,213,37171
235,214,37173
235,215,37174
235,216,37267
235,217,37264
235,218,37265
235,219,37261
235,220,37263
235,221,37671
235,222,37662
235,223,37640
235,224,37663
235,225,37638
235,226,37647
235,227,37754
235,228,37688
235,229,37692
235,230,37659
235,231,37667
235,232,37650
235,233,37633
235,234,37702
235,235,37677
235,236,37646
235,237,37645
235,238,37579
235,239,37661
235,240,37626
235,241,37669
235,242,37651
235,243,37625
235,244,37623
235,245,37684
235,246,37634
235,247,37668
235,248,37631
235,249,37673
235,250,37689
235,251,37685
235,252,37674
235,253,37652
235,254,37644
236,64,37643
236,65,37630
236,66,37641
236,67,37632
236,68,37627
236,69,37654
236,70,38332
236,71,38349
236,72,38334
236,73,38329
236,74,38330
236,75,38326
236,76,38335
236,77,38325
236,78,38333
236,79,38569
236,80,38612
236,81,38667
236,82,38674
236,83,38672
236,84,38809
236,85,38807
236,86,38804
236,87,38896
236,88,38904
236,89,38965
236,90,38959
236,91,38962
236,92,39204
236,93,39199
236,94,39207
236,95,39209
236,96,39326
236,97,39406
236,98,39404
236,99,39397
236,100,39396
236,101,39408
236,102,39395
236,103,39402
236,104,39401
236,105,39399
236,106,39609
236,107,39615
236,108,39604
236,109,39611
236,110,39670
236,111,39674
236,112,39673
236,113,39671
236,114,39731
236,115,39808
236,116,39813
236,117,39815
236,118,39804
236,119,39806
236,120,39803
236,121,39810
236,122,39827
236,123,39826
236,124,39824
236,125,39802
236,126,39829
236,161,39805
236,162,39816
236,163,40229
236,164,40215
236,165,40224
236,166,40222
236,167,40212
236,168,40233
236,169,40221
236,170,40216
236,171,40226
236,172,40208
236,173,40217
236,174,40223
236,175,40584
236,176,40582
236,177,40583
236,178,40622
236,179,40621
236,180,40661
236,181,40662
236,182,40698
236,183,40722
236,184,40765
236,185,20774
236,186,20773
236,187,20770
236,188,20772
236,189,20768
236,190,20777
236,191,21236
236,192,22163
236,193,22156
236,194,22157
236,195,22150
236,196,22148
236,197,22147
236,198,22142
236,199,22146
236,200,22143
236,201,22145
236,202,22742
236,203,22740
236,204,22735
236,205,22738
236,206,23341
236,207,23333
236,208,23346
236,209,23331
236,210,23340
236,211,23335
236,212,23334
236,213,23343
236,214,23342
236,215,23419
236,216,23537
236,217,23538
236,218,23991
236,219,24172
236,220,24170
236,221,24510
236,222,24507
236,223,25027
236,224,25013
236,225,25020
236,226,25063
236,227,25056
236,228,25061
236,229,25060
236,230,25064
236,231,25054
236,232,25839
236,233,25833
236,234,25827
236,235,25835
236,236,25828
236,237,25832
236,238,25985
236,239,25984
236,240,26038
236,241,26074
236,242,26322
236,243,27277
236,244,27286
236,245,27265
236,246,27301
236,247,27273
236,248,27295
236,249,27291
236,250,27297
236,251,27294
236,252,27271
236,253,27283
236,254,27278
237,64,27285
237,65,27267
237,66,27304
237,67,27300
237,68,27281
237,69,27263
237,70,27302
237,71,27290
237,72,27269
237,73,27276
237,74,27282
237,75,27483
237,76,27565
237,77,27657
237,78,28620
237,79,28585
237,80,28660
237,81,28628
237,82,28643
237,83,28636
237,84,28653
237,85,28647
237,86,28646
237,87,28638
237,88,28658
237,89,28637
237,90,28642
237,91,28648
237,92,29153
237,93,29169
237,94,29160
237,95,29170
237,96,29156
237,97,29168
237,98,29154
237,99,29555
237,100,29550
237,101,29551
237,102,29847
237,103,29874
237,104,29867
237,105,29840
237,106,29866
237,107,29869
237,108,29873
237,109,29861
237,110,29871
237,111,29968
237,112,29969
237,113,29970
237,114,29967
237,115,30084
237,116,30275
237,117,30280
237,118,30281
237,119,30279
237,120,30372
237,121,30441
237,122,30645
237,123,30635
237,124,30642
237,125,30647
237,126,30646
237,161,30644
237,162,30641
237,163,30632
237,164,30704
237,165,30963
237,166,30973
237,167,30978
237,168,30971
237,169,30972
237,170,30962
237,171,30981
237,172,30969
237,173,30974
237,174,30980
237,175,31147
237,176,31144
237,177,31324
237,178,31323
237,179,31318
237,180,31320
237,181,31316
237,182,31322
237,183,31422
237,184,31424
237,185,31425
237,186,31749
237,187,31759
237,188,31730
237,189,31744
237,190,31743
237,191,31739
237,192,31758
237,193,31732
237,194,31755
237,195,31731
237,196,31746
237,197,31753
237,198,31747
237,199,31745
237,200,31736
237,201,31741
237,202,31750
237,203,31728
237,204,31729
237,205,31760
237,206,31754
237,207,31976
237,208,32301
237,209,32316
237,210,32322
237,211,32307
237,212,38984
237,213,32312
237,214,32298
237,215,32329
237,216,32320
237,217,32327
237,218,32297
237,219,32332
237,220,32304
237,221,32315
237,222,32310
237,223,32324
237,224,32314
237,225,32581
237,226,32639
237,227,32638
237,228,32637
237,229,32756
237,230,32754
237,231,32812
237,232,33211
237,233,33220
237,234,33228
237,235,33226
237,236,33221
237,237,33223
237,238,33212
237,239,33257
237,240,33371
237,241,33370
237,242,33372
237,243,34179
237,244,34176
237,245,34191
237,246,34215
237,247,34197
237,248,34208
237,249,34187
237,250,34211
237,251,34171
237,252,34212
237,253,34202
237,254,34206
238,64,34167
238,65,34172
238,66,34185
238,67,34209
238,68,34170
238,69,34168
238,70,34135
238,71,34190
238,72,34198
238,73,34182
238,74,34189
238,75,34201
238,76,34205
238,77,34177
238,78,34210
238,79,34178
238,80,34184
238,81,34181
238,82,34169
238,83,34166
238,84,34200
238,85,34192
238,86,34207
238,87,34408
238,88,34750
238,89,34730
238,90,34733
238,91,34757
238,92,34736
238,93,34732
238,94,34745
238,95,34741
238,96,34748
238,97,34734
238,98,34761
238,99,34755
238,100,34754
238,101,34764
238,102,34743
238,103,34735
238,104,34756
238,105,34762
238,106,34740
238,107,34742
238,108,34751
238,109,34744
238,110,34749
238,111,34782
238,112,34738
238,113,35125
238,114,35123
238,115,35132
238,116,35134
238,117,35137
238,118,35154
238,119,35127
238,120,35138
238,121,35245
238,122,35247
238,123,35246
238,124,35314
238,125,35315
238,126,35614
238,161,35608
238,162,35606
238,163,35601
238,164,35589
238,165,35595
238,166,35618
238,167,35599
238,168,35602
238,169,35605
238,170,35591
238,171,35597
238,172,35592
238,173,35590
238,174,35612
238,175,35603
238,176,35610
238,177,35919
238,178,35952
238,179,35954
238,180,35953
238,181,35951
238,182,35989
238,183,35988
238,184,36089
238,185,36207
238,186,36430
238,187,36429
238,188,36435
238,189,36432
238,190,36428
238,191,36423
238,192,36675
238,193,36672
238,194,36997
238,195,36990
238,196,37176
238,197,37274
238,198,37282
238,199,37275
238,200,37273
238,201,37279
238,202,37281
238,203,37277
238,204,37280
238,205,37793
238,206,37763
238,207,37807
238,208,37732
238,209,37718
238,210,37703
238,211,37756
238,212,37720
238,213,37724
238,214,37750
238,215,37705
238,216,37712
238,217,37713
238,218,37728
238,219,37741
238,220,37775
238,221,37708
238,222,37738
238,223,37753
238,224,37719
238,225,37717
238,226,37714
238,227,37711
238,228,37745
238,229,37751
238,230,37755
238,231,37729
238,232,37726
238,233,37731
238,234,37735
238,235,37760
238,236,37710
238,237,37721
238,238,38343
238,239,38336
238,240,38345
238,241,38339
238,242,38341
238,243,38327
238,244,38574
238,245,38576
238,246,38572
238,247,38688
238,248,38687
238,249,38680
238,250,38685
238,251,38681
238,252,38810
238,253,38817
238,254,38812
239,64,38814
239,65,38813
239,66,38869
239,67,38868
239,68,38897
239,69,38977
239,70,38980
239,71,38986
239,72,38985
239,73,38981
239,74,38979
239,75,39205
239,76,39211
239,77,39212
239,78,39210
239,79,39219
239,80,39218
239,81,39215
239,82,39213
239,83,39217
239,84,39216
239,85,39320
239,86,39331
239,87,39329
239,88,39426
239,89,39418
239,90,39412
239,91,39415
239,92,39417
239,93,39416
239,94,39414
239,95,39419
239,96,39421
239,97,39422
239,98,39420
239,99,39427
239,100,39614
239,101,39678
239,102,39677
239,103,39681
239,104,39676
239,105,39752
239,106,39834
239,107,39848
239,108,39838
239,109,39835
239,110,39846
239,111,39841
239,112,39845
239,113,39844
239,114,39814
239,115,39842
239,116,39840
239,117,39855
239,118,40243
239,119,40257
239,120,40295
239,121,40246
239,122,40238
239,123,40239
239,124,40241
239,125,40248
239,126,40240
239,161,40261
239,162,40258
239,163,40259
239,164,40254
239,165,40247
239,166,40256
239,167,40253
239,168,32757
239,169,40237
239,170,40586
239,171,40585
239,172,40589
239,173,40624
239,174,40648
239,175,40666
239,176,40699
239,177,40703
239,178,40740
239,179,40739
239,180,40738
239,181,40788
239,182,40864
239,183,20785
239,184,20781
239,185,20782
239,186,22168
239,187,22172
239,188,22167
239,189,22170
239,190,22173
239,191,22169
239,192,22896
239,193,23356
239,194,23657
239,195,23658
239,196,24000
239,197,24173
239,198,24174
239,199,25048
239,200,25055
239,201,25069
239,202,25070
239,203,25073
239,204,25066
239,205,25072
239,206,25067
239,207,25046
239,208,25065
239,209,25855
239,210,25860
239,211,25853
239,212,25848
239,213,25857
239,214,25859
239,215,25852
239,216,26004
239,217,26075
239,218,26330
239,219,26331
239,220,26328
239,221,27333
239,222,27321
239,223,27325
239,224,27361
239,225,27334
239,226,27322
239,227,27318
239,228,27319
239,229,27335
239,230,27316
239,231,27309
239,232,27486
239,233,27593
239,234,27659
239,235,28679
239,236,28684
239,237,28685
239,238,28673
239,239,28677
239,240,28692
239,241,28686
239,242,28671
239,243,28672
239,244,28667
239,245,28710
239,246,28668
239,247,28663
239,248,28682
239,249,29185
239,250,29183
239,251,29177
239,252,29187
239,253,29181
239,254,29558
240,64,29880
240,65,29888
240,66,29877
240,67,29889
240,68,29886
240,69,29878
240,70,29883
240,71,29890
240,72,29972
240,73,29971
240,74,30300
240,75,30308
240,76,30297
240,77,30288
240,78,30291
240,79,30295
240,80,30298
240,81,30374
240,82,30397
240,83,30444
240,84,30658
240,85,30650
240,86,30975
240,87,30988
240,88,30995
240,89,30996
240,90,30985
240,91,30992
240,92,30994
240,93,30993
240,94,31149
240,95,31148
240,96,31327
240,97,31772
240,98,31785
240,99,31769
240,100,31776
240,101,31775
240,102,31789
240,103,31773
240,104,31782
240,105,31784
240,106,31778
240,107,31781
240,108,31792
240,109,32348
240,110,32336
240,111,32342
240,112,32355
240,113,32344
240,114,32354
240,115,32351
240,116,32337
240,117,32352
240,118,32343
240,119,32339
240,120,32693
240,121,32691
240,122,32759
240,123,32760
240,124,32885
240,125,33233
240,126,33234
240,161,33232
240,162,33375
240,163,33374
240,164,34228
240,165,34246
240,166,34240
240,167,34243
240,168,34242
240,169,34227
240,170,34229
240,171,34237
240,172,34247
240,173,34244
240,174,34239
240,175,34251
240,176,34254
240,177,34248
240,178,34245
240,179,34225
240,180,34230
240,181,34258
240,182,34340
240,183,34232
240,184,34231
240,185,34238
240,186,34409
240,187,34791
240,188,34790
240,189,34786
240,190,34779
240,191,34795
240,192,34794
240,193,34789
240,194,34783
240,195,34803
240,196,34788
240,197,34772
240,198,34780
240,199,34771
240,200,34797
240,201,34776
240,202,34787
240,203,34724
240,204,34775
240,205,34777
240,206,34817
240,207,34804
240,208,34792
240,209,34781
240,210,35155
240,211,35147
240,212,35151
240,213,35148
240,214,35142
240,215,35152
240,216,35153
240,217,35145
240,218,35626
240,219,35623
240,220,35619
240,221,35635
240,222,35632
240,223,35637
240,224,35655
240,225,35631
240,226,35644
240,227,35646
240,228,35633
240,229,35621
240,230,35639
240,231,35622
240,232,35638
240,233,35630
240,234,35620
240,235,35643
240,236,35645
240,237,35642
240,238,35906
240,239,35957
240,240,35993
240,241,35992
240,242,35991
240,243,36094
240,244,36100
240,245,36098
240,246,36096
240,247,36444
240,248,36450
240,249,36448
240,250,36439
240,251,36438
240,252,36446
240,253,36453
240,254,36455
241,64,36443
241,65,36442
241,66,36449
241,67,36445
241,68,36457
241,69,36436
241,70,36678
241,71,36679
241,72,36680
241,73,36683
241,74,37160
241,75,37178
241,76,37179
241,77,37182
241,78,37288
241,79,37285
241,80,37287
241,81,37295
241,82,37290
241,83,37813
241,84,37772
241,85,37778
241,86,37815
241,87,37787
241,88,37789
241,89,37769
241,90,37799
241,91,37774
241,92,37802
241,93,37790
241,94,37798
241,95,37781
241,96,37768
241,97,37785
241,98,37791
241,99,37773
241,100,37809
241,101,37777
241,102,37810
241,103,37796
241,104,37800
241,105,37812
241,106,37795
241,107,37797
241,108,38354
241,109,38355
241,110,38353
241,111,38579
241,112,38615
241,113,38618
241,114,24002
241,115,38623
241,116,38616
241,117,38621
241,118,38691
241,119,38690
241,120,38693
241,121,38828
241,122,38830
241,123,38824
241,124,38827
241,125,38820
241,126,38826
241,161,38818
241,162,38821
241,163,38871
241,164,38873
241,165,38870
241,166,38872
241,167,38906
241,168,38992
241,169,38993
241,170,38994
241,171,39096
241,172,39233
241,173,39228
241,174,39226
241,175,39439
241,176,39435
241,177,39433
241,178,39437
241,179,39428
241,180,39441
241,181,39434
241,182,39429
241,183,39431
241,184,39430
241,185,39616
241,186,39644
241,187,39688
241,188,39684
241,189,39685
241,190,39721
241,191,39733
241,192,39754
241,193,39756
241,194,39755
241,195,39879
241,196,39878
241,197,39875
241,198,39871
241,199,39873
241,200,39861
241,201,39864
241,202,39891
241,203,39862
241,204,39876
241,205,39865
241,206,39869
241,207,40284
241,208,40275
241,209,40271
241,210,40266
241,211,40283
241,212,40267
241,213,40281
241,214,40278
241,215,40268
241,216,40279
241,217,40274
241,218,40276
241,219,40287
241,220,40280
241,221,40282
241,222,40590
241,223,40588
241,224,40671
241,225,40705
241,226,40704
241,227,40726
241,228,40741
241,229,40747
241,230,40746
241,231,40745
241,232,40744
241,233,40780
241,234,40789
241,235,20788
241,236,20789
241,237,21142
241,238,21239
241,239,21428
241,240,22187
241,241,22189
241,242,22182
241,243,22183
241,244,22186
241,245,22188
241,246,22746
241,247,22749
241,248,22747
241,249,22802
241,250,23357
241,251,23358
241,252,23359
241,253,24003
241,254,24176
242,64,24511
242,65,25083
242,66,25863
242,67,25872
242,68,25869
242,69,25865
242,70,25868
242,71,25870
242,72,25988
242,73,26078
242,74,26077
242,75,26334
242,76,27367
242,77,27360
242,78,27340
242,79,27345
242,80,27353
242,81,27339
242,82,27359
242,83,27356
242,84,27344
242,85,27371
242,86,27343
242,87,27341
242,88,27358
242,89,27488
242,90,27568
242,91,27660
242,92,28697
242,93,28711
242,94,28704
242,95,28694
242,96,28715
242,97,28705
242,98,28706
242,99,28707
242,100,28713
242,101,28695
242,102,28708
242,103,28700
242,104,28714
242,105,29196
242,106,29194
242,107,29191
242,108,29186
242,109,29189
242,110,29349
242,111,29350
242,112,29348
242,113,29347
242,114,29345
242,115,29899
242,116,29893
242,117,29879
242,118,29891
242,119,29974
242,120,30304
242,121,30665
242,122,30666
242,123,30660
242,124,30705
242,125,31005
242,126,31003
242,161,31009
242,162,31004
242,163,30999
242,164,31006
242,165,31152
242,166,31335
242,167,31336
242,168,31795
242,169,31804
242,170,31801
242,171,31788
242,172,31803
242,173,31980
242,174,31978
242,175,32374
242,176,32373
242,177,32376
242,178,32368
242,179,32375
242,180,32367
242,181,32378
242,182,32370
242,183,32372
242,184,32360
242,185,32587
242,186,32586
242,187,32643
242,188,32646
242,189,32695
242,190,32765
242,191,32766
242,192,32888
242,193,33239
242,194,33237
242,195,33380
242,196,33377
242,197,33379
242,198,34283
242,199,34289
242,200,34285
242,201,34265
242,202,34273
242,203,34280
242,204,34266
242,205,34263
242,206,34284
242,207,34290
242,208,34296
242,209,34264
242,210,34271
242,211,34275
242,212,34268
242,213,34257
242,214,34288
242,215,34278
242,216,34287
242,217,34270
242,218,34274
242,219,34816
242,220,34810
242,221,34819
242,222,34806
242,223,34807
242,224,34825
242,225,34828
242,226,34827
242,227,34822
242,228,34812
242,229,34824
242,230,34815
242,231,34826
242,232,34818
242,233,35170
242,234,35162
242,235,35163
242,236,35159
242,237,35169
242,238,35164
242,239,35160
242,240,35165
242,241,35161
242,242,35208
242,243,35255
242,244,35254
242,245,35318
242,246,35664
242,247,35656
242,248,35658
242,249,35648
242,250,35667
242,251,35670
242,252,35668
242,253,35659
242,254,35669
243,64,35665
243,65,35650
243,66,35666
243,67,35671
243,68,35907
243,69,35959
243,70,35958
243,71,35994
243,72,36102
243,73,36103
243,74,36105
243,75,36268
243,76,36266
243,77,36269
243,78,36267
243,79,36461
243,80,36472
243,81,36467
243,82,36458
243,83,36463
243,84,36475
243,85,36546
243,86,36690
243,87,36689
243,88,36687
243,89,36688
243,90,36691
243,91,36788
243,92,37184
243,93,37183
243,94,37296
243,95,37293
243,96,37854
243,97,37831
243,98,37839
243,99,37826
243,100,37850
243,101,37840
243,102,37881
243,103,37868
243,104,37836
243,105,37849
243,106,37801
243,107,37862
243,108,37834
243,109,37844
243,110,37870
243,111,37859
243,112,37845
243,113,37828
243,114,37838
243,115,37824
243,116,37842
243,117,37863
243,118,38269
243,119,38362
243,120,38363
243,121,38625
243,122,38697
243,123,38699
243,124,38700
243,125,38696
243,126,38694
243,161,38835
243,162,38839
243,163,38838
243,164,38877
243,165,38878
243,166,38879
243,167,39004
243,168,39001
243,169,39005
243,170,38999
243,171,39103
243,172,39101
243,173,39099
243,174,39102
243,175,39240
243,176,39239
243,177,39235
243,178,39334
243,179,39335
243,180,39450
243,181,39445
243,182,39461
243,183,39453
243,184,39460
243,185,39451
243,186,39458
243,187,39456
243,188,39463
243,189,39459
243,190,39454
243,191,39452
243,192,39444
243,193,39618
243,194,39691
243,195,39690
243,196,39694
243,197,39692
243,198,39735
243,199,39914
243,200,39915
243,201,39904
243,202,39902
243,203,39908
243,204,39910
243,205,39906
243,206,39920
243,207,39892
243,208,39895
243,209,39916
243,210,39900
243,211,39897
243,212,39909
243,213,39893
243,214,39905
243,215,39898
243,216,40311
243,217,40321
243,218,40330
243,219,40324
243,220,40328
243,221,40305
243,222,40320
243,223,40312
243,224,40326
243,225,40331
243,226,40332
243,227,40317
243,228,40299
243,229,40308
243,230,40309
243,231,40304
243,232,40297
243,233,40325
243,234,40307
243,235,40315
243,236,40322
243,237,40303
243,238,40313
243,239,40319
243,240,40327
243,241,40296
243,242,40596
243,243,40593
243,244,40640
243,245,40700
243,246,40749
243,247,40768
243,248,40769
243,249,40781
243,250,40790
243,251,40791
243,252,40792
243,253,21303
243,254,22194
244,64,22197
244,65,22195
244,66,22755
244,67,23365
244,68,24006
244,69,24007
244,70,24302
244,71,24303
244,72,24512
244,73,24513
244,74,25081
244,75,25879
244,76,25878
244,77,25877
244,78,25875
244,79,26079
244,80,26344
244,81,26339
244,82,26340
244,83,27379
244,84,27376
244,85,27370
244,86,27368
244,87,27385
244,88,27377
244,89,27374
244,90,27375
244,91,28732
244,92,28725
244,93,28719
244,94,28727
244,95,28724
244,96,28721
244,97,28738
244,98,28728
244,99,28735
244,100,28730
244,101,28729
244,102,28736
244,103,28731
244,104,28723
244,105,28737
244,106,29203
244,107,29204
244,108,29352
244,109,29565
244,110,29564
244,111,29882
244,112,30379
244,113,30378
244,114,30398
244,115,30445
244,116,30668
244,117,30670
244,118,30671
244,119,30669
244,120,30706
244,121,31013
244,122,31011
244,123,31015
244,124,31016
244,125,31012
244,126,31017
244,161,31154
244,162,31342
244,163,31340
244,164,31341
244,165,31479
244,166,31817
244,167,31816
244,168,31818
244,169,31815
244,170,31813
244,171,31982
244,172,32379
244,173,32382
244,174,32385
244,175,32384
244,176,32698
244,177,32767
244,178,32889
244,179,33243
244,180,33241
244,181,33291
244,182,33384
244,183,33385
244,184,34338
244,185,34303
244,186,34305
244,187,34302
244,188,34331
244,189,34304
244,190,34294
244,191,34308
244,192,34313
244,193,34309
244,194,34316
244,195,34301
244,196,34841
244,197,34832
244,198,34833
244,199,34839
244,200,34835
244,201,34838
244,202,35171
244,203,35174
244,204,35257
244,205,35319
244,206,35680
244,207,35690
244,208,35677
244,209,35688
244,210,35683
244,211,35685
244,212,35687
244,213,35693
244,214,36270
244,215,36486
244,216,36488
244,217,36484
244,218,36697
244,219,36694
244,220,36695
244,221,36693
244,222,36696
244,223,36698
244,224,37005
244,225,37187
244,226,37185
244,227,37303
244,228,37301
244,229,37298
244,230,37299
244,231,37899
244,232,37907
244,233,37883
244,234,37920
244,235,37903
244,236,37908
244,237,37886
244,238,37909
244,239,37904
244,240,37928
244,241,37913
244,242,37901
244,243,37877
244,244,37888
244,245,37879
244,246,37895
244,247,37902
244,248,37910
244,249,37906
244,250,37882
244,251,37897
244,252,37880
244,253,37898
244,254,37887
245,64,37884
245,65,37900
245,66,37878
245,67,37905
245,68,37894
245,69,38366
245,70,38368
245,71,38367
245,72,38702
245,73,38703
245,74,38841
245,75,38843
245,76,38909
245,77,38910
245,78,39008
245,79,39010
245,80,39011
245,81,39007
245,82,39105
245,83,39106
245,84,39248
245,85,39246
245,86,39257
245,87,39244
245,88,39243
245,89,39251
245,90,39474
245,91,39476
245,92,39473
245,93,39468
245,94,39466
245,95,39478
245,96,39465
245,97,39470
245,98,39480
245,99,39469
245,100,39623
245,101,39626
245,102,39622
245,103,39696
245,104,39698
245,105,39697
245,106,39947
245,107,39944
245,108,39927
245,109,39941
245,110,39954
245,111,39928
245,112,40000
245,113,39943
245,114,39950
245,115,39942
245,116,39959
245,117,39956
245,118,39945
245,119,40351
245,120,40345
245,121,40356
245,122,40349
245,123,40338
245,124,40344
245,125,40336
245,126,40347
245,161,40352
245,162,40340
245,163,40348
245,164,40362
245,165,40343
245,166,40353
245,167,40346
245,168,40354
245,169,40360
245,170,40350
245,171,40355
245,172,40383
245,173,40361
245,174,40342
245,175,40358
245,176,40359
245,177,40601
245,178,40603
245,179,40602
245,180,40677
245,181,40676
245,182,40679
245,183,40678
245,184,40752
245,185,40750
245,186,40795
245,187,40800
245,188,40798
245,189,40797
245,190,40793
245,191,40849
245,192,20794
245,193,20793
245,194,21144
245,195,21143
245,196,22211
245,197,22205
245,198,22206
245,199,23368
245,200,23367
245,201,24011
245,202,24015
245,203,24305
245,204,25085
245,205,25883
245,206,27394
245,207,27388
245,208,27395
245,209,27384
245,210,27392
245,211,28739
245,212,28740
245,213,28746
245,214,28744
245,215,28745
245,216,28741
245,217,28742
245,218,29213
245,219,29210
245,220,29209
245,221,29566
245,222,29975
245,223,30314
245,224,30672
245,225,31021
245,226,31025
245,227,31023
245,228,31828
245,229,31827
245,230,31986
245,231,32394
245,232,32391
245,233,32392
245,234,32395
245,235,32390
245,236,32397
245,237,32589
245,238,32699
245,239,32816
245,240,33245
245,241,34328
245,242,34346
245,243,34342
245,244,34335
245,245,34339
245,246,34332
245,247,34329
245,248,34343
245,249,34350
245,250,34337
245,251,34336
245,252,34345
245,253,34334
245,254,34341
246,64,34857
246,65,34845
246,66,34843
246,67,34848
246,68,34852
246,69,34844
246,70,34859
246,71,34890
246,72,35181
246,73,35177
246,74,35182
246,75,35179
246,76,35322
246,77,35705
246,78,35704
246,79,35653
246,80,35706
246,81,35707
246,82,36112
246,83,36116
246,84,36271
246,85,36494
246,86,36492
246,87,36702
246,88,36699
246,89,36701
246,90,37190
246,91,37188
246,92,37189
246,93,37305
246,94,37951
246,95,37947
246,96,37942
246,97,37929
246,98,37949
246,99,37948
246,100,37936
246,101,37945
246,102,37930
246,103,37943
246,104,37932
246,105,37952
246,106,37937
246,107,38373
246,108,38372
246,109,38371
246,110,38709
246,111,38714
246,112,38847
246,113,38881
246,114,39012
246,115,39113
246,116,39110
246,117,39104
246,118,39256
246,119,39254
246,120,39481
246,121,39485
246,122,39494
246,123,39492
246,124,39490
246,125,39489
246,126,39482
246,161,39487
246,162,39629
246,163,39701
246,164,39703
246,165,39704
246,166,39702
246,167,39738
246,168,39762
246,169,39979
246,170,39965
246,171,39964
246,172,39980
246,173,39971
246,174,39976
246,175,39977
246,176,39972
246,177,39969
246,178,40375
246,179,40374
246,180,40380
246,181,40385
246,182,40391
246,183,40394
246,184,40399
246,185,40382
246,186,40389
246,187,40387
246,188,40379
246,189,40373
246,190,40398
246,191,40377
246,192,40378
246,193,40364
246,194,40392
246,195,40369
246,196,40365
246,197,40396
246,198,40371
246,199,40397
246,200,40370
246,201,40570
246,202,40604
246,203,40683
246,204,40686
246,205,40685
246,206,40731
246,207,40728
246,208,40730
246,209,40753
246,210,40782
246,211,40805
246,212,40804
246,213,40850
246,214,20153
246,215,22214
246,216,22213
246,217,22219
246,218,22897
246,219,23371
246,220,23372
246,221,24021
246,222,24017
246,223,24306
246,224,25889
246,225,25888
246,226,25894
246,227,25890
246,228,27403
246,229,27400
246,230,27401
246,231,27661
246,232,28757
246,233,28758
246,234,28759
246,235,28754
246,236,29214
246,237,29215
246,238,29353
246,239,29567
246,240,29912
246,241,29909
246,242,29913
246,243,29911
246,244,30317
246,245,30381
246,246,31029
246,247,31156
246,248,31344
246,249,31345
246,250,31831
246,251,31836
246,252,31833
246,253,31835
246,254,31834
247,64,31988
247,65,31985
247,66,32401
247,67,32591
247,68,32647
247,69,33246
247,70,33387
247,71,34356
247,72,34357
247,73,34355
247,74,34348
247,75,34354
247,76,34358
247,77,34860
247,78,34856
247,79,34854
247,80,34858
247,81,34853
247,82,35185
247,83,35263
247,84,35262
247,85,35323
247,86,35710
247,87,35716
247,88,35714
247,89,35718
247,90,35717
247,91,35711
247,92,36117
247,93,36501
247,94,36500
247,95,36506
247,96,36498
247,97,36496
247,98,36502
247,99,36503
247,100,36704
247,101,36706
247,102,37191
247,103,37964
247,104,37968
247,105,37962
247,106,37963
247,107,37967
247,108,37959
247,109,37957
247,110,37960
247,111,37961
247,112,37958
247,113,38719
247,114,38883
247,115,39018
247,116,39017
247,117,39115
247,118,39252
247,119,39259
247,120,39502
247,121,39507
247,122,39508
247,123,39500
247,124,39503
247,125,39496
247,126,39498
247,161,39497
247,162,39506
247,163,39504
247,164,39632
247,165,39705
247,166,39723
247,167,39739
247,168,39766
247,169,39765
247,170,40006
247,171,40008
247,172,39999
247,173,40004
247,174,39993
247,175,39987
247,176,40001
247,177,39996
247,178,39991
247,179,39988
247,180,39986
247,181,39997
247,182,39990
247,183,40411
247,184,40402
247,185,40414
247,186,40410
247,187,40395
247,188,40400
247,189,40412
247,190,40401
247,191,40415
247,192,40425
247,193,40409
247,194,40408
247,195,40406
247,196,40437
247,197,40405
247,198,40413
247,199,40630
247,200,40688
247,201,40757
247,202,40755
247,203,40754
247,204,40770
247,205,40811
247,206,40853
247,207,40866
247,208,20797
247,209,21145
247,210,22760
247,211,22759
247,212,22898
247,213,23373
247,214,24024
247,215,34863
247,216,24399
247,217,25089
247,218,25091
247,219,25092
247,220,25897
247,221,25893
247,222,26006
247,223,26347
247,224,27409
247,225,27410
247,226,27407
247,227,27594
247,228,28763
247,229,28762
247,230,29218
247,231,29570
247,232,29569
247,233,29571
247,234,30320
247,235,30676
247,236,31847
247,237,31846
247,238,32405
247,239,33388
247,240,34362
247,241,34368
247,242,34361
247,243,34364
247,244,34353
247,245,34363
247,246,34366
247,247,34864
247,248,34866
247,249,34862
247,250,34867
247,251,35190
247,252,35188
247,253,35187
247,254,35326
248,64,35724
248,65,35726
248,66,35723
248,67,35720
248,68,35909
248,69,36121
248,70,36504
248,71,36708
248,72,36707
248,73,37308
248,74,37986
248,75,37973
248,76,37981
248,77,37975
248,78,37982
248,79,38852
248,80,38853
248,81,38912
248,82,39510
248,83,39513
248,84,39710
248,85,39711
248,86,39712
248,87,40018
248,88,40024
248,89,40016
248,90,40010
248,91,40013
248,92,40011
248,93,40021
248,94,40025
248,95,40012
248,96,40014
248,97,40443
248,98,40439
248,99,40431
248,100,40419
248,101,40427
248,102,40440
248,103,40420
248,104,40438
248,105,40417
248,106,40430
248,107,40422
248,108,40434
248,109,40432
248,110,40418
248,111,40428
248,112,40436
248,113,40435
248,114,40424
248,115,40429
248,116,40642
248,117,40656
248,118,40690
248,119,40691
248,120,40710
248,121,40732
248,122,40760
248,123,40759
248,124,40758
248,125,40771
248,126,40783
248,161,40817
248,162,40816
248,163,40814
248,164,40815
248,165,22227
248,166,22221
248,167,23374
248,168,23661
248,169,25901
248,170,26349
248,171,26350
248,172,27411
248,173,28767
248,174,28769
248,175,28765
248,176,28768
248,177,29219
248,178,29915
248,179,29925
248,180,30677
248,181,31032
248,182,31159
248,183,31158
248,184,31850
248,185,32407
248,186,32649
248,187,33389
248,188,34371
248,189,34872
248,190,34871
248,191,34869
248,192,34891
248,193,35732
248,194,35733
248,195,36510
248,196,36511
248,197,36512
248,198,36509
248,199,37310
248,200,37309
248,201,37314
248,202,37995
248,203,37992
248,204,37993
248,205,38629
248,206,38726
248,207,38723
248,208,38727
248,209,38855
248,210,38885
248,211,39518
248,212,39637
248,213,39769
248,214,40035
248,215,40039
248,216,40038
248,217,40034
248,218,40030
248,219,40032
248,220,40450
248,221,40446
248,222,40455
248,223,40451
248,224,40454
248,225,40453
248,226,40448
248,227,40449
248,228,40457
248,229,40447
248,230,40445
248,231,40452
248,232,40608
248,233,40734
248,234,40774
248,235,40820
248,236,40821
248,237,40822
248,238,22228
248,239,25902
248,240,26040
248,241,27416
248,242,27417
248,243,27415
248,244,27418
248,245,28770
248,246,29222
248,247,29354
248,248,30680
248,249,30681
248,250,31033
248,251,31849
248,252,31851
248,253,31990
248,254,32410
249,64,32408
249,65,32411
249,66,32409
249,67,33248
249,68,33249
249,69,34374
249,70,34375
249,71,34376
249,72,35193
249,73,35194
249,74,35196
249,75,35195
249,76,35327
249,77,35736
249,78,35737
249,79,36517
249,80,36516
249,81,36515
249,82,37998
249,83,37997
249,84,37999
249,85,38001
249,86,38003
249,87,38729
249,88,39026
249,89,39263
249,90,40040
249,91,40046
249,92,40045
249,93,40459
249,94,40461
249,95,40464
249,96,40463
249,97,40466
249,98,40465
249,99,40609
249,100,40693
249,101,40713
249,102,40775
249,103,40824
249,104,40827
249,105,40826
249,106,40825
249,107,22302
249,108,28774
249,109,31855
249,110,34876
249,111,36274
249,112,36518
249,113,37315
249,114,38004
249,115,38008
249,116,38006
249,117,38005
249,118,39520
249,119,40052
249,120,40051
249,121,40049
249,122,40053
249,123,40468
249,124,40467
249,125,40694
249,126,40714
249,161,40868
249,162,28776
249,163,28773
249,164,31991
249,165,34410
249,166,34878
249,167,34877
249,168,34879
249,169,35742
249,170,35996
249,171,36521
249,172,36553
249,173,38731
249,174,39027
249,175,39028
249,176,39116
249,177,39265
249,178,39339
249,179,39524
249,180,39526
249,181,39527
249,182,39716
249,183,40469
249,184,40471
249,185,40776
249,186,25095
249,187,27422
249,188,29223
249,189,34380
249,190,36520
249,191,38018
249,192,38016
249,193,38017
249,194,39529
249,195,39528
249,196,39726
249,197,40473
249,198,29225
249,199,34379
249,200,35743
249,201,38019
249,202,40057
249,203,40631
249,204,30325
249,205,39531
249,206,40058
249,207,40477
249,208,28777
249,209,28778
249,210,40612
249,211,40830
249,212,40777
249,213,40856
249,214,-1
249,215,-1
249,216,-1
249,217,-1
249,218,-1
249,219,-1
249,220,-1
249,221,-1
249,222,-1
249,223,-1
249,224,-1
249,225,-1
249,226,-1
249,227,-1
249,228,-1
249,229,-1
249,230,-1
249,231,-1
249,232,-1
249,233,-1
249,234,-1
249,235,-1
249,236,-1
249,237,-1
249,238,-1
249,239,-1
249,240,-1
249,241,-1
249,242,-1
249,243,-1
249,244,-1
249,245,-1
249,246,-1
249,247,-1
249,248,-1
249,249,-1
249,250,65533
249,251,65533
249,252,65533
249,253,65533
249,254,65533
