129,64,19970
129,65,19972
129,66,19973
129,67,19974
129,68,19983
129,69,19986
129,70,19991
129,71,19999
129,72,20000
129,73,20001
129,74,20003
129,75,20006
129,76,20009
129,77,20014
129,78,20015
129,79,20017
129,80,20019
129,81,20021
129,82,20023
129,83,20028
129,84,20032
129,85,20033
129,86,20034
129,87,20036
129,88,20038
129,89,20042
129,90,20049
129,91,20053
129,92,20055
129,93,20058
129,94,20059
129,95,20066
129,96,20067
129,97,20068
129,98,20069
129,99,20071
129,100,20072
129,101,20074
129,102,20075
129,103,20076
129,104,20077
129,105,20078
129,106,20079
129,107,20082
129,108,20084
129,109,20085
129,110,20086
129,111,20087
129,112,20088
129,113,20089
129,114,20090
129,115,20091
129,116,20092
129,117,20093
129,118,20095
129,119,20096
129,120,20097
129,121,20098
129,122,20099
129,123,20100
129,124,20101
129,125,20103
129,126,20106
129,128,20112
129,129,20118
129,130,20119
129,131,20121
129,132,20124
129,133,20125
129,134,20126
129,135,20131
129,136,20138
129,137,20143
129,138,20144
129,139,20145
129,140,20148
129,141,20150
129,142,20151
129,143,20152
129,144,20153
129,145,20156
129,146,20157
129,147,20158
129,148,20168
129,149,20172
129,150,20175
129,151,20176
129,152,20178
129,153,20186
129,154,20187
129,155,20188
129,156,20192
129,157,20194
129,158,20198
129,159,20199
129,160,20201
129,161,20205
129,162,20206
129,163,20207
129,164,20209
129,165,20212
129,166,20216
129,167,20217
129,168,20218
129,169,20220
129,170,20222
129,171,20224
129,172,20226
129,173,20227
129,174,20228
129,175,20229
129,176,20230
129,177,20231
129,178,20232
129,179,20235
129,180,20236
129,181,20242
129,182,20243
129,183,20244
129,184,20245
129,185,20246
129,186,20252
129,187,20253
129,188,20257
129,189,20259
129,190,20264
129,191,20265
129,192,20268
129,193,20269
129,194,20270
129,195,20273
129,196,20275
129,197,20277
129,198,20279
129,199,20281
129,200,20283
129,201,20286
129,202,20287
129,203,20288
129,204,20289
129,205,20290
129,206,20292
129,207,20293
129,208,20295
129,209,20296
129,210,20297
129,211,20298
129,212,20299
129,213,20300
129,214,20306
129,215,20308
129,216,20310
129,217,20321
129,218,20322
129,219,20326
129,220,20328
129,221,20330
129,222,20331
129,223,20333
129,224,20334
129,225,20337
129,226,20338
129,227,20341
129,228,20343
129,229,20344
129,230,20345
129,231,20346
129,232,20349
129,233,20352
129,234,20353
129,235,20354
129,236,20357
129,237,20358
129,238,20359
129,239,20362
129,240,20364
129,241,20366
129,242,20368
129,243,20370
129,244,20371
129,245,20373
129,246,20374
129,247,20376
129,248,20377
129,249,20378
129,250,20380
129,251,20382
129,252,20383
129,253,20385
129,254,20386
130,64,20388
130,65,20395
130,66,20397
130,67,20400
130,68,20401
130,69,20402
130,70,20403
130,71,20404
130,72,20406
130,73,20407
130,74,20408
130,75,20409
130,76,20410
130,77,20411
130,78,20412
130,79,20413
130,80,20414
130,81,20416
130,82,20417
130,83,20418
130,84,20422
130,85,20423
130,86,20424
130,87,20425
130,88,20427
130,89,20428
130,90,20429
130,91,20434
130,92,20435
130,93,20436
130,94,20437
130,95,20438
130,96,20441
130,97,20443
130,98,20448
130,99,20450
130,100,20452
130,101,20453
130,102,20455
130,103,20459
130,104,20460
130,105,20464
130,106,20466
130,107,20468
130,108,20469
130,109,20470
130,110,20471
130,111,20473
130,112,20475
130,113,20476
130,114,20477
130,115,20479
130,116,20480
130,117,20481
130,118,20482
130,119,20483
130,120,20484
130,121,20485
130,122,20486
130,123,20487
130,124,20488
130,125,20489
130,126,20490
130,128,20491
130,129,20494
130,130,20496
130,131,20497
130,132,20499
130,133,20501
130,134,20502
130,135,20503
130,136,20507
130,137,20509
130,138,20510
130,139,20512
130,140,20514
130,141,20515
130,142,20516
130,143,20519
130,144,20523
130,145,20527
130,146,20528
130,147,20529
130,148,20530
130,149,20531
130,150,20532
130,151,20533
130,152,20534
130,153,20535
130,154,20536
130,155,20537
130,156,20539
130,157,20541
130,158,20543
130,159,20544
130,160,20545
130,161,20546
130,162,20548
130,163,20549
130,164,20550
130,165,20553
130,166,20554
130,167,20555
130,168,20557
130,169,20560
130,170,20561
130,171,20562
130,172,20563
130,173,20564
130,174,20566
130,175,20567
130,176,20568
130,177,20569
130,178,20571
130,179,20573
130,180,20574
130,181,20575
130,182,20576
130,183,20577
130,184,20578
130,185,20579
130,186,20580
130,187,20582
130,188,20583
130,189,20584
130,190,20585
130,191,20586
130,192,20587
130,193,20589
130,194,20590
130,195,20591
130,196,20592
130,197,20593
130,198,20594
130,199,20595
130,200,20596
130,201,20597
130,202,20600
130,203,20601
130,204,20602
130,205,20604
130,206,20605
130,207,20609
130,208,20610
130,209,20611
130,210,20612
130,211,20614
130,212,20615
130,213,20617
130,214,20618
130,215,20619
130,216,20620
130,217,20622
130,218,20623
130,219,20624
130,220,20625
130,221,20626
130,222,20627
130,223,20628
130,224,20629
130,225,20630
130,226,20631
130,227,20632
130,228,20633
130,229,20634
130,230,20635
130,231,20636
130,232,20637
130,233,20638
130,234,20639
130,235,20640
130,236,20641
130,237,20642
130,238,20644
130,239,20646
130,240,20650
130,241,20651
130,242,20653
130,243,20654
130,244,20655
130,245,20656
130,246,20657
130,247,20659
130,248,20660
130,249,20661
130,250,20662
130,251,20663
130,252,20664
130,253,20665
130,254,20668
131,64,20669
131,65,20670
131,66,20671
131,67,20672
131,68,20673
131,69,20674
131,70,20675
131,71,20676
131,72,20677
131,73,20678
131,74,20679
131,75,20680
131,76,20681
131,77,20682
131,78,20683
131,79,20684
131,80,20685
131,81,20686
131,82,20688
131,83,20689
131,84,20690
131,85,20691
131,86,20692
131,87,20693
131,88,20695
131,89,20696
131,90,20697
131,91,20699
131,92,20700
131,93,20701
131,94,20702
131,95,20703
131,96,20704
131,97,20705
131,98,20706
131,99,20707
131,100,20708
131,101,20709
131,102,20712
131,103,20713
131,104,20714
131,105,20715
131,106,20719
131,107,20720
131,108,20721
131,109,20722
131,110,20724
131,111,20726
131,112,20727
131,113,20728
131,114,20729
131,115,20730
131,116,20732
131,117,20733
131,118,20734
131,119,20735
131,120,20736
131,121,20737
131,122,20738
131,123,20739
131,124,20740
131,125,20741
131,126,20744
131,128,20745
131,129,20746
131,130,20748
131,131,20749
131,132,20750
131,133,20751
131,134,20752
131,135,20753
131,136,20755
131,137,20756
131,138,20757
131,139,20758
131,140,20759
131,141,20760
131,142,20761
131,143,20762
131,144,20763
131,145,20764
131,146,20765
131,147,20766
131,148,20767
131,149,20768
131,150,20770
131,151,20771
131,152,20772
131,153,20773
131,154,20774
131,155,20775
131,156,20776
131,157,20777
131,158,20778
131,159,20779
131,160,20780
131,161,20781
131,162,20782
131,163,20783
131,164,20784
131,165,20785
131,166,20786
131,167,20787
131,168,20788
131,169,20789
131,170,20790
131,171,20791
131,172,20792
131,173,20793
131,174,20794
131,175,20795
131,176,20796
131,177,20797
131,178,20798
131,179,20802
131,180,20807
131,181,20810
131,182,20812
131,183,20814
131,184,20815
131,185,20816
131,186,20818
131,187,20819
131,188,20823
131,189,20824
131,190,20825
131,191,20827
131,192,20829
131,193,20830
131,194,20831
131,195,20832
131,196,20833
131,197,20835
131,198,20836
131,199,20838
131,200,20839
131,201,20841
131,202,20842
131,203,20847
131,204,20850
131,205,20858
131,206,20862
131,207,20863
131,208,20867
131,209,20868
131,210,20870
131,211,20871
131,212,20874
131,213,20875
131,214,20878
131,215,20879
131,216,20880
131,217,20881
131,218,20883
131,219,20884
131,220,20888
131,221,20890
131,222,20893
131,223,20894
131,224,20895
131,225,20897
131,226,20899
131,227,20902
131,228,20903
131,229,20904
131,230,20905
131,231,20906
131,232,20909
131,233,20910
131,234,20916
131,235,20920
131,236,20921
131,237,20922
131,238,20926
131,239,20927
131,240,20929
131,241,20930
131,242,20931
131,243,20933
131,244,20936
131,245,20938
131,246,20941
131,247,20942
131,248,20944
131,249,20946
131,250,20947
131,251,20948
131,252,20949
131,253,20950
131,254,20951
132,64,20952
132,65,20953
132,66,20954
132,67,20956
132,68,20958
132,69,20959
132,70,20962
132,71,20963
132,72,20965
132,73,20966
132,74,20967
132,75,20968
132,76,20969
132,77,20970
132,78,20972
132,79,20974
132,80,20977
132,81,20978
132,82,20980
132,83,20983
132,84,20990
132,85,20996
132,86,20997
132,87,21001
132,88,21003
132,89,21004
132,90,21007
132,91,21008
132,92,21011
132,93,21012
132,94,21013
132,95,21020
132,96,21022
132,97,21023
132,98,21025
132,99,21026
132,100,21027
132,101,21029
132,102,21030
132,103,21031
132,104,21034
132,105,21036
132,106,21039
132,107,21041
132,108,21042
132,109,21044
132,110,21045
132,111,21052
132,112,21054
132,113,21060
132,114,21061
132,115,21062
132,116,21063
132,117,21064
132,118,21065
132,119,21067
132,120,21070
132,121,21071
132,122,21074
132,123,21075
132,124,21077
132,125,21079
132,126,21080
132,128,21081
132,129,21082
132,130,21083
132,131,21085
132,132,21087
132,133,21088
132,134,21090
132,135,21091
132,136,21092
132,137,21094
132,138,21096
132,139,21099
132,140,21100
132,141,21101
132,142,21102
132,143,21104
132,144,21105
132,145,21107
132,146,21108
132,147,21109
132,148,21110
132,149,21111
132,150,21112
132,151,21113
132,152,21114
132,153,21115
132,154,21116
132,155,21118
132,156,21120
132,157,21123
132,158,21124
132,159,21125
132,160,21126
132,161,21127
132,162,21129
132,163,21130
132,164,21131
132,165,21132
132,166,21133
132,167,21134
132,168,21135
132,169,21137
132,170,21138
132,171,21140
132,172,21141
132,173,21142
132,174,21143
132,175,21144
132,176,21145
132,177,21146
132,178,21148
132,179,21156
132,180,21157
132,181,21158
132,182,21159
132,183,21166
132,184,21167
132,185,21168
132,186,21172
132,187,21173
132,188,21174
132,189,21175
132,190,21176
132,191,21177
132,192,21178
132,193,21179
132,194,21180
132,195,21181
132,196,21184
132,197,21185
132,198,21186
132,199,21188
132,200,21189
132,201,21190
132,202,21192
132,203,21194
132,204,21196
132,205,21197
132,206,21198
132,207,21199
132,208,21201
132,209,21203
132,210,21204
132,211,21205
132,212,21207
132,213,21209
132,214,21210
132,215,21211
132,216,21212
132,217,21213
132,218,21214
132,219,21216
132,220,21217
132,221,21218
132,222,21219
132,223,21221
132,224,21222
132,225,21223
132,226,21224
132,227,21225
132,228,21226
132,229,21227
132,230,21228
132,231,21229
132,232,21230
132,233,21231
132,234,21233
132,235,21234
132,236,21235
132,237,21236
132,238,21237
132,239,21238
132,240,21239
132,241,21240
132,242,21243
132,243,21244
132,244,21245
132,245,21249
132,246,21250
132,247,21251
132,248,21252
132,249,21255
132,250,21257
132,251,21258
132,252,21259
132,253,21260
132,254,21262
133,64,21265
133,65,21266
133,66,21267
133,67,21268
133,68,21272
133,69,21275
133,70,21276
133,71,21278
133,72,21279
133,73,21282
133,74,21284
133,75,21285
133,76,21287
133,77,21288
133,78,21289
133,79,21291
133,80,21292
133,81,21293
133,82,21295
133,83,21296
133,84,21297
133,85,21298
133,86,21299
133,87,21300
133,88,21301
133,89,21302
133,90,21303
133,91,21304
133,92,21308
133,93,21309
133,94,21312
133,95,21314
133,96,21316
133,97,21318
133,98,21323
133,99,21324
133,100,21325
133,101,21328
133,102,21332
133,103,21336
133,104,21337
133,105,21339
133,106,21341
133,107,21349
133,108,21352
133,109,21354
133,110,21356
133,111,21357
133,112,21362
133,113,21366
133,114,21369
133,115,21371
133,116,21372
133,117,21373
133,118,21374
133,119,21376
133,120,21377
133,121,21379
133,122,21383
133,123,21384
133,124,21386
133,125,21390
133,126,21391
133,128,21392
133,129,21393
133,130,21394
133,131,21395
133,132,21396
133,133,21398
133,134,21399
133,135,21401
133,136,21403
133,137,21404
133,138,21406
133,139,21408
133,140,21409
133,141,21412
133,142,21415
133,143,21418
133,144,21419
133,145,21420
133,146,21421
133,147,21423
133,148,21424
133,149,21425
133,150,21426
133,151,21427
133,152,21428
133,153,21429
133,154,21431
133,155,21432
133,156,21433
133,157,21434
133,158,21436
133,159,21437
133,160,21438
133,161,21440
133,162,21443
133,163,21444
133,164,21445
133,165,21446
133,166,21447
133,167,21454
133,168,21455
133,169,21456
133,170,21458
133,171,21459
133,172,21461
133,173,21466
133,174,21468
133,175,21469
133,176,21470
133,177,21473
133,178,21474
133,179,21479
133,180,21492
133,181,21498
133,182,21502
133,183,21503
133,184,21504
133,185,21506
133,186,21509
133,187,21511
133,188,21515
133,189,21524
133,190,21528
133,191,21529
133,192,21530
133,193,21532
133,194,21538
133,195,21540
133,196,21541
133,197,21546
133,198,21552
133,199,21555
133,200,21558
133,201,21559
133,202,21562
133,203,21565
133,204,21567
133,205,21569
133,206,21570
133,207,21572
133,208,21573
133,209,21575
133,210,21577
133,211,21580
133,212,21581
133,213,21582
133,214,21583
133,215,21585
133,216,21594
133,217,21597
133,218,21598
133,219,21599
133,220,21600
133,221,21601
133,222,21603
133,223,21605
133,224,21607
133,225,21609
133,226,21610
133,227,21611
133,228,21612
133,229,21613
133,230,21614
133,231,21615
133,232,21616
133,233,21620
133,234,21625
133,235,21626
133,236,21630
133,237,21631
133,238,21633
133,239,21635
133,240,21637
133,241,21639
133,242,21640
133,243,21641
133,244,21642
133,245,21645
133,246,21649
133,247,21651
133,248,21655
133,249,21656
133,250,21660
133,251,21662
133,252,21663
133,253,21664
133,254,21665
134,64,21666
134,65,21669
134,66,21678
134,67,21680
134,68,21682
134,69,21685
134,70,21686
134,71,21687
134,72,21689
134,73,21690
134,74,21692
134,75,21694
134,76,21699
134,77,21701
134,78,21706
134,79,21707
134,80,21718
134,81,21720
134,82,21723
134,83,21728
134,84,21729
134,85,21730
134,86,21731
134,87,21732
134,88,21739
134,89,21740
134,90,21743
134,91,21744
134,92,21745
134,93,21748
134,94,21749
134,95,21750
134,96,21751
134,97,21752
134,98,21753
134,99,21755
134,100,21758
134,101,21760
134,102,21762
134,103,21763
134,104,21764
134,105,21765
134,106,21768
134,107,21770
134,108,21771
134,109,21772
134,110,21773
134,111,21774
134,112,21778
134,113,21779
134,114,21781
134,115,21782
134,116,21783
134,117,21784
134,118,21785
134,119,21786
134,120,21788
134,121,21789
134,122,21790
134,123,21791
134,124,21793
134,125,21797
134,126,21798
134,128,21800
134,129,21801
134,130,21803
134,131,21805
134,132,21810
134,133,21812
134,134,21813
134,135,21814
134,136,21816
134,137,21817
134,138,21818
134,139,21819
134,140,21821
134,141,21824
134,142,21826
134,143,21829
134,144,21831
134,145,21832
134,146,21835
134,147,21836
134,148,21837
134,149,21838
134,150,21839
134,151,21841
134,152,21842
134,153,21843
134,154,21844
134,155,21847
134,156,21848
134,157,21849
134,158,21850
134,159,21851
134,160,21853
134,161,21854
134,162,21855
134,163,21856
134,164,21858
134,165,21859
134,166,21864
134,167,21865
134,168,21867
134,169,21871
134,170,21872
134,171,21873
134,172,21874
134,173,21875
134,174,21876
134,175,21881
134,176,21882
134,177,21885
134,178,21887
134,179,21893
134,180,21894
134,181,21900
134,182,21901
134,183,21902
134,184,21904
134,185,21906
134,186,21907
134,187,21909
134,188,21910
134,189,21911
134,190,21914
134,191,21915
134,192,21918
134,193,21920
134,194,21921
134,195,21922
134,196,21923
134,197,21924
134,198,21925
134,199,21926
134,200,21928
134,201,21929
134,202,21930
134,203,21931
134,204,21932
134,205,21933
134,206,21934
134,207,21935
134,208,21936
134,209,21938
134,210,21940
134,211,21942
134,212,21944
134,213,21946
134,214,21948
134,215,21951
134,216,21952
134,217,21953
134,218,21954
134,219,21955
134,220,21958
134,221,21959
134,222,21960
134,223,21962
134,224,21963
134,225,21966
134,226,21967
134,227,21968
134,228,21973
134,229,21975
134,230,21976
134,231,21977
134,232,21978
134,233,21979
134,234,21982
134,235,21984
134,236,21986
134,237,21991
134,238,21993
134,239,21997
134,240,21998
134,241,22000
134,242,22001
134,243,22004
134,244,22006
134,245,22008
134,246,22009
134,247,22010
134,248,22011
134,249,22012
134,250,22015
134,251,22018
134,252,22019
134,253,22020
134,254,22021
135,64,22022
135,65,22023
135,66,22026
135,67,22027
135,68,22029
135,69,22032
135,70,22033
135,71,22034
135,72,22035
135,73,22036
135,74,22037
135,75,22038
135,76,22039
135,77,22041
135,78,22042
135,79,22044
135,80,22045
135,81,22048
135,82,22049
135,83,22050
135,84,22053
135,85,22054
135,86,22056
135,87,22057
135,88,22058
135,89,22059
135,90,22062
135,91,22063
135,92,22064
135,93,22067
135,94,22069
135,95,22071
135,96,22072
135,97,22074
135,98,22076
135,99,22077
135,100,22078
135,101,22080
135,102,22081
135,103,22082
135,104,22083
135,105,22084
135,106,22085
135,107,22086
135,108,22087
135,109,22088
135,110,22089
135,111,22090
135,112,22091
135,113,22095
135,114,22096
135,115,22097
135,116,22098
135,117,22099
135,118,22101
135,119,22102
135,120,22106
135,121,22107
135,122,22109
135,123,22110
135,124,22111
135,125,22112
135,126,22113
135,128,22115
135,129,22117
135,130,22118
135,131,22119
135,132,22125
135,133,22126
135,134,22127
135,135,22128
135,136,22130
135,137,22131
135,138,22132
135,139,22133
135,140,22135
135,141,22136
135,142,22137
135,143,22138
135,144,22141
135,145,22142
135,146,22143
135,147,22144
135,148,22145
135,149,22146
135,150,22147
135,151,22148
135,152,22151
135,153,22152
135,154,22153
135,155,22154
135,156,22155
135,157,22156
135,158,22157
135,159,22160
135,160,22161
135,161,22162
135,162,22164
135,163,22165
135,164,22166
135,165,22167
135,166,22168
135,167,22169
135,168,22170
135,169,22171
135,170,22172
135,171,22173
135,172,22174
135,173,22175
135,174,22176
135,175,22177
135,176,22178
135,177,22180
135,178,22181
135,179,22182
135,180,22183
135,181,22184
135,182,22185
135,183,22186
135,184,22187
135,185,22188
135,186,22189
135,187,22190
135,188,22192
135,189,22193
135,190,22194
135,191,22195
135,192,22196
135,193,22197
135,194,22198
135,195,22200
135,196,22201
135,197,22202
135,198,22203
135,199,22205
135,200,22206
135,201,22207
135,202,22208
135,203,22209
135,204,22210
135,205,22211
135,206,22212
135,207,22213
135,208,22214
135,209,22215
135,210,22216
135,211,22217
135,212,22219
135,213,22220
135,214,22221
135,215,22222
135,216,22223
135,217,22224
135,218,22225
135,219,22226
135,220,22227
135,221,22229
135,222,22230
135,223,22232
135,224,22233
135,225,22236
135,226,22243
135,227,22245
135,228,22246
135,229,22247
135,230,22248
135,231,22249
135,232,22250
135,233,22252
135,234,22254
135,235,22255
135,236,22258
135,237,22259
135,238,22262
135,239,22263
135,240,22264
135,241,22267
135,242,22268
135,243,22272
135,244,22273
135,245,22274
135,246,22277
135,247,22279
135,248,22283
135,249,22284
135,250,22285
135,251,22286
135,252,22287
135,253,22288
135,254,22289
136,64,22290
136,65,22291
136,66,22292
136,67,22293
136,68,22294
136,69,22295
136,70,22296
136,71,22297
136,72,22298
136,73,22299
136,74,22301
136,75,22302
136,76,22304
136,77,22305
136,78,22306
136,79,22308
136,80,22309
136,81,22310
136,82,22311
136,83,22315
136,84,22321
136,85,22322
136,86,22324
136,87,22325
136,88,22326
136,89,22327
136,90,22328
136,91,22332
136,92,22333
136,93,22335
136,94,22337
136,95,22339
136,96,22340
136,97,22341
136,98,22342
136,99,22344
136,100,22345
136,101,22347
136,102,22354
136,103,22355
136,104,22356
136,105,22357
136,106,22358
136,107,22360
136,108,22361
136,109,22370
136,110,22371
136,111,22373
136,112,22375
136,113,22380
136,114,22382
136,115,22384
136,116,22385
136,117,22386
136,118,22388
136,119,22389
136,120,22392
136,121,22393
136,122,22394
136,123,22397
136,124,22398
136,125,22399
136,126,22400
136,128,22401
136,129,22407
136,130,22408
136,131,22409
136,132,22410
136,133,22413
136,134,22414
136,135,22415
136,136,22416
136,137,22417
136,138,22420
136,139,22421
136,140,22422
136,141,22423
136,142,22424
136,143,22425
136,144,22426
136,145,22428
136,146,22429
136,147,22430
136,148,22431
136,149,22437
136,150,22440
136,151,22442
136,152,22444
136,153,22447
136,154,22448
136,155,22449
136,156,22451
136,157,22453
136,158,22454
136,159,22455
136,160,22457
136,161,22458
136,162,22459
136,163,22460
136,164,22461
136,165,22462
136,166,22463
136,167,22464
136,168,22465
136,169,22468
136,170,22469
136,171,22470
136,172,22471
136,173,22472
136,174,22473
136,175,22474
136,176,22476
136,177,22477
136,178,22480
136,179,22481
136,180,22483
136,181,22486
136,182,22487
136,183,22491
136,184,22492
136,185,22494
136,186,22497
136,187,22498
136,188,22499
136,189,22501
136,190,22502
136,191,22503
136,192,22504
136,193,22505
136,194,22506
136,195,22507
136,196,22508
136,197,22510
136,198,22512
136,199,22513
136,200,22514
136,201,22515
136,202,22517
136,203,22518
136,204,22519
136,205,22523
136,206,22524
136,207,22526
136,208,22527
136,209,22529
136,210,22531
136,211,22532
136,212,22533
136,213,22536
136,214,22537
136,215,22538
136,216,22540
136,217,22542
136,218,22543
136,219,22544
136,220,22546
136,221,22547
136,222,22548
136,223,22550
136,224,22551
136,225,22552
136,226,22554
136,227,22555
136,228,22556
136,229,22557
136,230,22559
136,231,22562
136,232,22563
136,233,22565
136,234,22566
136,235,22567
136,236,22568
136,237,22569
136,238,22571
136,239,22572
136,240,22573
136,241,22574
136,242,22575
136,243,22577
136,244,22578
136,245,22579
136,246,22580
136,247,22582
136,248,22583
136,249,22584
136,250,22585
136,251,22586
136,252,22587
136,253,22588
136,254,22589
137,64,22590
137,65,22591
137,66,22592
137,67,22593
137,68,22594
137,69,22595
137,70,22597
137,71,22598
137,72,22599
137,73,22600
137,74,22601
137,75,22602
137,76,22603
137,77,22606
137,78,22607
137,79,22608
137,80,22610
137,81,22611
137,82,22613
137,83,22614
137,84,22615
137,85,22617
137,86,22618
137,87,22619
137,88,22620
137,89,22621
137,90,22623
137,91,22624
137,92,22625
137,93,22626
137,94,22627
137,95,22628
137,96,22630
137,97,22631
137,98,22632
137,99,22633
137,100,22634
137,101,22637
137,102,22638
137,103,22639
137,104,22640
137,105,22641
137,106,22642
137,107,22643
137,108,22644
137,109,22645
137,110,22646
137,111,22647
137,112,22648
137,113,22649
137,114,22650
137,115,22651
137,116,22652
137,117,22653
137,118,22655
137,119,22658
137,120,22660
137,121,22662
137,122,22663
137,123,22664
137,124,22666
137,125,22667
137,126,22668
137,128,22669
137,129,22670
137,130,22671
137,131,22672
137,132,22673
137,133,22676
137,134,22677
137,135,22678
137,136,22679
137,137,22680
137,138,22683
137,139,22684
137,140,22685
137,141,22688
137,142,22689
137,143,22690
137,144,22691
137,145,22692
137,146,22693
137,147,22694
137,148,22695
137,149,22698
137,150,22699
137,151,22700
137,152,22701
137,153,22702
137,154,22703
137,155,22704
137,156,22705
137,157,22706
137,158,22707
137,159,22708
137,160,22709
137,161,22710
137,162,22711
137,163,22712
137,164,22713
137,165,22714
137,166,22715
137,167,22717
137,168,22718
137,169,22719
137,170,22720
137,171,22722
137,172,22723
137,173,22724
137,174,22726
137,175,22727
137,176,22728
137,177,22729
137,178,22730
137,179,22731
137,180,22732
137,181,22733
137,182,22734
137,183,22735
137,184,22736
137,185,22738
137,186,22739
137,187,22740
137,188,22742
137,189,22743
137,190,22744
137,191,22745
137,192,22746
137,193,22747
137,194,22748
137,195,22749
137,196,22750
137,197,22751
137,198,22752
137,199,22753
137,200,22754
137,201,22755
137,202,22757
137,203,22758
137,204,22759
137,205,22760
137,206,22761
137,207,22762
137,208,22765
137,209,22767
137,210,22769
137,211,22770
137,212,22772
137,213,22773
137,214,22775
137,215,22776
137,216,22778
137,217,22779
137,218,22780
137,219,22781
137,220,22782
137,221,22783
137,222,22784
137,223,22785
137,224,22787
137,225,22789
137,226,22790
137,227,22792
137,228,22793
137,229,22794
137,230,22795
137,231,22796
137,232,22798
137,233,22800
137,234,22801
137,235,22802
137,236,22803
137,237,22807
137,238,22808
137,239,22811
137,240,22813
137,241,22814
137,242,22816
137,243,22817
137,244,22818
137,245,22819
137,246,22822
137,247,22824
137,248,22828
137,249,22832
137,250,22834
137,251,22835
137,252,22837
137,253,22838
137,254,22843
138,64,22845
138,65,22846
138,66,22847
138,67,22848
138,68,22851
138,69,22853
138,70,22854
138,71,22858
138,72,22860
138,73,22861
138,74,22864
138,75,22866
138,76,22867
138,77,22873
138,78,22875
138,79,22876
138,80,22877
138,81,22878
138,82,22879
138,83,22881
138,84,22883
138,85,22884
138,86,22886
138,87,22887
138,88,22888
138,89,22889
138,90,22890
138,91,22891
138,92,22892
138,93,22893
138,94,22894
138,95,22895
138,96,22896
138,97,22897
138,98,22898
138,99,22901
138,100,22903
138,101,22906
138,102,22907
138,103,22908
138,104,22910
138,105,22911
138,106,22912
138,107,22917
138,108,22921
138,109,22923
138,110,22924
138,111,22926
138,112,22927
138,113,22928
138,114,22929
138,115,22932
138,116,22933
138,117,22936
138,118,22938
138,119,22939
138,120,22940
138,121,22941
138,122,22943
138,123,22944
138,124,22945
138,125,22946
138,126,22950
138,128,22951
138,129,22956
138,130,22957
138,131,22960
138,132,22961
138,133,22963
138,134,22964
138,135,22965
138,136,22966
138,137,22967
138,138,22968
138,139,22970
138,140,22972
138,141,22973
138,142,22975
138,143,22976
138,144,22977
138,145,22978
138,146,22979
138,147,22980
138,148,22981
138,149,22983
138,150,22984
138,151,22985
138,152,22988
138,153,22989
138,154,22990
138,155,22991
138,156,22997
138,157,22998
138,158,23001
138,159,23003
138,160,23006
138,161,23007
138,162,23008
138,163,23009
138,164,23010
138,165,23012
138,166,23014
138,167,23015
138,168,23017
138,169,23018
138,170,23019
138,171,23021
138,172,23022
138,173,23023
138,174,23024
138,175,23025
138,176,23026
138,177,23027
138,178,23028
138,179,23029
138,180,23030
138,181,23031
138,182,23032
138,183,23034
138,184,23036
138,185,23037
138,186,23038
138,187,23040
138,188,23042
138,189,23050
138,190,23051
138,191,23053
138,192,23054
138,193,23055
138,194,23056
138,195,23058
138,196,23060
138,197,23061
138,198,23062
138,199,23063
138,200,23065
138,201,23066
138,202,23067
138,203,23069
138,204,23070
138,205,23073
138,206,23074
138,207,23076
138,208,23078
138,209,23079
138,210,23080
138,211,23082
138,212,23083
138,213,23084
138,214,23085
138,215,23086
138,216,23087
138,217,23088
138,218,23091
138,219,23093
138,220,23095
138,221,23096
138,222,23097
138,223,23098
138,224,23099
138,225,23101
138,226,23102
138,227,23103
138,228,23105
138,229,23106
138,230,23107
138,231,23108
138,232,23109
138,233,23111
138,234,23112
138,235,23115
138,236,23116
138,237,23117
138,238,23118
138,239,23119
138,240,23120
138,241,23121
138,242,23122
138,243,23123
138,244,23124
138,245,23126
138,246,23127
138,247,23128
138,248,23129
138,249,23131
138,250,23132
138,251,23133
138,252,23134
138,253,23135
138,254,23136
139,64,23137
139,65,23139
139,66,23140
139,67,23141
139,68,23142
139,69,23144
139,70,23145
139,71,23147
139,72,23148
139,73,23149
139,74,23150
139,75,23151
139,76,23152
139,77,23153
139,78,23154
139,79,23155
139,80,23160
139,81,23161
139,82,23163
139,83,23164
139,84,23165
139,85,23166
139,86,23168
139,87,23169
139,88,23170
139,89,23171
139,90,23172
139,91,23173
139,92,23174
139,93,23175
139,94,23176
139,95,23177
139,96,23178
139,97,23179
139,98,23180
139,99,23181
139,100,23182
139,101,23183
139,102,23184
139,103,23185
139,104,23187
139,105,23188
139,106,23189
139,107,23190
139,108,23191
139,109,23192
139,110,23193
139,111,23196
139,112,23197
139,113,23198
139,114,23199
139,115,23200
139,116,23201
139,117,23202
139,118,23203
139,119,23204
139,120,23205
139,121,23206
139,122,23207
139,123,23208
139,124,23209
139,125,23211
139,126,23212
139,128,23213
139,129,23214
139,130,23215
139,131,23216
139,132,23217
139,133,23220
139,134,23222
139,135,23223
139,136,23225
139,137,23226
139,138,23227
139,139,23228
139,140,23229
139,141,23231
139,142,23232
139,143,23235
139,144,23236
139,145,23237
139,146,23238
139,147,23239
139,148,23240
139,149,23242
139,150,23243
139,151,23245
139,152,23246
139,153,23247
139,154,23248
139,155,23249
139,156,23251
139,157,23253
139,158,23255
139,159,23257
139,160,23258
139,161,23259
139,162,23261
139,163,23262
139,164,23263
139,165,23266
139,166,23268
139,167,23269
139,168,23271
139,169,23272
139,170,23274
139,171,23276
139,172,23277
139,173,23278
139,174,23279
139,175,23280
139,176,23282
139,177,23283
139,178,23284
139,179,23285
139,180,23286
139,181,23287
139,182,23288
139,183,23289
139,184,23290
139,185,23291
139,186,23292
139,187,23293
139,188,23294
139,189,23295
139,190,23296
139,191,23297
139,192,23298
139,193,23299
139,194,23300
139,195,23301
139,196,23302
139,197,23303
139,198,23304
139,199,23306
139,200,23307
139,201,23308
139,202,23309
139,203,23310
139,204,23311
139,205,23312
139,206,23313
139,207,23314
139,208,23315
139,209,23316
139,210,23317
139,211,23320
139,212,23321
139,213,23322
139,214,23323
139,215,23324
139,216,23325
139,217,23326
139,218,23327
139,219,23328
139,220,23329
139,221,23330
139,222,23331
139,223,23332
139,224,23333
139,225,23334
139,226,23335
139,227,23336
139,228,23337
139,229,23338
139,230,23339
139,231,23340
139,232,23341
139,233,23342
139,234,23343
139,235,23344
139,236,23345
139,237,23347
139,238,23349
139,239,23350
139,240,23352
139,241,23353
139,242,23354
139,243,23355
139,244,23356
139,245,23357
139,246,23358
139,247,23359
139,248,23361
139,249,23362
139,250,23363
139,251,23364
139,252,23365
139,253,23366
139,254,23367
140,64,23368
140,65,23369
140,66,23370
140,67,23371
140,68,23372
140,69,23373
140,70,23374
140,71,23375
140,72,23378
140,73,23382
140,74,23390
140,75,23392
140,76,23393
140,77,23399
140,78,23400
140,79,23403
140,80,23405
140,81,23406
140,82,23407
140,83,23410
140,84,23412
140,85,23414
140,86,23415
140,87,23416
140,88,23417
140,89,23419
140,90,23420
140,91,23422
140,92,23423
140,93,23426
140,94,23430
140,95,23434
140,96,23437
140,97,23438
140,98,23440
140,99,23441
140,100,23442
140,101,23444
140,102,23446
140,103,23455
140,104,23463
140,105,23464
140,106,23465
140,107,23468
140,108,23469
140,109,23470
140,110,23471
140,111,23473
140,112,23474
140,113,23479
140,114,23482
140,115,23483
140,116,23484
140,117,23488
140,118,23489
140,119,23491
140,120,23496
140,121,23497
140,122,23498
140,123,23499
140,124,23501
140,125,23502
140,126,23503
140,128,23505
140,129,23508
140,130,23509
140,131,23510
140,132,23511
140,133,23512
140,134,23513
140,135,23514
140,136,23515
140,137,23516
140,138,23520
140,139,23522
140,140,23523
140,141,23526
140,142,23527
140,143,23529
140,144,23530
140,145,23531
140,146,23532
140,147,23533
140,148,23535
140,149,23537
140,150,23538
140,151,23539
140,152,23540
140,153,23541
140,154,23542
140,155,23543
140,156,23549
140,157,23550
140,158,23552
140,159,23554
140,160,23555
140,161,23557
140,162,23559
140,163,23560
140,164,23563
140,165,23564
140,166,23565
140,167,23566
140,168,23568
140,169,23570
140,170,23571
140,171,23575
140,172,23577
140,173,23579
140,174,23582
140,175,23583
140,176,23584
140,177,23585
140,178,23587
140,179,23590
140,180,23592
140,181,23593
140,182,23594
140,183,23595
140,184,23597
140,185,23598
140,186,23599
140,187,23600
140,188,23602
140,189,23603
140,190,23605
140,191,23606
140,192,23607
140,193,23619
140,194,23620
140,195,23622
140,196,23623
140,197,23628
140,198,23629
140,199,23634
140,200,23635
140,201,23636
140,202,23638
140,203,23639
140,204,23640
140,205,23642
140,206,23643
140,207,23644
140,208,23645
140,209,23647
140,210,23650
140,211,23652
140,212,23655
140,213,23656
140,214,23657
140,215,23658
140,216,23659
140,217,23660
140,218,23661
140,219,23664
140,220,23666
140,221,23667
140,222,23668
140,223,23669
140,224,23670
140,225,23671
140,226,23672
140,227,23675
140,228,23676
140,229,23677
140,230,23678
140,231,23680
140,232,23683
140,233,23684
140,234,23685
140,235,23686
140,236,23687
140,237,23689
140,238,23690
140,239,23691
140,240,23694
140,241,23695
140,242,23698
140,243,23699
140,244,23701
140,245,23709
140,246,23710
140,247,23711
140,248,23712
140,249,23713
140,250,23716
140,251,23717
140,252,23718
140,253,23719
140,254,23720
141,64,23722
141,65,23726
141,66,23727
141,67,23728
141,68,23730
141,69,23732
141,70,23734
141,71,23737
141,72,23738
141,73,23739
141,74,23740
141,75,23742
141,76,23744
141,77,23746
141,78,23747
141,79,23749
141,80,23750
141,81,23751
141,82,23752
141,83,23753
141,84,23754
141,85,23756
141,86,23757
141,87,23758
141,88,23759
141,89,23760
141,90,23761
141,91,23763
141,92,23764
141,93,23765
141,94,23766
141,95,23767
141,96,23768
141,97,23770
141,98,23771
141,99,23772
141,100,23773
141,101,23774
141,102,23775
141,103,23776
141,104,23778
141,105,23779
141,106,23783
141,107,23785
141,108,23787
141,109,23788
141,110,23790
141,111,23791
141,112,23793
141,113,23794
141,114,23795
141,115,23796
141,116,23797
141,117,23798
141,118,23799
141,119,23800
141,120,23801
141,121,23802
141,122,23804
141,123,23805
141,124,23806
141,125,23807
141,126,23808
141,128,23809
141,129,23812
141,130,23813
141,131,23816
141,132,23817
141,133,23818
141,134,23819
141,135,23820
141,136,23821
141,137,23823
141,138,23824
141,139,23825
141,140,23826
141,141,23827
141,142,23829
141,143,23831
141,144,23832
141,145,23833
141,146,23834
141,147,23836
141,148,23837
141,149,23839
141,150,23840
141,151,23841
141,152,23842
141,153,23843
141,154,23845
141,155,23848
141,156,23850
141,157,23851
141,158,23852
141,159,23855
141,160,23856
141,161,23857
141,162,23858
141,163,23859
141,164,23861
141,165,23862
141,166,23863
141,167,23864
141,168,23865
141,169,23866
141,170,23867
141,171,23868
141,172,23871
141,173,23872
141,174,23873
141,175,23874
141,176,23875
141,177,23876
141,178,23877
141,179,23878
141,180,23880
141,181,23881
141,182,23885
141,183,23886
141,184,23887
141,185,23888
141,186,23889
141,187,23890
141,188,23891
141,189,23892
141,190,23893
141,191,23894
141,192,23895
141,193,23897
141,194,23898
141,195,23900
141,196,23902
141,197,23903
141,198,23904
141,199,23905
141,200,23906
141,201,23907
141,202,23908
141,203,23909
141,204,23910
141,205,23911
141,206,23912
141,207,23914
141,208,23917
141,209,23918
141,210,23920
141,211,23921
141,212,23922
141,213,23923
141,214,23925
141,215,23926
141,216,23927
141,217,23928
141,218,23929
141,219,23930
141,220,23931
141,221,23932
141,222,23933
141,223,23934
141,224,23935
141,225,23936
141,226,23937
141,227,23939
141,228,23940
141,229,23941
141,230,23942
141,231,23943
141,232,23944
141,233,23945
141,234,23946
141,235,23947
141,236,23948
141,237,23949
141,238,23950
141,239,23951
141,240,23952
141,241,23953
141,242,23954
141,243,23955
141,244,23956
141,245,23957
141,246,23958
141,247,23959
141,248,23960
141,249,23962
141,250,23963
141,251,23964
141,252,23966
141,253,23967
141,254,23968
142,64,23969
142,65,23970
142,66,23971
142,67,23972
142,68,23973
142,69,23974
142,70,23975
142,71,23976
142,72,23977
142,73,23978
142,74,23979
142,75,23980
142,76,23981
142,77,23982
142,78,23983
142,79,23984
142,80,23985
142,81,23986
142,82,23987
142,83,23988
142,84,23989
142,85,23990
142,86,23992
142,87,23993
142,88,23994
142,89,23995
142,90,23996
142,91,23997
142,92,23998
142,93,23999
142,94,24000
142,95,24001
142,96,24002
142,97,24003
142,98,24004
142,99,24006
142,100,24007
142,101,24008
142,102,24009
142,103,24010
142,104,24011
142,105,24012
142,106,24014
142,107,24015
142,108,24016
142,109,24017
142,110,24018
142,111,24019
142,112,24020
142,113,24021
142,114,24022
142,115,24023
142,116,24024
142,117,24025
142,118,24026
142,119,24028
142,120,24031
142,121,24032
142,122,24035
142,123,24036
142,124,24042
142,125,24044
142,126,24045
142,128,24048
142,129,24053
142,130,24054
142,131,24056
142,132,24057
142,133,24058
142,134,24059
142,135,24060
142,136,24063
142,137,24064
142,138,24068
142,139,24071
142,140,24073
142,141,24074
142,142,24075
142,143,24077
142,144,24078
142,145,24082
142,146,24083
142,147,24087
142,148,24094
142,149,24095
142,150,24096
142,151,24097
142,152,24098
142,153,24099
142,154,24100
142,155,24101
142,156,24104
142,157,24105
142,158,24106
142,159,24107
142,160,24108
142,161,24111
142,162,24112
142,163,24114
142,164,24115
142,165,24116
142,166,24117
142,167,24118
142,168,24121
142,169,24122
142,170,24126
142,171,24127
142,172,24128
142,173,24129
142,174,24131
142,175,24134
142,176,24135
142,177,24136
142,178,24137
142,179,24138
142,180,24139
142,181,24141
142,182,24142
142,183,24143
142,184,24144
142,185,24145
142,186,24146
142,187,24147
142,188,24150
142,189,24151
142,190,24152
142,191,24153
142,192,24154
142,193,24156
142,194,24157
142,195,24159
142,196,24160
142,197,24163
142,198,24164
142,199,24165
142,200,24166
142,201,24167
142,202,24168
142,203,24169
142,204,24170
142,205,24171
142,206,24172
142,207,24173
142,208,24174
142,209,24175
142,210,24176
142,211,24177
142,212,24181
142,213,24183
142,214,24185
142,215,24190
142,216,24193
142,217,24194
142,218,24195
142,219,24197
142,220,24200
142,221,24201
142,222,24204
142,223,24205
142,224,24206
142,225,24210
142,226,24216
142,227,24219
142,228,24221
142,229,24225
142,230,24226
142,231,24227
142,232,24228
142,233,24232
142,234,24233
142,235,24234
142,236,24235
142,237,24236
142,238,24238
142,239,24239
142,240,24240
142,241,24241
142,242,24242
142,243,24244
142,244,24250
142,245,24251
142,246,24252
142,247,24253
142,248,24255
142,249,24256
142,250,24257
142,251,24258
142,252,24259
142,253,24260
142,254,24261
143,64,24262
143,65,24263
143,66,24264
143,67,24267
143,68,24268
143,69,24269
143,70,24270
143,71,24271
143,72,24272
143,73,24276
143,74,24277
143,75,24279
143,76,24280
143,77,24281
143,78,24282
143,79,24284
143,80,24285
143,81,24286
143,82,24287
143,83,24288
143,84,24289
143,85,24290
143,86,24291
143,87,24292
143,88,24293
143,89,24294
143,90,24295
143,91,24297
143,92,24299
143,93,24300
143,94,24301
143,95,24302
143,96,24303
143,97,24304
143,98,24305
143,99,24306
143,100,24307
143,101,24309
143,102,24312
143,103,24313
143,104,24315
143,105,24316
143,106,24317
143,107,24325
143,108,24326
143,109,24327
143,110,24329
143,111,24332
143,112,24333
143,113,24334
143,114,24336
143,115,24338
143,116,24340
143,117,24342
143,118,24345
143,119,24346
143,120,24348
143,121,24349
143,122,24350
143,123,24353
143,124,24354
143,125,24355
143,126,24356
143,128,24360
143,129,24363
143,130,24364
143,131,24366
143,132,24368
143,133,24370
143,134,24371
143,135,24372
143,136,24373
143,137,24374
143,138,24375
143,139,24376
143,140,24379
143,141,24381
143,142,24382
143,143,24383
143,144,24385
143,145,24386
143,146,24387
143,147,24388
143,148,24389
143,149,24390
143,150,24391
143,151,24392
143,152,24393
143,153,24394
143,154,24395
143,155,24396
143,156,24397
143,157,24398
143,158,24399
143,159,24401
143,160,24404
143,161,24409
143,162,24410
143,163,24411
143,164,24412
143,165,24414
143,166,24415
143,167,24416
143,168,24419
143,169,24421
143,170,24423
143,171,24424
143,172,24427
143,173,24430
143,174,24431
143,175,24434
143,176,24436
143,177,24437
143,178,24438
143,179,24440
143,180,24442
143,181,24445
143,182,24446
143,183,24447
143,184,24451
143,185,24454
143,186,24461
143,187,24462
143,188,24463
143,189,24465
143,190,24467
143,191,24468
143,192,24470
143,193,24474
143,194,24475
143,195,24477
143,196,24478
143,197,24479
143,198,24480
143,199,24482
143,200,24483
143,201,24484
143,202,24485
143,203,24486
143,204,24487
143,205,24489
143,206,24491
143,207,24492
143,208,24495
143,209,24496
143,210,24497
143,211,24498
143,212,24499
143,213,24500
143,214,24502
143,215,24504
143,216,24505
143,217,24506
143,218,24507
143,219,24510
143,220,24511
143,221,24512
143,222,24513
143,223,24514
143,224,24519
143,225,24520
143,226,24522
143,227,24523
143,228,24526
143,229,24531
143,230,24532
143,231,24533
143,232,24538
143,233,24539
143,234,24540
143,235,24542
143,236,24543
143,237,24546
143,238,24547
143,239,24549
143,240,24550
143,241,24552
143,242,24553
143,243,24556
143,244,24559
143,245,24560
143,246,24562
143,247,24563
143,248,24564
143,249,24566
143,250,24567
143,251,24569
143,252,24570
143,253,24572
143,254,24583
144,64,24584
144,65,24585
144,66,24587
144,67,24588
144,68,24592
144,69,24593
144,70,24595
144,71,24599
144,72,24600
144,73,24602
144,74,24606
144,75,24607
144,76,24610
144,77,24611
144,78,24612
144,79,24620
144,80,24621
144,81,24622
144,82,24624
144,83,24625
144,84,24626
144,85,24627
144,86,24628
144,87,24630
144,88,24631
144,89,24632
144,90,24633
144,91,24634
144,92,24637
144,93,24638
144,94,24640
144,95,24644
144,96,24645
144,97,24646
144,98,24647
144,99,24648
144,100,24649
144,101,24650
144,102,24652
144,103,24654
144,104,24655
144,105,24657
144,106,24659
144,107,24660
144,108,24662
144,109,24663
144,110,24664
144,111,24667
144,112,24668
144,113,24670
144,114,24671
144,115,24672
144,116,24673
144,117,24677
144,118,24678
144,119,24686
144,120,24689
144,121,24690
144,122,24692
144,123,24693
144,124,24695
144,125,24702
144,126,24704
144,128,24705
144,129,24706
144,130,24709
144,131,24710
144,132,24711
144,133,24712
144,134,24714
144,135,24715
144,136,24718
144,137,24719
144,138,24720
144,139,24721
144,140,24723
144,141,24725
144,142,24727
144,143,24728
144,144,24729
144,145,24732
144,146,24734
144,147,24737
144,148,24738
144,149,24740
144,150,24741
144,151,24743
144,152,24745
144,153,24746
144,154,24750
144,155,24752
144,156,24755
144,157,24757
144,158,24758
144,159,24759
144,160,24761
144,161,24762
144,162,24765
144,163,24766
144,164,24767
144,165,24768
144,166,24769
144,167,24770
144,168,24771
144,169,24772
144,170,24775
144,171,24776
144,172,24777
144,173,24780
144,174,24781
144,175,24782
144,176,24783
144,177,24784
144,178,24786
144,179,24787
144,180,24788
144,181,24790
144,182,24791
144,183,24793
144,184,24795
144,185,24798
144,186,24801
144,187,24802
144,188,24803
144,189,24804
144,190,24805
144,191,24810
144,192,24817
144,193,24818
144,194,24821
144,195,24823
144,196,24824
144,197,24827
144,198,24828
144,199,24829
144,200,24830
144,201,24831
144,202,24834
144,203,24835
144,204,24836
144,205,24837
144,206,24839
144,207,24842
144,208,24843
144,209,24844
144,210,24848
144,211,24849
144,212,24850
144,213,24851
144,214,24852
144,215,24854
144,216,24855
144,217,24856
144,218,24857
144,219,24859
144,220,24860
144,221,24861
144,222,24862
144,223,24865
144,224,24866
144,225,24869
144,226,24872
144,227,24873
144,228,24874
144,229,24876
144,230,24877
144,231,24878
144,232,24879
144,233,24880
144,234,24881
144,235,24882
144,236,24883
144,237,24884
144,238,24885
144,239,24886
144,240,24887
144,241,24888
144,242,24889
144,243,24890
144,244,24891
144,245,24892
144,246,24893
144,247,24894
144,248,24896
144,249,24897
144,250,24898
144,251,24899
144,252,24900
144,253,24901
144,254,24902
145,64,24903
145,65,24905
145,66,24907
145,67,24909
145,68,24911
145,69,24912
145,70,24914
145,71,24915
145,72,24916
145,73,24918
145,74,24919
145,75,24920
145,76,24921
145,77,24922
145,78,24923
145,79,24924
145,80,24926
145,81,24927
145,82,24928
145,83,24929
145,84,24931
145,85,24932
145,86,24933
145,87,24934
145,88,24937
145,89,24938
145,90,24939
145,91,24940
145,92,24941
145,93,24942
145,94,24943
145,95,24945
145,96,24946
145,97,24947
145,98,24948
145,99,24950
145,100,24952
145,101,24953
145,102,24954
145,103,24955
145,104,24956
145,105,24957
145,106,24958
145,107,24959
145,108,24960
145,109,24961
145,110,24962
145,111,24963
145,112,24964
145,113,24965
145,114,24966
145,115,24967
145,116,24968
145,117,24969
145,118,24970
145,119,24972
145,120,24973
145,121,24975
145,122,24976
145,123,24977
145,124,24978
145,125,24979
145,126,24981
145,128,24982
145,129,24983
145,130,24984
145,131,24985
145,132,24986
145,133,24987
145,134,24988
145,135,24990
145,136,24991
145,137,24992
145,138,24993
145,139,24994
145,140,24995
145,141,24996
145,142,24997
145,143,24998
145,144,25002
145,145,25003
145,146,25005
145,147,25006
145,148,25007
145,149,25008
145,150,25009
145,151,25010
145,152,25011
145,153,25012
145,154,25013
145,155,25014
145,156,25016
145,157,25017
145,158,25018
145,159,25019
145,160,25020
145,161,25021
145,162,25023
145,163,25024
145,164,25025
145,165,25027
145,166,25028
145,167,25029
145,168,25030
145,169,25031
145,170,25033
145,171,25036
145,172,25037
145,173,25038
145,174,25039
145,175,25040
145,176,25043
145,177,25045
145,178,25046
145,179,25047
145,180,25048
145,181,25049
145,182,25050
145,183,25051
145,184,25052
145,185,25053
145,186,25054
145,187,25055
145,188,25056
145,189,25057
145,190,25058
145,191,25059
145,192,25060
145,193,25061
145,194,25063
145,195,25064
145,196,25065
145,197,25066
145,198,25067
145,199,25068
145,200,25069
145,201,25070
145,202,25071
145,203,25072
145,204,25073
145,205,25074
145,206,25075
145,207,25076
145,208,25078
145,209,25079
145,210,25080
145,211,25081
145,212,25082
145,213,25083
145,214,25084
145,215,25085
145,216,25086
145,217,25088
145,218,25089
145,219,25090
145,220,25091
145,221,25092
145,222,25093
145,223,25095
145,224,25097
145,225,25107
145,226,25108
145,227,25113
145,228,25116
145,229,25117
145,230,25118
145,231,25120
145,232,25123
145,233,25126
145,234,25127
145,235,25128
145,236,25129
145,237,25131
145,238,25133
145,239,25135
145,240,25136
145,241,25137
145,242,25138
145,243,25141
145,244,25142
145,245,25144
145,246,25145
145,247,25146
145,248,25147
145,249,25148
145,250,25154
145,251,25156
145,252,25157
145,253,25158
145,254,25162
146,64,25167
146,65,25168
146,66,25173
146,67,25174
146,68,25175
146,69,25177
146,70,25178
146,71,25180
146,72,25181
146,73,25182
146,74,25183
146,75,25184
146,76,25185
146,77,25186
146,78,25188
146,79,25189
146,80,25192
146,81,25201
146,82,25202
146,83,25204
146,84,25205
146,85,25207
146,86,25208
146,87,25210
146,88,25211
146,89,25213
146,90,25217
146,91,25218
146,92,25219
146,93,25221
146,94,25222
146,95,25223
146,96,25224
146,97,25227
146,98,25228
146,99,25229
146,100,25230
146,101,25231
146,102,25232
146,103,25236
146,104,25241
146,105,25244
146,106,25245
146,107,25246
146,108,25251
146,109,25254
146,110,25255
146,111,25257
146,112,25258
146,113,25261
146,114,25262
146,115,25263
146,116,25264
146,117,25266
146,118,25267
146,119,25268
146,120,25270
146,121,25271
146,122,25272
146,123,25274
146,124,25278
146,125,25280
146,126,25281
146,128,25283
146,129,25291
146,130,25295
146,131,25297
146,132,25301
146,133,25309
146,134,25310
146,135,25312
146,136,25313
146,137,25316
146,138,25322
146,139,25323
146,140,25328
146,141,25330
146,142,25333
146,143,25336
146,144,25337
146,145,25338
146,146,25339
146,147,25344
146,148,25347
146,149,25348
146,150,25349
146,151,25350
146,152,25354
146,153,25355
146,154,25356
146,155,25357
146,156,25359
146,157,25360
146,158,25362
146,159,25363
146,160,25364
146,161,25365
146,162,25367
146,163,25368
146,164,25369
146,165,25372
146,166,25382
146,167,25383
146,168,25385
146,169,25388
146,170,25389
146,171,25390
146,172,25392
146,173,25393
146,174,25395
146,175,25396
146,176,25397
146,177,25398
146,178,25399
146,179,25400
146,180,25403
146,181,25404
146,182,25406
146,183,25407
146,184,25408
146,185,25409
146,186,25412
146,187,25415
146,188,25416
146,189,25418
146,190,25425
146,191,25426
146,192,25427
146,193,25428
146,194,25430
146,195,25431
146,196,25432
146,197,25433
146,198,25434
146,199,25435
146,200,25436
146,201,25437
146,202,25440
146,203,25444
146,204,25445
146,205,25446
146,206,25448
146,207,25450
146,208,25451
146,209,25452
146,210,25455
146,211,25456
146,212,25458
146,213,25459
146,214,25460
146,215,25461
146,216,25464
146,217,25465
146,218,25468
146,219,25469
146,220,25470
146,221,25471
146,222,25473
146,223,25475
146,224,25476
146,225,25477
146,226,25478
146,227,25483
146,228,25485
146,229,25489
146,230,25491
146,231,25492
146,232,25493
146,233,25495
146,234,25497
146,235,25498
146,236,25499
146,237,25500
146,238,25501
146,239,25502
146,240,25503
146,241,25505
146,242,25508
146,243,25510
146,244,25515
146,245,25519
146,246,25521
146,247,25522
146,248,25525
146,249,25526
146,250,25529
146,251,25531
146,252,25533
146,253,25535
146,254,25536
147,64,25537
147,65,25538
147,66,25539
147,67,25541
147,68,25543
147,69,25544
147,70,25546
147,71,25547
147,72,25548
147,73,25553
147,74,25555
147,75,25556
147,76,25557
147,77,25559
147,78,25560
147,79,25561
147,80,25562
147,81,25563
147,82,25564
147,83,25565
147,84,25567
147,85,25570
147,86,25572
147,87,25573
147,88,25574
147,89,25575
147,90,25576
147,91,25579
147,92,25580
147,93,25582
147,94,25583
147,95,25584
147,96,25585
147,97,25587
147,98,25589
147,99,25591
147,100,25593
147,101,25594
147,102,25595
147,103,25596
147,104,25598
147,105,25603
147,106,25604
147,107,25606
147,108,25607
147,109,25608
147,110,25609
147,111,25610
147,112,25613
147,113,25614
147,114,25617
147,115,25618
147,116,25621
147,117,25622
147,118,25623
147,119,25624
147,120,25625
147,121,25626
147,122,25629
147,123,25631
147,124,25634
147,125,25635
147,126,25636
147,128,25637
147,129,25639
147,130,25640
147,131,25641
147,132,25643
147,133,25646
147,134,25647
147,135,25648
147,136,25649
147,137,25650
147,138,25651
147,139,25653
147,140,25654
147,141,25655
147,142,25656
147,143,25657
147,144,25659
147,145,25660
147,146,25662
147,147,25664
147,148,25666
147,149,25667
147,150,25673
147,151,25675
147,152,25676
147,153,25677
147,154,25678
147,155,25679
147,156,25680
147,157,25681
147,158,25683
147,159,25685
147,160,25686
147,161,25687
147,162,25689
147,163,25690
147,164,25691
147,165,25692
147,166,25693
147,167,25695
147,168,25696
147,169,25697
147,170,25698
147,171,25699
147,172,25700
147,173,25701
147,174,25702
147,175,25704
147,176,25706
147,177,25707
147,178,25708
147,179,25710
147,180,25711
147,181,25712
147,182,25713
147,183,25714
147,184,25715
147,185,25716
147,186,25717
147,187,25718
147,188,25719
147,189,25723
147,190,25724
147,191,25725
147,192,25726
147,193,25727
147,194,25728
147,195,25729
147,196,25731
147,197,25734
147,198,25736
147,199,25737
147,200,25738
147,201,25739
147,202,25740
147,203,25741
147,204,25742
147,205,25743
147,206,25744
147,207,25747
147,208,25748
147,209,25751
147,210,25752
147,211,25754
147,212,25755
147,213,25756
147,214,25757
147,215,25759
147,216,25760
147,217,25761
147,218,25762
147,219,25763
147,220,25765
147,221,25766
147,222,25767
147,223,25768
147,224,25770
147,225,25771
147,226,25775
147,227,25777
147,228,25778
147,229,25779
147,230,25780
147,231,25782
147,232,25785
147,233,25787
147,234,25789
147,235,25790
147,236,25791
147,237,25793
147,238,25795
147,239,25796
147,240,25798
147,241,25799
147,242,25800
147,243,25801
147,244,25802
147,245,25803
147,246,25804
147,247,25807
147,248,25809
147,249,25811
147,250,25812
147,251,25813
147,252,25814
147,253,25817
147,254,25818
148,64,25819
148,65,25820
148,66,25821
148,67,25823
148,68,25824
148,69,25825
148,70,25827
148,71,25829
148,72,25831
148,73,25832
148,74,25833
148,75,25834
148,76,25835
148,77,25836
148,78,25837
148,79,25838
148,80,25839
148,81,25840
148,82,25841
148,83,25842
148,84,25843
148,85,25844
148,86,25845
148,87,25846
148,88,25847
148,89,25848
148,90,25849
148,91,25850
148,92,25851
148,93,25852
148,94,25853
148,95,25854
148,96,25855
148,97,25857
148,98,25858
148,99,25859
148,100,25860
148,101,25861
148,102,25862
148,103,25863
148,104,25864
148,105,25866
148,106,25867
148,107,25868
148,108,25869
148,109,25870
148,110,25871
148,111,25872
148,112,25873
148,113,25875
148,114,25876
148,115,25877
148,116,25878
148,117,25879
148,118,25881
148,119,25882
148,120,25883
148,121,25884
148,122,25885
148,123,25886
148,124,25887
148,125,25888
148,126,25889
148,128,25890
148,129,25891
148,130,25892
148,131,25894
148,132,25895
148,133,25896
148,134,25897
148,135,25898
148,136,25900
148,137,25901
148,138,25904
148,139,25905
148,140,25906
148,141,25907
148,142,25911
148,143,25914
148,144,25916
148,145,25917
148,146,25920
148,147,25921
148,148,25922
148,149,25923
148,150,25924
148,151,25926
148,152,25927
148,153,25930
148,154,25931
148,155,25933
148,156,25934
148,157,25936
148,158,25938
148,159,25939
148,160,25940
148,161,25943
148,162,25944
148,163,25946
148,164,25948
148,165,25951
148,166,25952
148,167,25953
148,168,25956
148,169,25957
148,170,25959
148,171,25960
148,172,25961
148,173,25962
148,174,25965
148,175,25966
148,176,25967
148,177,25969
148,178,25971
148,179,25973
148,180,25974
148,181,25976
148,182,25977
148,183,25978
148,184,25979
148,185,25980
148,186,25981
148,187,25982
148,188,25983
148,189,25984
148,190,25985
148,191,25986
148,192,25987
148,193,25988
148,194,25989
148,195,25990
148,196,25992
148,197,25993
148,198,25994
148,199,25997
148,200,25998
148,201,25999
148,202,26002
148,203,26004
148,204,26005
148,205,26006
148,206,26008
148,207,26010
148,208,26013
148,209,26014
148,210,26016
148,211,26018
148,212,26019
148,213,26022
148,214,26024
148,215,26026
148,216,26028
148,217,26030
148,218,26033
148,219,26034
148,220,26035
148,221,26036
148,222,26037
148,223,26038
148,224,26039
148,225,26040
148,226,26042
148,227,26043
148,228,26046
148,229,26047
148,230,26048
148,231,26050
148,232,26055
148,233,26056
148,234,26057
148,235,26058
148,236,26061
148,237,26064
148,238,26065
148,239,26067
148,240,26068
148,241,26069
148,242,26072
148,243,26073
148,244,26074
148,245,26075
148,246,26076
148,247,26077
148,248,26078
148,249,26079
148,250,26081
148,251,26083
148,252,26084
148,253,26090
148,254,26091
149,64,26098
149,65,26099
149,66,26100
149,67,26101
149,68,26104
149,69,26105
149,70,26107
149,71,26108
149,72,26109
149,73,26110
149,74,26111
149,75,26113
149,76,26116
149,77,26117
149,78,26119
149,79,26120
149,80,26121
149,81,26123
149,82,26125
149,83,26128
149,84,26129
149,85,26130
149,86,26134
149,87,26135
149,88,26136
149,89,26138
149,90,26139
149,91,26140
149,92,26142
149,93,26145
149,94,26146
149,95,26147
149,96,26148
149,97,26150
149,98,26153
149,99,26154
149,100,26155
149,101,26156
149,102,26158
149,103,26160
149,104,26162
149,105,26163
149,106,26167
149,107,26168
149,108,26169
149,109,26170
149,110,26171
149,111,26173
149,112,26175
149,113,26176
149,114,26178
149,115,26180
149,116,26181
149,117,26182
149,118,26183
149,119,26184
149,120,26185
149,121,26186
149,122,26189
149,123,26190
149,124,26192
149,125,26193
149,126,26200
149,128,26201
149,129,26203
149,130,26204
149,131,26205
149,132,26206
149,133,26208
149,134,26210
149,135,26211
149,136,26213
149,137,26215
149,138,26217
149,139,26218
149,140,26219
149,141,26220
149,142,26221
149,143,26225
149,144,26226
149,145,26227
149,146,26229
149,147,26232
149,148,26233
149,149,26235
149,150,26236
149,151,26237
149,152,26239
149,153,26240
149,154,26241
149,155,26243
149,156,26245
149,157,26246
149,158,26248
149,159,26249
149,160,26250
149,161,26251
149,162,26253
149,163,26254
149,164,26255
149,165,26256
149,166,26258
149,167,26259
149,168,26260
149,169,26261
149,170,26264
149,171,26265
149,172,26266
149,173,26267
149,174,26268
149,175,26270
149,176,26271
149,177,26272
149,178,26273
149,179,26274
149,180,26275
149,181,26276
149,182,26277
149,183,26278
149,184,26281
149,185,26282
149,186,26283
149,187,26284
149,188,26285
149,189,26287
149,190,26288
149,191,26289
149,192,26290
149,193,26291
149,194,26293
149,195,26294
149,196,26295
149,197,26296
149,198,26298
149,199,26299
149,200,26300
149,201,26301
149,202,26303
149,203,26304
149,204,26305
149,205,26306
149,206,26307
149,207,26308
149,208,26309
149,209,26310
149,210,26311
149,211,26312
149,212,26313
149,213,26314
149,214,26315
149,215,26316
149,216,26317
149,217,26318
149,218,26319
149,219,26320
149,220,26321
149,221,26322
149,222,26323
149,223,26324
149,224,26325
149,225,26326
149,226,26327
149,227,26328
149,228,26330
149,229,26334
149,230,26335
149,231,26336
149,232,26337
149,233,26338
149,234,26339
149,235,26340
149,236,26341
149,237,26343
149,238,26344
149,239,26346
149,240,26347
149,241,26348
149,242,26349
149,243,26350
149,244,26351
149,245,26353
149,246,26357
149,247,26358
149,248,26360
149,249,26362
149,250,26363
149,251,26365
149,252,26369
149,253,26370
149,254,26371
150,64,26372
150,65,26373
150,66,26374
150,67,26375
150,68,26380
150,69,26382
150,70,26383
150,71,26385
150,72,26386
150,73,26387
150,74,26390
150,75,26392
150,76,26393
150,77,26394
150,78,26396
150,79,26398
150,80,26400
150,81,26401
150,82,26402
150,83,26403
150,84,26404
150,85,26405
150,86,26407
150,87,26409
150,88,26414
150,89,26416
150,90,26418
150,91,26419
150,92,26422
150,93,26423
150,94,26424
150,95,26425
150,96,26427
150,97,26428
150,98,26430
150,99,26431
150,100,26433
150,101,26436
150,102,26437
150,103,26439
150,104,26442
150,105,26443
150,106,26445
150,107,26450
150,108,26452
150,109,26453
150,110,26455
150,111,26456
150,112,26457
150,113,26458
150,114,26459
150,115,26461
150,116,26466
150,117,26467
150,118,26468
150,119,26470
150,120,26471
150,121,26475
150,122,26476
150,123,26478
150,124,26481
150,125,26484
150,126,26486
150,128,26488
150,129,26489
150,130,26490
150,131,26491
150,132,26493
150,133,26496
150,134,26498
150,135,26499
150,136,26501
150,137,26502
150,138,26504
150,139,26506
150,140,26508
150,141,26509
150,142,26510
150,143,26511
150,144,26513
150,145,26514
150,146,26515
150,147,26516
150,148,26518
150,149,26521
150,150,26523
150,151,26527
150,152,26528
150,153,26529
150,154,26532
150,155,26534
150,156,26537
150,157,26540
150,158,26542
150,159,26545
150,160,26546
150,161,26548
150,162,26553
150,163,26554
150,164,26555
150,165,26556
150,166,26557
150,167,26558
150,168,26559
150,169,26560
150,170,26562
150,171,26565
150,172,26566
150,173,26567
150,174,26568
150,175,26569
150,176,26570
150,177,26571
150,178,26572
150,179,26573
150,180,26574
150,181,26581
150,182,26582
150,183,26583
150,184,26587
150,185,26591
150,186,26593
150,187,26595
150,188,26596
150,189,26598
150,190,26599
150,191,26600
150,192,26602
150,193,26603
150,194,26605
150,195,26606
150,196,26610
150,197,26613
150,198,26614
150,199,26615
150,200,26616
150,201,26617
150,202,26618
150,203,26619
150,204,26620
150,205,26622
150,206,26625
150,207,26626
150,208,26627
150,209,26628
150,210,26630
150,211,26637
150,212,26640
150,213,26642
150,214,26644
150,215,26645
150,216,26648
150,217,26649
150,218,26650
150,219,26651
150,220,26652
150,221,26654
150,222,26655
150,223,26656
150,224,26658
150,225,26659
150,226,26660
150,227,26661
150,228,26662
150,229,26663
150,230,26664
150,231,26667
150,232,26668
150,233,26669
150,234,26670
150,235,26671
150,236,26672
150,237,26673
150,238,26676
150,239,26677
150,240,26678
150,241,26682
150,242,26683
150,243,26687
150,244,26695
150,245,26699
150,246,26701
150,247,26703
150,248,26706
150,249,26710
150,250,26711
150,251,26712
150,252,26713
150,253,26714
150,254,26715
151,64,26716
151,65,26717
151,66,26718
151,67,26719
151,68,26730
151,69,26732
151,70,26733
151,71,26734
151,72,26735
151,73,26736
151,74,26737
151,75,26738
151,76,26739
151,77,26741
151,78,26744
151,79,26745
151,80,26746
151,81,26747
151,82,26748
151,83,26749
151,84,26750
151,85,26751
151,86,26752
151,87,26754
151,88,26756
151,89,26759
151,90,26760
151,91,26761
151,92,26762
151,93,26763
151,94,26764
151,95,26765
151,96,26766
151,97,26768
151,98,26769
151,99,26770
151,100,26772
151,101,26773
151,102,26774
151,103,26776
151,104,26777
151,105,26778
151,106,26779
151,107,26780
151,108,26781
151,109,26782
151,110,26783
151,111,26784
151,112,26785
151,113,26787
151,114,26788
151,115,26789
151,116,26793
151,117,26794
151,118,26795
151,119,26796
151,120,26798
151,121,26801
151,122,26802
151,123,26804
151,124,26806
151,125,26807
151,126,26808
151,128,26809
151,129,26810
151,130,26811
151,131,26812
151,132,26813
151,133,26814
151,134,26815
151,135,26817
151,136,26819
151,137,26820
151,138,26821
151,139,26822
151,140,26823
151,141,26824
151,142,26826
151,143,26828
151,144,26830
151,145,26831
151,146,26832
151,147,26833
151,148,26835
151,149,26836
151,150,26838
151,151,26839
151,152,26841
151,153,26843
151,154,26844
151,155,26845
151,156,26846
151,157,26847
151,158,26849
151,159,26850
151,160,26852
151,161,26853
151,162,26854
151,163,26855
151,164,26856
151,165,26857
151,166,26858
151,167,26859
151,168,26860
151,169,26861
151,170,26863
151,171,26866
151,172,26867
151,173,26868
151,174,26870
151,175,26871
151,176,26872
151,177,26875
151,178,26877
151,179,26878
151,180,26879
151,181,26880
151,182,26882
151,183,26883
151,184,26884
151,185,26886
151,186,26887
151,187,26888
151,188,26889
151,189,26890
151,190,26892
151,191,26895
151,192,26897
151,193,26899
151,194,26900
151,195,26901
151,196,26902
151,197,26903
151,198,26904
151,199,26905
151,200,26906
151,201,26907
151,202,26908
151,203,26909
151,204,26910
151,205,26913
151,206,26914
151,207,26915
151,208,26917
151,209,26918
151,210,26919
151,211,26920
151,212,26921
151,213,26922
151,214,26923
151,215,26924
151,216,26926
151,217,26927
151,218,26929
151,219,26930
151,220,26931
151,221,26933
151,222,26934
151,223,26935
151,224,26936
151,225,26938
151,226,26939
151,227,26940
151,228,26942
151,229,26944
151,230,26945
151,231,26947
151,232,26948
151,233,26949
151,234,26950
151,235,26951
151,236,26952
151,237,26953
151,238,26954
151,239,26955
151,240,26956
151,241,26957
151,242,26958
151,243,26959
151,244,26960
151,245,26961
151,246,26962
151,247,26963
151,248,26965
151,249,26966
151,250,26968
151,251,26969
151,252,26971
151,253,26972
151,254,26975
152,64,26977
152,65,26978
152,66,26980
152,67,26981
152,68,26983
152,69,26984
152,70,26985
152,71,26986
152,72,26988
152,73,26989
152,74,26991
152,75,26992
152,76,26994
152,77,26995
152,78,26996
152,79,26997
152,80,26998
152,81,27002
152,82,27003
152,83,27005
152,84,27006
152,85,27007
152,86,27009
152,87,27011
152,88,27013
152,89,27018
152,90,27019
152,91,27020
152,92,27022
152,93,27023
152,94,27024
152,95,27025
152,96,27026
152,97,27027
152,98,27030
152,99,27031
152,100,27033
152,101,27034
152,102,27037
152,103,27038
152,104,27039
152,105,27040
152,106,27041
152,107,27042
152,108,27043
152,109,27044
152,110,27045
152,111,27046
152,112,27049
152,113,27050
152,114,27052
152,115,27054
152,116,27055
152,117,27056
152,118,27058
152,119,27059
152,120,27061
152,121,27062
152,122,27064
152,123,27065
152,124,27066
152,125,27068
152,126,27069
152,128,27070
152,129,27071
152,130,27072
152,131,27074
152,132,27075
152,133,27076
152,134,27077
152,135,27078
152,136,27079
152,137,27080
152,138,27081
152,139,27083
152,140,27085
152,141,27087
152,142,27089
152,143,27090
152,144,27091
152,145,27093
152,146,27094
152,147,27095
152,148,27096
152,149,27097
152,150,27098
152,151,27100
152,152,27101
152,153,27102
152,154,27105
152,155,27106
152,156,27107
152,157,27108
152,158,27109
152,159,27110
152,160,27111
152,161,27112
152,162,27113
152,163,27114
152,164,27115
152,165,27116
152,166,27118
152,167,27119
152,168,27120
152,169,27121
152,170,27123
152,171,27124
152,172,27125
152,173,27126
152,174,27127
152,175,27128
152,176,27129
152,177,27130
152,178,27131
152,179,27132
152,180,27134
152,181,27136
152,182,27137
152,183,27138
152,184,27139
152,185,27140
152,186,27141
152,187,27142
152,188,27143
152,189,27144
152,190,27145
152,191,27147
152,192,27148
152,193,27149
152,194,27150
152,195,27151
152,196,27152
152,197,27153
152,198,27154
152,199,27155
152,200,27156
152,201,27157
152,202,27158
152,203,27161
152,204,27162
152,205,27163
152,206,27164
152,207,27165
152,208,27166
152,209,27168
152,210,27170
152,211,27171
152,212,27172
152,213,27173
152,214,27174
152,215,27175
152,216,27177
152,217,27179
152,218,27180
152,219,27181
152,220,27182
152,221,27184
152,222,27186
152,223,27187
152,224,27188
152,225,27190
152,226,27191
152,227,27192
152,228,27193
152,229,27194
152,230,27195
152,231,27196
152,232,27199
152,233,27200
152,234,27201
152,235,27202
152,236,27203
152,237,27205
152,238,27206
152,239,27208
152,240,27209
152,241,27210
152,242,27211
152,243,27212
152,244,27213
152,245,27214
152,246,27215
152,247,27217
152,248,27218
152,249,27219
152,250,27220
152,251,27221
152,252,27222
152,253,27223
152,254,27226
153,64,27228
153,65,27229
153,66,27230
153,67,27231
153,68,27232
153,69,27234
153,70,27235
153,71,27236
153,72,27238
153,73,27239
153,74,27240
153,75,27241
153,76,27242
153,77,27243
153,78,27244
153,79,27245
153,80,27246
153,81,27247
153,82,27248
153,83,27250
153,84,27251
153,85,27252
153,86,27253
153,87,27254
153,88,27255
153,89,27256
153,90,27258
153,91,27259
153,92,27261
153,93,27262
153,94,27263
153,95,27265
153,96,27266
153,97,27267
153,98,27269
153,99,27270
153,100,27271
153,101,27272
153,102,27273
153,103,27274
153,104,27275
153,105,27276
153,106,27277
153,107,27279
153,108,27282
153,109,27283
153,110,27284
153,111,27285
153,112,27286
153,113,27288
153,114,27289
153,115,27290
153,116,27291
153,117,27292
153,118,27293
153,119,27294
153,120,27295
153,121,27297
153,122,27298
153,123,27299
153,124,27300
153,125,27301
153,126,27302
153,128,27303
153,129,27304
153,130,27306
153,131,27309
153,132,27310
153,133,27311
153,134,27312
153,135,27313
153,136,27314
153,137,27315
153,138,27316
153,139,27317
153,140,27318
153,141,27319
153,142,27320
153,143,27321
153,144,27322
153,145,27323
153,146,27324
153,147,27325
153,148,27326
153,149,27327
153,150,27328
153,151,27329
153,152,27330
153,153,27331
153,154,27332
153,155,27333
153,156,27334
153,157,27335
153,158,27336
153,159,27337
153,160,27338
153,161,27339
153,162,27340
153,163,27341
153,164,27342
153,165,27343
153,166,27344
153,167,27345
153,168,27346
153,169,27347
153,170,27348
153,171,27349
153,172,27350
153,173,27351
153,174,27352
153,175,27353
153,176,27354
153,177,27355
153,178,27356
153,179,27357
153,180,27358
153,181,27359
153,182,27360
153,183,27361
153,184,27362
153,185,27363
153,186,27364
153,187,27365
153,188,27366
153,189,27367
153,190,27368
153,191,27369
153,192,27370
153,193,27371
153,194,27372
153,195,27373
153,196,27374
153,197,27375
153,198,27376
153,199,27377
153,200,27378
153,201,27379
153,202,27380
153,203,27381
153,204,27382
153,205,27383
153,206,27384
153,207,27385
153,208,27386
153,209,27387
153,210,27388
153,211,27389
153,212,27390
153,213,27391
153,214,27392
153,215,27393
153,216,27394
153,217,27395
153,218,27396
153,219,27397
153,220,27398
153,221,27399
153,222,27400
153,223,27401
153,224,27402
153,225,27403
153,226,27404
153,227,27405
153,228,27406
153,229,27407
153,230,27408
153,231,27409
153,232,27410
153,233,27411
153,234,27412
153,235,27413
153,236,27414
153,237,27415
153,238,27416
153,239,27417
153,240,27418
153,241,27419
153,242,27420
153,243,27421
153,244,27422
153,245,27423
153,246,27429
153,247,27430
153,248,27432
153,249,27433
153,250,27434
153,251,27435
153,252,27436
153,253,27437
153,254,27438
154,64,27439
154,65,27440
154,66,27441
154,67,27443
154,68,27444
154,69,27445
154,70,27446
154,71,27448
154,72,27451
154,73,27452
154,74,27453
154,75,27455
154,76,27456
154,77,27457
154,78,27458
154,79,27460
154,80,27461
154,81,27464
154,82,27466
154,83,27467
154,84,27469
154,85,27470
154,86,27471
154,87,27472
154,88,27473
154,89,27474
154,90,27475
154,91,27476
154,92,27477
154,93,27478
154,94,27479
154,95,27480
154,96,27482
154,97,27483
154,98,27484
154,99,27485
154,100,27486
154,101,27487
154,102,27488
154,103,27489
154,104,27496
154,105,27497
154,106,27499
154,107,27500
154,108,27501
154,109,27502
154,110,27503
154,111,27504
154,112,27505
154,113,27506
154,114,27507
154,115,27508
154,116,27509
154,117,27510
154,118,27511
154,119,27512
154,120,27514
154,121,27517
154,122,27518
154,123,27519
154,124,27520
154,125,27525
154,126,27528
154,128,27532
154,129,27534
154,130,27535
154,131,27536
154,132,27537
154,133,27540
154,134,27541
154,135,27543
154,136,27544
154,137,27545
154,138,27548
154,139,27549
154,140,27550
154,141,27551
154,142,27552
154,143,27554
154,144,27555
154,145,27556
154,146,27557
154,147,27558
154,148,27559
154,149,27560
154,150,27561
154,151,27563
154,152,27564
154,153,27565
154,154,27566
154,155,27567
154,156,27568
154,157,27569
154,158,27570
154,159,27574
154,160,27576
154,161,27577
154,162,27578
154,163,27579
154,164,27580
154,165,27581
154,166,27582
154,167,27584
154,168,27587
154,169,27588
154,170,27590
154,171,27591
154,172,27592
154,173,27593
154,174,27594
154,175,27596
154,176,27598
154,177,27600
154,178,27601
154,179,27608
154,180,27610
154,181,27612
154,182,27613
154,183,27614
154,184,27615
154,185,27616
154,186,27618
154,187,27619
154,188,27620
154,189,27621
154,190,27622
154,191,27623
154,192,27624
154,193,27625
154,194,27628
154,195,27629
154,196,27630
154,197,27632
154,198,27633
154,199,27634
154,200,27636
154,201,27638
154,202,27639
154,203,27640
154,204,27642
154,205,27643
154,206,27644
154,207,27646
154,208,27647
154,209,27648
154,210,27649
154,211,27650
154,212,27651
154,213,27652
154,214,27656
154,215,27657
154,216,27658
154,217,27659
154,218,27660
154,219,27662
154,220,27666
154,221,27671
154,222,27676
154,223,27677
154,224,27678
154,225,27680
154,226,27683
154,227,27685
154,228,27691
154,229,27692
154,230,27693
154,231,27697
154,232,27699
154,233,27702
154,234,27703
154,235,27705
154,236,27706
154,237,27707
154,238,27708
154,239,27710
154,240,27711
154,241,27715
154,242,27716
154,243,27717
154,244,27720
154,245,27723
154,246,27724
154,247,27725
154,248,27726
154,249,27727
154,250,27729
154,251,27730
154,252,27731
154,253,27734
154,254,27736
155,64,27737
155,65,27738
155,66,27746
155,67,27747
155,68,27749
155,69,27750
155,70,27751
155,71,27755
155,72,27756
155,73,27757
155,74,27758
155,75,27759
155,76,27761
155,77,27763
155,78,27765
155,79,27767
155,80,27768
155,81,27770
155,82,27771
155,83,27772
155,84,27775
155,85,27776
155,86,27780
155,87,27783
155,88,27786
155,89,27787
155,90,27789
155,91,27790
155,92,27793
155,93,27794
155,94,27797
155,95,27798
155,96,27799
155,97,27800
155,98,27802
155,99,27804
155,100,27805
155,101,27806
155,102,27808
155,103,27810
155,104,27816
155,105,27820
155,106,27823
155,107,27824
155,108,27828
155,109,27829
155,110,27830
155,111,27831
155,112,27834
155,113,27840
155,114,27841
155,115,27842
155,116,27843
155,117,27846
155,118,27847
155,119,27848
155,120,27851
155,121,27853
155,122,27854
155,123,27855
155,124,27857
155,125,27858
155,126,27864
155,128,27865
155,129,27866
155,130,27868
155,131,27869
155,132,27871
155,133,27876
155,134,27878
155,135,27879
155,136,27881
155,137,27884
155,138,27885
155,139,27890
155,140,27892
155,141,27897
155,142,27903
155,143,27904
155,144,27906
155,145,27907
155,146,27909
155,147,27910
155,148,27912
155,149,27913
155,150,27914
155,151,27917
155,152,27919
155,153,27920
155,154,27921
155,155,27923
155,156,27924
155,157,27925
155,158,27926
155,159,27928
155,160,27932
155,161,27933
155,162,27935
155,163,27936
155,164,27937
155,165,27938
155,166,27939
155,167,27940
155,168,27942
155,169,27944
155,170,27945
155,171,27948
155,172,27949
155,173,27951
155,174,27952
155,175,27956
155,176,27958
155,177,27959
155,178,27960
155,179,27962
155,180,27967
155,181,27968
155,182,27970
155,183,27972
155,184,27977
155,185,27980
155,186,27984
155,187,27989
155,188,27990
155,189,27991
155,190,27992
155,191,27995
155,192,27997
155,193,27999
155,194,28001
155,195,28002
155,196,28004
155,197,28005
155,198,28007
155,199,28008
155,200,28011
155,201,28012
155,202,28013
155,203,28016
155,204,28017
155,205,28018
155,206,28019
155,207,28021
155,208,28022
155,209,28025
155,210,28026
155,211,28027
155,212,28029
155,213,28030
155,214,28031
155,215,28032
155,216,28033
155,217,28035
155,218,28036
155,219,28038
155,220,28039
155,221,28042
155,222,28043
155,223,28045
155,224,28047
155,225,28048
155,226,28050
155,227,28054
155,228,28055
155,229,28056
155,230,28057
155,231,28058
155,232,28060
155,233,28066
155,234,28069
155,235,28076
155,236,28077
155,237,28080
155,238,28081
155,239,28083
155,240,28084
155,241,28086
155,242,28087
155,243,28089
155,244,28090
155,245,28091
155,246,28092
155,247,28093
155,248,28094
155,249,28097
155,250,28098
155,251,28099
155,252,28104
155,253,28105
155,254,28106
156,64,28109
156,65,28110
156,66,28111
156,67,28112
156,68,28114
156,69,28115
156,70,28116
156,71,28117
156,72,28119
156,73,28122
156,74,28123
156,75,28124
156,76,28127
156,77,28130
156,78,28131
156,79,28133
156,80,28135
156,81,28136
156,82,28137
156,83,28138
156,84,28141
156,85,28143
156,86,28144
156,87,28146
156,88,28148
156,89,28149
156,90,28150
156,91,28152
156,92,28154
156,93,28157
156,94,28158
156,95,28159
156,96,28160
156,97,28161
156,98,28162
156,99,28163
156,100,28164
156,101,28166
156,102,28167
156,103,28168
156,104,28169
156,105,28171
156,106,28175
156,107,28178
156,108,28179
156,109,28181
156,110,28184
156,111,28185
156,112,28187
156,113,28188
156,114,28190
156,115,28191
156,116,28194
156,117,28198
156,118,28199
156,119,28200
156,120,28202
156,121,28204
156,122,28206
156,123,28208
156,124,28209
156,125,28211
156,126,28213
156,128,28214
156,129,28215
156,130,28217
156,131,28219
156,132,28220
156,133,28221
156,134,28222
156,135,28223
156,136,28224
156,137,28225
156,138,28226
156,139,28229
156,140,28230
156,141,28231
156,142,28232
156,143,28233
156,144,28234
156,145,28235
156,146,28236
156,147,28239
156,148,28240
156,149,28241
156,150,28242
156,151,28245
156,152,28247
156,153,28249
156,154,28250
156,155,28252
156,156,28253
156,157,28254
156,158,28256
156,159,28257
156,160,28258
156,161,28259
156,162,28260
156,163,28261
156,164,28262
156,165,28263
156,166,28264
156,167,28265
156,168,28266
156,169,28268
156,170,28269
156,171,28271
156,172,28272
156,173,28273
156,174,28274
156,175,28275
156,176,28276
156,177,28277
156,178,28278
156,179,28279
156,180,28280
156,181,28281
156,182,28282
156,183,28283
156,184,28284
156,185,28285
156,186,28288
156,187,28289
156,188,28290
156,189,28292
156,190,28295
156,191,28296
156,192,28298
156,193,28299
156,194,28300
156,195,28301
156,196,28302
156,197,28305
156,198,28306
156,199,28307
156,200,28308
156,201,28309
156,202,28310
156,203,28311
156,204,28313
156,205,28314
156,206,28315
156,207,28317
156,208,28318
156,209,28320
156,210,28321
156,211,28323
156,212,28324
156,213,28326
156,214,28328
156,215,28329
156,216,28331
156,217,28332
156,218,28333
156,219,28334
156,220,28336
156,221,28339
156,222,28341
156,223,28344
156,224,28345
156,225,28348
156,226,28350
156,227,28351
156,228,28352
156,229,28355
156,230,28356
156,231,28357
156,232,28358
156,233,28360
156,234,28361
156,235,28362
156,236,28364
156,237,28365
156,238,28366
156,239,28368
156,240,28370
156,241,28374
156,242,28376
156,243,28377
156,244,28379
156,245,28380
156,246,28381
156,247,28387
156,248,28391
156,249,28394
156,250,28395
156,251,28396
156,252,28397
156,253,28398
156,254,28399
157,64,28400
157,65,28401
157,66,28402
157,67,28403
157,68,28405
157,69,28406
157,70,28407
157,71,28408
157,72,28410
157,73,28411
157,74,28412
157,75,28413
157,76,28414
157,77,28415
157,78,28416
157,79,28417
157,80,28419
157,81,28420
157,82,28421
157,83,28423
157,84,28424
157,85,28426
157,86,28427
157,87,28428
157,88,28429
157,89,28430
157,90,28432
157,91,28433
157,92,28434
157,93,28438
157,94,28439
157,95,28440
157,96,28441
157,97,28442
157,98,28443
157,99,28444
157,100,28445
157,101,28446
157,102,28447
157,103,28449
157,104,28450
157,105,28451
157,106,28453
157,107,28454
157,108,28455
157,109,28456
157,110,28460
157,111,28462
157,112,28464
157,113,28466
157,114,28468
157,115,28469
157,116,28471
157,117,28472
157,118,28473
157,119,28474
157,120,28475
157,121,28476
157,122,28477
157,123,28479
157,124,28480
157,125,28481
157,126,28482
157,128,28483
157,129,28484
157,130,28485
157,131,28488
157,132,28489
157,133,28490
157,134,28492
157,135,28494
157,136,28495
157,137,28496
157,138,28497
157,139,28498
157,140,28499
157,141,28500
157,142,28501
157,143,28502
157,144,28503
157,145,28505
157,146,28506
157,147,28507
157,148,28509
157,149,28511
157,150,28512
157,151,28513
157,152,28515
157,153,28516
157,154,28517
157,155,28519
157,156,28520
157,157,28521
157,158,28522
157,159,28523
157,160,28524
157,161,28527
157,162,28528
157,163,28529
157,164,28531
157,165,28533
157,166,28534
157,167,28535
157,168,28537
157,169,28539
157,170,28541
157,171,28542
157,172,28543
157,173,28544
157,174,28545
157,175,28546
157,176,28547
157,177,28549
157,178,28550
157,179,28551
157,180,28554
157,181,28555
157,182,28559
157,183,28560
157,184,28561
157,185,28562
157,186,28563
157,187,28564
157,188,28565
157,189,28566
157,190,28567
157,191,28568
157,192,28569
157,193,28570
157,194,28571
157,195,28573
157,196,28574
157,197,28575
157,198,28576
157,199,28578
157,200,28579
157,201,28580
157,202,28581
157,203,28582
157,204,28584
157,205,28585
157,206,28586
157,207,28587
157,208,28588
157,209,28589
157,210,28590
157,211,28591
157,212,28592
157,213,28593
157,214,28594
157,215,28596
157,216,28597
157,217,28599
157,218,28600
157,219,28602
157,220,28603
157,221,28604
157,222,28605
157,223,28606
157,224,28607
157,225,28609
157,226,28611
157,227,28612
157,228,28613
157,229,28614
157,230,28615
157,231,28616
157,232,28618
157,233,28619
157,234,28620
157,235,28621
157,236,28622
157,237,28623
157,238,28624
157,239,28627
157,240,28628
157,241,28629
157,242,28630
157,243,28631
157,244,28632
157,245,28633
157,246,28634
157,247,28635
157,248,28636
157,249,28637
157,250,28639
157,251,28642
157,252,28643
157,253,28644
157,254,28645
158,64,28646
158,65,28647
158,66,28648
158,67,28649
158,68,28650
158,69,28651
158,70,28652
158,71,28653
158,72,28656
158,73,28657
158,74,28658
158,75,28659
158,76,28660
158,77,28661
158,78,28662
158,79,28663
158,80,28664
158,81,28665
158,82,28666
158,83,28667
158,84,28668
158,85,28669
158,86,28670
158,87,28671
158,88,28672
158,89,28673
158,90,28674
158,91,28675
158,92,28676
158,93,28677
158,94,28678
158,95,28679
158,96,28680
158,97,28681
158,98,28682
158,99,28683
158,100,28684
158,101,28685
158,102,28686
158,103,28687
158,104,28688
158,105,28690
158,106,28691
158,107,28692
158,108,28693
158,109,28694
158,110,28695
158,111,28696
158,112,28697
158,113,28700
158,114,28701
158,115,28702
158,116,28703
158,117,28704
158,118,28705
158,119,28706
158,120,28708
158,121,28709
158,122,28710
158,123,28711
158,124,28712
158,125,28713
158,126,28714
158,128,28715
158,129,28716
158,130,28717
158,131,28718
158,132,28719
158,133,28720
158,134,28721
158,135,28722
158,136,28723
158,137,28724
158,138,28726
158,139,28727
158,140,28728
158,141,28730
158,142,28731
158,143,28732
158,144,28733
158,145,28734
158,146,28735
158,147,28736
158,148,28737
158,149,28738
158,150,28739
158,151,28740
158,152,28741
158,153,28742
158,154,28743
158,155,28744
158,156,28745
158,157,28746
158,158,28747
158,159,28749
158,160,28750
158,161,28752
158,162,28753
158,163,28754
158,164,28755
158,165,28756
158,166,28757
158,167,28758
158,168,28759
158,169,28760
158,170,28761
158,171,28762
158,172,28763
158,173,28764
158,174,28765
158,175,28767
158,176,28768
158,177,28769
158,178,28770
158,179,28771
158,180,28772
158,181,28773
158,182,28774
158,183,28775
158,184,28776
158,185,28777
158,186,28778
158,187,28782
158,188,28785
158,189,28786
158,190,28787
158,191,28788
158,192,28791
158,193,28793
158,194,28794
158,195,28795
158,196,28797
158,197,28801
158,198,28802
158,199,28803
158,200,28804
158,201,28806
158,202,28807
158,203,28808
158,204,28811
158,205,28812
158,206,28813
158,207,28815
158,208,28816
158,209,28817
158,210,28819
158,211,28823
158,212,28824
158,213,28826
158,214,28827
158,215,28830
158,216,28831
158,217,28832
158,218,28833
158,219,28834
158,220,28835
158,221,28836
158,222,28837
158,223,28838
158,224,28839
158,225,28840
158,226,28841
158,227,28842
158,228,28848
158,229,28850
158,230,28852
158,231,28853
158,232,28854
158,233,28858
158,234,28862
158,235,28863
158,236,28868
158,237,28869
158,238,28870
158,239,28871
158,240,28873
158,241,28875
158,242,28876
158,243,28877
158,244,28878
158,245,28879
158,246,28880
158,247,28881
158,248,28882
158,249,28883
158,250,28884
158,251,28885
158,252,28886
158,253,28887
158,254,28890
159,64,28892
159,65,28893
159,66,28894
159,67,28896
159,68,28897
159,69,28898
159,70,28899
159,71,28901
159,72,28906
159,73,28910
159,74,28912
159,75,28913
159,76,28914
159,77,28915
159,78,28916
159,79,28917
159,80,28918
159,81,28920
159,82,28922
159,83,28923
159,84,28924
159,85,28926
159,86,28927
159,87,28928
159,88,28929
159,89,28930
159,90,28931
159,91,28932
159,92,28933
159,93,28934
159,94,28935
159,95,28936
159,96,28939
159,97,28940
159,98,28941
159,99,28942
159,100,28943
159,101,28945
159,102,28946
159,103,28948
159,104,28951
159,105,28955
159,106,28956
159,107,28957
159,108,28958
159,109,28959
159,110,28960
159,111,28961
159,112,28962
159,113,28963
159,114,28964
159,115,28965
159,116,28967
159,117,28968
159,118,28969
159,119,28970
159,120,28971
159,121,28972
159,122,28973
159,123,28974
159,124,28978
159,125,28979
159,126,28980
159,128,28981
159,129,28983
159,130,28984
159,131,28985
159,132,28986
159,133,28987
159,134,28988
159,135,28989
159,136,28990
159,137,28991
159,138,28992
159,139,28993
159,140,28994
159,141,28995
159,142,28996
159,143,28998
159,144,28999
159,145,29000
159,146,29001
159,147,29003
159,148,29005
159,149,29007
159,150,29008
159,151,29009
159,152,29010
159,153,29011
159,154,29012
159,155,29013
159,156,29014
159,157,29015
159,158,29016
159,159,29017
159,160,29018
159,161,29019
159,162,29021
159,163,29023
159,164,29024
159,165,29025
159,166,29026
159,167,29027
159,168,29029
159,169,29033
159,170,29034
159,171,29035
159,172,29036
159,173,29037
159,174,29039
159,175,29040
159,176,29041
159,177,29044
159,178,29045
159,179,29046
159,180,29047
159,181,29049
159,182,29051
159,183,29052
159,184,29054
159,185,29055
159,186,29056
159,187,29057
159,188,29058
159,189,29059
159,190,29061
159,191,29062
159,192,29063
159,193,29064
159,194,29065
159,195,29067
159,196,29068
159,197,29069
159,198,29070
159,199,29072
159,200,29073
159,201,29074
159,202,29075
159,203,29077
159,204,29078
159,205,29079
159,206,29082
159,207,29083
159,208,29084
159,209,29085
159,210,29086
159,211,29089
159,212,29090
159,213,29091
159,214,29092
159,215,29093
159,216,29094
159,217,29095
159,218,29097
159,219,29098
159,220,29099
159,221,29101
159,222,29102
159,223,29103
159,224,29104
159,225,29105
159,226,29106
159,227,29108
159,228,29110
159,229,29111
159,230,29112
159,231,29114
159,232,29115
159,233,29116
159,234,29117
159,235,29118
159,236,29119
159,237,29120
159,238,29121
159,239,29122
159,240,29124
159,241,29125
159,242,29126
159,243,29127
159,244,29128
159,245,29129
159,246,29130
159,247,29131
159,248,29132
159,249,29133
159,250,29135
159,251,29136
159,252,29137
159,253,29138
159,254,29139
160,64,29142
160,65,29143
160,66,29144
160,67,29145
160,68,29146
160,69,29147
160,70,29148
160,71,29149
160,72,29150
160,73,29151
160,74,29153
160,75,29154
160,76,29155
160,77,29156
160,78,29158
160,79,29160
160,80,29161
160,81,29162
160,82,29163
160,83,29164
160,84,29165
160,85,29167
160,86,29168
160,87,29169
160,88,29170
160,89,29171
160,90,29172
160,91,29173
160,92,29174
160,93,29175
160,94,29176
160,95,29178
160,96,29179
160,97,29180
160,98,29181
160,99,29182
160,100,29183
160,101,29184
160,102,29185
160,103,29186
160,104,29187
160,105,29188
160,106,29189
160,107,29191
160,108,29192
160,109,29193
160,110,29194
160,111,29195
160,112,29196
160,113,29197
160,114,29198
160,115,29199
160,116,29200
160,117,29201
160,118,29202
160,119,29203
160,120,29204
160,121,29205
160,122,29206
160,123,29207
160,124,29208
160,125,29209
160,126,29210
160,128,29211
160,129,29212
160,130,29214
160,131,29215
160,132,29216
160,133,29217
160,134,29218
160,135,29219
160,136,29220
160,137,29221
160,138,29222
160,139,29223
160,140,29225
160,141,29227
160,142,29229
160,143,29230
160,144,29231
160,145,29234
160,146,29235
160,147,29236
160,148,29242
160,149,29244
160,150,29246
160,151,29248
160,152,29249
160,153,29250
160,154,29251
160,155,29252
160,156,29253
160,157,29254
160,158,29257
160,159,29258
160,160,29259
160,161,29262
160,162,29263
160,163,29264
160,164,29265
160,165,29267
160,166,29268
160,167,29269
160,168,29271
160,169,29272
160,170,29274
160,171,29276
160,172,29278
160,173,29280
160,174,29283
160,175,29284
160,176,29285
160,177,29288
160,178,29290
160,179,29291
160,180,29292
160,181,29293
160,182,29296
160,183,29297
160,184,29299
160,185,29300
160,186,29302
160,187,29303
160,188,29304
160,189,29307
160,190,29308
160,191,29309
160,192,29314
160,193,29315
160,194,29317
160,195,29318
160,196,29319
160,197,29320
160,198,29321
160,199,29324
160,200,29326
160,201,29328
160,202,29329
160,203,29331
160,204,29332
160,205,29333
160,206,29334
160,207,29335
160,208,29336
160,209,29337
160,210,29338
160,211,29339
160,212,29340
160,213,29341
160,214,29342
160,215,29344
160,216,29345
160,217,29346
160,218,29347
160,219,29348
160,220,29349
160,221,29350
160,222,29351
160,223,29352
160,224,29353
160,225,29354
160,226,29355
160,227,29358
160,228,29361
160,229,29362
160,230,29363
160,231,29365
160,232,29370
160,233,29371
160,234,29372
160,235,29373
160,236,29374
160,237,29375
160,238,29376
160,239,29381
160,240,29382
160,241,29383
160,242,29385
160,243,29386
160,244,29387
160,245,29388
160,246,29391
160,247,29393
160,248,29395
160,249,29396
160,250,29397
160,251,29398
160,252,29400
160,253,29402
160,254,29403
161,64,58566
161,65,58567
161,66,58568
161,67,58569
161,68,58570
161,69,58571
161,70,58572
161,71,58573
161,72,58574
161,73,58575
161,74,58576
161,75,58577
161,76,58578
161,77,58579
161,78,58580
161,79,58581
161,80,58582
161,81,58583
161,82,58584
161,83,58585
161,84,58586
161,85,58587
161,86,58588
161,87,58589
161,88,58590
161,89,58591
161,90,58592
161,91,58593
161,92,58594
161,93,58595
161,94,58596
161,95,58597
161,96,58598
161,97,58599
161,98,58600
161,99,58601
161,100,58602
161,101,58603
161,102,58604
161,103,58605
161,104,58606
161,105,58607
161,106,58608
161,107,58609
161,108,58610
161,109,58611
161,110,58612
161,111,58613
161,112,58614
161,113,58615
161,114,58616
161,115,58617
161,116,58618
161,117,58619
161,118,58620
161,119,58621
161,120,58622
161,121,58623
161,122,58624
161,123,58625
161,124,58626
161,125,58627
161,126,58628
161,128,58629
161,129,58630
161,130,58631
161,131,58632
161,132,58633
161,133,58634
161,134,58635
161,135,58636
161,136,58637
161,137,58638
161,138,58639
161,139,58640
161,140,58641
161,141,58642
161,142,58643
161,143,58644
161,144,58645
161,145,58646
161,146,58647
161,147,58648
161,148,58649
161,149,58650
161,150,58651
161,151,58652
161,152,58653
161,153,58654
161,154,58655
161,155,58656
161,156,58657
161,157,58658
161,158,58659
161,159,58660
161,160,58661
161,161,12288
161,162,12289
161,163,12290
161,164,183
161,165,713
161,166,711
161,167,168
161,168,12291
161,169,12293
161,170,8212
161,171,65374
161,172,8214
161,173,8230
161,174,8216
161,175,8217
161,176,8220
161,177,8221
161,178,12308
161,179,12309
161,180,12296
161,181,12297
161,182,12298
161,183,12299
161,184,12300
161,185,12301
161,186,12302
161,187,12303
161,188,12310
161,189,12311
161,190,12304
161,191,12305
161,192,177
161,193,215
161,194,247
161,195,8758
161,196,8743
161,197,8744
161,198,8721
161,199,8719
161,200,8746
161,201,8745
161,202,8712
161,203,8759
161,204,8730
161,205,8869
161,206,8741
161,207,8736
161,208,8978
161,209,8857
161,210,8747
161,211,8750
161,212,8801
161,213,8780
161,214,8776
161,215,8765
161,216,8733
161,217,8800
161,218,8814
161,219,8815
161,220,8804
161,221,8805
161,222,8734
161,223,8757
161,224,8756
161,225,9794
161,226,9792
161,227,176
161,228,8242
161,229,8243
161,230,8451
161,231,65284
161,232,164
161,233,65504
161,234,65505
161,235,8240
161,236,167
161,237,8470
161,238,9734
161,239,9733
161,240,9675
161,241,9679
161,242,9678
161,243,9671
161,244,9670
161,245,9633
161,246,9632
161,247,9651
161,248,9650
161,249,8251
161,250,8594
161,251,8592
161,252,8593
161,253,8595
161,254,12307
162,64,58662
162,65,58663
162,66,58664
162,67,58665
162,68,58666
162,69,58667
162,70,58668
162,71,58669
162,72,58670
162,73,58671
162,74,58672
162,75,58673
162,76,58674
162,77,58675
162,78,58676
162,79,58677
162,80,58678
162,81,58679
162,82,58680
162,83,58681
162,84,58682
162,85,58683
162,86,58684
162,87,58685
162,88,58686
162,89,58687
162,90,58688
162,91,58689
162,92,58690
162,93,58691
162,94,58692
162,95,58693
162,96,58694
162,97,58695
162,98,58696
162,99,58697
162,100,58698
162,101,58699
162,102,58700
162,103,58701
162,104,58702
162,105,58703
162,106,58704
162,107,58705
162,108,58706
162,109,58707
162,110,58708
162,111,58709
162,112,58710
162,113,58711
162,114,58712
162,115,58713
162,116,58714
162,117,58715
162,118,58716
162,119,58717
162,120,58718
162,121,58719
162,122,58720
162,123,58721
162,124,58722
162,125,58723
162,126,58724
162,128,58725
162,129,58726
162,130,58727
162,131,58728
162,132,58729
162,133,58730
162,134,58731
162,135,58732
162,136,58733
162,137,58734
162,138,58735
162,139,58736
162,140,58737
162,141,58738
162,142,58739
162,143,58740
162,144,58741
162,145,58742
162,146,58743
162,147,58744
162,148,58745
162,149,58746
162,150,58747
162,151,58748
162,152,58749
162,153,58750
162,154,58751
162,155,58752
162,156,58753
162,157,58754
162,158,58755
162,159,58756
162,160,58757
162,161,8560
162,162,8561
162,163,8562
162,164,8563
162,165,8564
162,166,8565
162,167,8566
162,168,8567
162,169,8568
162,170,8569
162,171,59238
162,172,59239
162,173,59240
162,174,59241
162,175,59242
162,176,59243
162,177,9352
162,178,9353
162,179,9354
162,180,9355
162,181,9356
162,182,9357
162,183,9358
162,184,9359
162,185,9360
162,186,9361
162,187,9362
162,188,9363
162,189,9364
162,190,9365
162,191,9366
162,192,9367
162,193,9368
162,194,9369
162,195,9370
162,196,9371
162,197,9332
162,198,9333
162,199,9334
162,200,9335
162,201,9336
162,202,9337
162,203,9338
162,204,9339
162,205,9340
162,206,9341
162,207,9342
162,208,9343
162,209,9344
162,210,9345
162,211,9346
162,212,9347
162,213,9348
162,214,9349
162,215,9350
162,216,9351
162,217,9312
162,218,9313
162,219,9314
162,220,9315
162,221,9316
162,222,9317
162,223,9318
162,224,9319
162,225,9320
162,226,9321
162,227,8364
162,228,59245
162,229,12832
162,230,12833
162,231,12834
162,232,12835
162,233,12836
162,234,12837
162,235,12838
162,236,12839
162,237,12840
162,238,12841
162,239,59246
162,240,59247
162,241,8544
162,242,8545
162,243,8546
162,244,8547
162,245,8548
162,246,8549
162,247,8550
162,248,8551
162,249,8552
162,250,8553
162,251,8554
162,252,8555
162,253,59248
162,254,59249
163,64,58758
163,65,58759
163,66,58760
163,67,58761
163,68,58762
163,69,58763
163,70,58764
163,71,58765
163,72,58766
163,73,58767
163,74,58768
163,75,58769
163,76,58770
163,77,58771
163,78,58772
163,79,58773
163,80,58774
163,81,58775
163,82,58776
163,83,58777
163,84,58778
163,85,58779
163,86,58780
163,87,58781
163,88,58782
163,89,58783
163,90,58784
163,91,58785
163,92,58786
163,93,58787
163,94,58788
163,95,58789
163,96,58790
163,97,58791
163,98,58792
163,99,58793
163,100,58794
163,101,58795
163,102,58796
163,103,58797
163,104,58798
163,105,58799
163,106,58800
163,107,58801
163,108,58802
163,109,58803
163,110,58804
163,111,58805
163,112,58806
163,113,58807
163,114,58808
163,115,58809
163,116,58810
163,117,58811
163,118,58812
163,119,58813
163,120,58814
163,121,58815
163,122,58816
163,123,58817
163,124,58818
163,125,58819
163,126,58820
163,128,58821
163,129,58822
163,130,58823
163,131,58824
163,132,58825
163,133,58826
163,134,58827
163,135,58828
163,136,58829
163,137,58830
163,138,58831
163,139,58832
163,140,58833
163,141,58834
163,142,58835
163,143,58836
163,144,58837
163,145,58838
163,146,58839
163,147,58840
163,148,58841
163,149,58842
163,150,58843
163,151,58844
163,152,58845
163,153,58846
163,154,58847
163,155,58848
163,156,58849
163,157,58850
163,158,58851
163,159,58852
163,160,58853
163,161,65281
163,162,65282
163,163,65283
163,164,65509
163,165,65285
163,166,65286
163,167,65287
163,168,65288
163,169,65289
163,170,65290
163,171,65291
163,172,65292
163,173,65293
163,174,65294
163,175,65295
163,176,65296
163,177,65297
163,178,65298
163,179,65299
163,180,65300
163,181,65301
163,182,65302
163,183,65303
163,184,65304
163,185,65305
163,186,65306
163,187,65307
163,188,65308
163,189,65309
163,190,65310
163,191,65311
163,192,65312
163,193,65313
163,194,65314
163,195,65315
163,196,65316
163,197,65317
163,198,65318
163,199,65319
163,200,65320
163,201,65321
163,202,65322
163,203,65323
163,204,65324
163,205,65325
163,206,65326
163,207,65327
163,208,65328
163,209,65329
163,210,65330
163,211,65331
163,212,65332
163,213,65333
163,214,65334
163,215,65335
163,216,65336
163,217,65337
163,218,65338
163,219,65339
163,220,65340
163,221,65341
163,222,65342
163,223,65343
163,224,65344
163,225,65345
163,226,65346
163,227,65347
163,228,65348
163,229,65349
163,230,65350
163,231,65351
163,232,65352
163,233,65353
163,234,65354
163,235,65355
163,236,65356
163,237,65357
163,238,65358
163,239,65359
163,240,65360
163,241,65361
163,242,65362
163,243,65363
163,244,65364
163,245,65365
163,246,65366
163,247,65367
163,248,65368
163,249,65369
163,250,65370
163,251,65371
163,252,65372
163,253,65373
163,254,65507
164,64,58854
164,65,58855
164,66,58856
164,67,58857
164,68,58858
164,69,58859
164,70,58860
164,71,58861
164,72,58862
164,73,58863
164,74,58864
164,75,58865
164,76,58866
164,77,58867
164,78,58868
164,79,58869
164,80,58870
164,81,58871
164,82,58872
164,83,58873
164,84,58874
164,85,58875
164,86,58876
164,87,58877
164,88,58878
164,89,58879
164,90,58880
164,91,58881
164,92,58882
164,93,58883
164,94,58884
164,95,58885
164,96,58886
164,97,58887
164,98,58888
164,99,58889
164,100,58890
164,101,58891
164,102,58892
164,103,58893
164,104,58894
164,105,58895
164,106,58896
164,107,58897
164,108,58898
164,109,58899
164,110,58900
164,111,58901
164,112,58902
164,113,58903
164,114,58904
164,115,58905
164,116,58906
164,117,58907
164,118,58908
164,119,58909
164,120,58910
164,121,58911
164,122,58912
164,123,58913
164,124,58914
164,125,58915
164,126,58916
164,128,58917
164,129,58918
164,130,58919
164,131,58920
164,132,58921
164,133,58922
164,134,58923
164,135,58924
164,136,58925
164,137,58926
164,138,58927
164,139,58928
164,140,58929
164,141,58930
164,142,58931
164,143,58932
164,144,58933
164,145,58934
164,146,58935
164,147,58936
164,148,58937
164,149,58938
164,150,58939
164,151,58940
164,152,58941
164,153,58942
164,154,58943
164,155,58944
164,156,58945
164,157,58946
164,158,58947
164,159,58948
164,160,58949
164,161,12353
164,162,12354
164,163,12355
164,164,12356
164,165,12357
164,166,12358
164,167,12359
164,168,12360
164,169,12361
164,170,12362
164,171,12363
164,172,12364
164,173,12365
164,174,12366
164,175,12367
164,176,12368
164,177,12369
164,178,12370
164,179,12371
164,180,12372
164,181,12373
164,182,12374
164,183,12375
164,184,12376
164,185,12377
164,186,12378
164,187,12379
164,188,12380
164,189,12381
164,190,12382
164,191,12383
164,192,12384
164,193,12385
164,194,12386
164,195,12387
164,196,12388
164,197,12389
164,198,12390
164,199,12391
164,200,12392
164,201,12393
164,202,12394
164,203,12395
164,204,12396
164,205,12397
164,206,12398
164,207,12399
164,208,12400
164,209,12401
164,210,12402
164,211,12403
164,212,12404
164,213,12405
164,214,12406
164,215,12407
164,216,12408
164,217,12409
164,218,12410
164,219,12411
164,220,12412
164,221,12413
164,222,12414
164,223,12415
164,224,12416
164,225,12417
164,226,12418
164,227,12419
164,228,12420
164,229,12421
164,230,12422
164,231,12423
164,232,12424
164,233,12425
164,234,12426
164,235,12427
164,236,12428
164,237,12429
164,238,12430
164,239,12431
164,240,12432
164,241,12433
164,242,12434
164,243,12435
164,244,59250
164,245,59251
164,246,59252
164,247,59253
164,248,59254
164,249,59255
164,250,59256
164,251,59257
164,252,59258
164,253,59259
164,254,59260
165,64,58950
165,65,58951
165,66,58952
165,67,58953
165,68,58954
165,69,58955
165,70,58956
165,71,58957
165,72,58958
165,73,58959
165,74,58960
165,75,58961
165,76,58962
165,77,58963
165,78,58964
165,79,58965
165,80,58966
165,81,58967
165,82,58968
165,83,58969
165,84,58970
165,85,58971
165,86,58972
165,87,58973
165,88,58974
165,89,58975
165,90,58976
165,91,58977
165,92,58978
165,93,58979
165,94,58980
165,95,58981
165,96,58982
165,97,58983
165,98,58984
165,99,58985
165,100,58986
165,101,58987
165,102,58988
165,103,58989
165,104,58990
165,105,58991
165,106,58992
165,107,58993
165,108,58994
165,109,58995
165,110,58996
165,111,58997
165,112,58998
165,113,58999
165,114,59000
165,115,59001
165,116,59002
165,117,59003
165,118,59004
165,119,59005
165,120,59006
165,121,59007
165,122,59008
165,123,59009
165,124,59010
165,125,59011
165,126,59012
165,128,59013
165,129,59014
165,130,59015
165,131,59016
165,132,59017
165,133,59018
165,134,59019
165,135,59020
165,136,59021
165,137,59022
165,138,59023
165,139,59024
165,140,59025
165,141,59026
165,142,59027
165,143,59028
165,144,59029
165,145,59030
165,146,59031
165,147,59032
165,148,59033
165,149,59034
165,150,59035
165,151,59036
165,152,59037
165,153,59038
165,154,59039
165,155,59040
165,156,59041
165,157,59042
165,158,59043
165,159,59044
165,160,59045
165,161,12449
165,162,12450
165,163,12451
165,164,12452
165,165,12453
165,166,12454
165,167,12455
165,168,12456
165,169,12457
165,170,12458
165,171,12459
165,172,12460
165,173,12461
165,174,12462
165,175,12463
165,176,12464
165,177,12465
165,178,12466
165,179,12467
165,180,12468
165,181,12469
165,182,12470
165,183,12471
165,184,12472
165,185,12473
165,186,12474
165,187,12475
165,188,12476
165,189,12477
165,190,12478
165,191,12479
165,192,12480
165,193,12481
165,194,12482
165,195,12483
165,196,12484
165,197,12485
165,198,12486
165,199,12487
165,200,12488
165,201,12489
165,202,12490
165,203,12491
165,204,12492
165,205,12493
165,206,12494
165,207,12495
165,208,12496
165,209,12497
165,210,12498
165,211,12499
165,212,12500
165,213,12501
165,214,12502
165,215,12503
165,216,12504
165,217,12505
165,218,12506
165,219,12507
165,220,12508
165,221,12509
165,222,12510
165,223,12511
165,224,12512
165,225,12513
165,226,12514
165,227,12515
165,228,12516
165,229,12517
165,230,12518
165,231,12519
165,232,12520
165,233,12521
165,234,12522
165,235,12523
165,236,12524
165,237,12525
165,238,12526
165,239,12527
165,240,12528
165,241,12529
165,242,12530
165,243,12531
165,244,12532
165,245,12533
165,246,12534
165,247,59261
165,248,59262
165,249,59263
165,250,59264
165,251,59265
165,252,59266
165,253,59267
165,254,59268
166,64,59046
166,65,59047
166,66,59048
166,67,59049
166,68,59050
166,69,59051
166,70,59052
166,71,59053
166,72,59054
166,73,59055
166,74,59056
166,75,59057
166,76,59058
166,77,59059
166,78,59060
166,79,59061
166,80,59062
166,81,59063
166,82,59064
166,83,59065
166,84,59066
166,85,59067
166,86,59068
166,87,59069
166,88,59070
166,89,59071
166,90,59072
166,91,59073
166,92,59074
166,93,59075
166,94,59076
166,95,59077
166,96,59078
166,97,59079
166,98,59080
166,99,59081
166,100,59082
166,101,59083
166,102,59084
166,103,59085
166,104,59086
166,105,59087
166,106,59088
166,107,59089
166,108,59090
166,109,59091
166,110,59092
166,111,59093
166,112,59094
166,113,59095
166,114,59096
166,115,59097
166,116,59098
166,117,59099
166,118,59100
166,119,59101
166,120,59102
166,121,59103
166,122,59104
166,123,59105
166,124,59106
166,125,59107
166,126,59108
166,128,59109
166,129,59110
166,130,59111
166,131,59112
166,132,59113
166,133,59114
166,134,59115
166,135,59116
166,136,59117
166,137,59118
166,138,59119
166,139,59120
166,140,59121
166,141,59122
166,142,59123
166,143,59124
166,144,59125
166,145,59126
166,146,59127
166,147,59128
166,148,59129
166,149,59130
166,150,59131
166,151,59132
166,152,59133
166,153,59134
166,154,59135
166,155,59136
166,156,59137
166,157,59138
166,158,59139
166,159,59140
166,160,59141
166,161,913
166,162,914
166,163,915
166,164,916
166,165,917
166,166,918
166,167,919
166,168,920
166,169,921
166,170,922
166,171,923
166,172,924
166,173,925
166,174,926
166,175,927
166,176,928
166,177,929
166,178,931
166,179,932
166,180,933
166,181,934
166,182,935
166,183,936
166,184,937
166,185,59269
166,186,59270
166,187,59271
166,188,59272
166,189,59273
166,190,59274
166,191,59275
166,192,59276
166,193,945
166,194,946
166,195,947
166,196,948
166,197,949
166,198,950
166,199,951
166,200,952
166,201,953
166,202,954
166,203,955
166,204,956
166,205,957
166,206,958
166,207,959
166,208,960
166,209,961
166,210,963
166,211,964
166,212,965
166,213,966
166,214,967
166,215,968
166,216,969
166,217,59277
166,218,59278
166,219,59279
166,220,59280
166,221,59281
166,222,59282
166,223,59283
166,224,65077
166,225,65078
166,226,65081
166,227,65082
166,228,65087
166,229,65088
166,230,65085
166,231,65086
166,232,65089
166,233,65090
166,234,65091
166,235,65092
166,236,59284
166,237,59285
166,238,65083
166,239,65084
166,240,65079
166,241,65080
166,242,65073
166,243,59286
166,244,65075
166,245,65076
166,246,59287
166,247,59288
166,248,59289
166,249,59290
166,250,59291
166,251,59292
166,252,59293
166,253,59294
166,254,59295
167,64,59142
167,65,59143
167,66,59144
167,67,59145
167,68,59146
167,69,59147
167,70,59148
167,71,59149
167,72,59150
167,73,59151
167,74,59152
167,75,59153
167,76,59154
167,77,59155
167,78,59156
167,79,59157
167,80,59158
167,81,59159
167,82,59160
167,83,59161
167,84,59162
167,85,59163
167,86,59164
167,87,59165
167,88,59166
167,89,59167
167,90,59168
167,91,59169
167,92,59170
167,93,59171
167,94,59172
167,95,59173
167,96,59174
167,97,59175
167,98,59176
167,99,59177
167,100,59178
167,101,59179
167,102,59180
167,103,59181
167,104,59182
167,105,59183
167,106,59184
167,107,59185
167,108,59186
167,109,59187
167,110,59188
167,111,59189
167,112,59190
167,113,59191
167,114,59192
167,115,59193
167,116,59194
167,117,59195
167,118,59196
167,119,59197
167,120,59198
167,121,59199
167,122,59200
167,123,59201
167,124,59202
167,125,59203
167,126,59204
167,128,59205
167,129,59206
167,130,59207
167,131,59208
167,132,59209
167,133,59210
167,134,59211
167,135,59212
167,136,59213
167,137,59214
167,138,59215
167,139,59216
167,140,59217
167,141,59218
167,142,59219
167,143,59220
167,144,59221
167,145,59222
167,146,59223
167,147,59224
167,148,59225
167,149,59226
167,150,59227
167,151,59228
167,152,59229
167,153,59230
167,154,59231
167,155,59232
167,156,59233
167,157,59234
167,158,59235
167,159,59236
167,160,59237
167,161,1040
167,162,1041
167,163,1042
167,164,1043
167,165,1044
167,166,1045
167,167,1025
167,168,1046
167,169,1047
167,170,1048
167,171,1049
167,172,1050
167,173,1051
167,174,1052
167,175,1053
167,176,1054
167,177,1055
167,178,1056
167,179,1057
167,180,1058
167,181,1059
167,182,1060
167,183,1061
167,184,1062
167,185,1063
167,186,1064
167,187,1065
167,188,1066
167,189,1067
167,190,1068
167,191,1069
167,192,1070
167,193,1071
167,194,59296
167,195,59297
167,196,59298
167,197,59299
167,198,59300
167,199,59301
167,200,59302
167,201,59303
167,202,59304
167,203,59305
167,204,59306
167,205,59307
167,206,59308
167,207,59309
167,208,59310
167,209,1072
167,210,1073
167,211,1074
167,212,1075
167,213,1076
167,214,1077
167,215,1105
167,216,1078
167,217,1079
167,218,1080
167,219,1081
167,220,1082
167,221,1083
167,222,1084
167,223,1085
167,224,1086
167,225,1087
167,226,1088
167,227,1089
167,228,1090
167,229,1091
167,230,1092
167,231,1093
167,232,1094
167,233,1095
167,234,1096
167,235,1097
167,236,1098
167,237,1099
167,238,1100
167,239,1101
167,240,1102
167,241,1103
167,242,59311
167,243,59312
167,244,59313
167,245,59314
167,246,59315
167,247,59316
167,248,59317
167,249,59318
167,250,59319
167,251,59320
167,252,59321
167,253,59322
167,254,59323
168,64,714
168,65,715
168,66,729
168,67,8211
168,68,8213
168,69,8229
168,70,8245
168,71,8453
168,72,8457
168,73,8598
168,74,8599
168,75,8600
168,76,8601
168,77,8725
168,78,8735
168,79,8739
168,80,8786
168,81,8806
168,82,8807
168,83,8895
168,84,9552
168,85,9553
168,86,9554
168,87,9555
168,88,9556
168,89,9557
168,90,9558
168,91,9559
168,92,9560
168,93,9561
168,94,9562
168,95,9563
168,96,9564
168,97,9565
168,98,9566
168,99,9567
168,100,9568
168,101,9569
168,102,9570
168,103,9571
168,104,9572
168,105,9573
168,106,9574
168,107,9575
168,108,9576
168,109,9577
168,110,9578
168,111,9579
168,112,9580
168,113,9581
168,114,9582
168,115,9583
168,116,9584
168,117,9585
168,118,9586
168,119,9587
168,120,9601
168,121,9602
168,122,9603
168,123,9604
168,124,9605
168,125,9606
168,126,9607
168,128,9608
168,129,9609
168,130,9610
168,131,9611
168,132,9612
168,133,9613
168,134,9614
168,135,9615
168,136,9619
168,137,9620
168,138,9621
168,139,9660
168,140,9661
168,141,9698
168,142,9699
168,143,9700
168,144,9701
168,145,9737
168,146,9793
168,147,12306
168,148,12317
168,149,12318
168,150,59324
168,151,59325
168,152,59326
168,153,59327
168,154,59328
168,155,59329
168,156,59330
168,157,59331
168,158,59332
168,159,59333
168,160,59334
168,161,257
168,162,225
168,163,462
168,164,224
168,165,275
168,166,233
168,167,283
168,168,232
168,169,299
168,170,237
168,171,464
168,172,236
168,173,333
168,174,243
168,175,466
168,176,242
168,177,363
168,178,250
168,179,468
168,180,249
168,181,470
168,182,472
168,183,474
168,184,476
168,185,252
168,186,234
168,187,593
168,188,59335
168,189,324
168,190,328
168,191,59336
168,192,609
168,193,59337
168,194,59338
168,195,59339
168,196,59340
168,197,12549
168,198,12550
168,199,12551
168,200,12552
168,201,12553
168,202,12554
168,203,12555
168,204,12556
168,205,12557
168,206,12558
168,207,12559
168,208,12560
168,209,12561
168,210,12562
168,211,12563
168,212,12564
168,213,12565
168,214,12566
168,215,12567
168,216,12568
168,217,12569
168,218,12570
168,219,12571
168,220,12572
168,221,12573
168,222,12574
168,223,12575
168,224,12576
168,225,12577
168,226,12578
168,227,12579
168,228,12580
168,229,12581
168,230,12582
168,231,12583
168,232,12584
168,233,12585
168,234,59341
168,235,59342
168,236,59343
168,237,59344
168,238,59345
168,239,59346
168,240,59347
168,241,59348
168,242,59349
168,243,59350
168,244,59351
168,245,59352
168,246,59353
168,247,59354
168,248,59355
168,249,59356
168,250,59357
168,251,59358
168,252,59359
168,253,59360
168,254,59361
169,64,12321
169,65,12322
169,66,12323
169,67,12324
169,68,12325
169,69,12326
169,70,12327
169,71,12328
169,72,12329
169,73,12963
169,74,13198
169,75,13199
169,76,13212
169,77,13213
169,78,13214
169,79,13217
169,80,13252
169,81,13262
169,82,13265
169,83,13266
169,84,13269
169,85,65072
169,86,65506
169,87,65508
169,88,59362
169,89,8481
169,90,12849
169,91,59363
169,92,8208
169,93,59364
169,94,59365
169,95,59366
169,96,12540
169,97,12443
169,98,12444
169,99,12541
169,100,12542
169,101,12294
169,102,12445
169,103,12446
169,104,65097
169,105,65098
169,106,65099
169,107,65100
169,108,65101
169,109,65102
169,110,65103
169,111,65104
169,112,65105
169,113,65106
169,114,65108
169,115,65109
169,116,65110
169,117,65111
169,118,65113
169,119,65114
169,120,65115
169,121,65116
169,122,65117
169,123,65118
169,124,65119
169,125,65120
169,126,65121
169,128,65122
169,129,65123
169,130,65124
169,131,65125
169,132,65126
169,133,65128
169,134,65129
169,135,65130
169,136,65131
169,137,59367
169,138,59368
169,139,59369
169,140,59370
169,141,59371
169,142,59372
169,143,59373
169,144,59374
169,145,59375
169,146,59376
169,147,59377
169,148,59378
169,149,59379
169,150,12295
169,151,59380
169,152,59381
169,153,59382
169,154,59383
169,155,59384
169,156,59385
169,157,59386
169,158,59387
169,159,59388
169,160,59389
169,161,59390
169,162,59391
169,163,59392
169,164,9472
169,165,9473
169,166,9474
169,167,9475
169,168,9476
169,169,9477
169,170,9478
169,171,9479
169,172,9480
169,173,9481
169,174,9482
169,175,9483
169,176,9484
169,177,9485
169,178,9486
169,179,9487
169,180,9488
169,181,9489
169,182,9490
169,183,9491
169,184,9492
169,185,9493
169,186,9494
169,187,9495
169,188,9496
169,189,9497
169,190,9498
169,191,9499
169,192,9500
169,193,9501
169,194,9502
169,195,9503
169,196,9504
169,197,9505
169,198,9506
169,199,9507
169,200,9508
169,201,9509
169,202,9510
169,203,9511
169,204,9512
169,205,9513
169,206,9514
169,207,9515
169,208,9516
169,209,9517
169,210,9518
169,211,9519
169,212,9520
169,213,9521
169,214,9522
169,215,9523
169,216,9524
169,217,9525
169,218,9526
169,219,9527
169,220,9528
169,221,9529
169,222,9530
169,223,9531
169,224,9532
169,225,9533
169,226,9534
169,227,9535
169,228,9536
169,229,9537
169,230,9538
169,231,9539
169,232,9540
169,233,9541
169,234,9542
169,235,9543
169,236,9544
169,237,9545
169,238,9546
169,239,9547
169,240,59393
169,241,59394
169,242,59395
169,243,59396
169,244,59397
169,245,59398
169,246,59399
169,247,59400
169,248,59401
169,249,59402
169,250,59403
169,251,59404
169,252,59405
169,253,59406
169,254,59407
170,64,29404
170,65,29405
170,66,29407
170,67,29410
170,68,29411
170,69,29412
170,70,29413
170,71,29414
170,72,29415
170,73,29418
170,74,29419
170,75,29429
170,76,29430
170,77,29433
170,78,29437
170,79,29438
170,80,29439
170,81,29440
170,82,29442
170,83,29444
170,84,29445
170,85,29446
170,86,29447
170,87,29448
170,88,29449
170,89,29451
170,90,29452
170,91,29453
170,92,29455
170,93,29456
170,94,29457
170,95,29458
170,96,29460
170,97,29464
170,98,29465
170,99,29466
170,100,29471
170,101,29472
170,102,29475
170,103,29476
170,104,29478
170,105,29479
170,106,29480
170,107,29485
170,108,29487
170,109,29488
170,110,29490
170,111,29491
170,112,29493
170,113,29494
170,114,29498
170,115,29499
170,116,29500
170,117,29501
170,118,29504
170,119,29505
170,120,29506
170,121,29507
170,122,29508
170,123,29509
170,124,29510
170,125,29511
170,126,29512
170,128,29513
170,129,29514
170,130,29515
170,131,29516
170,132,29518
170,133,29519
170,134,29521
170,135,29523
170,136,29524
170,137,29525
170,138,29526
170,139,29528
170,140,29529
170,141,29530
170,142,29531
170,143,29532
170,144,29533
170,145,29534
170,146,29535
170,147,29537
170,148,29538
170,149,29539
170,150,29540
170,151,29541
170,152,29542
170,153,29543
170,154,29544
170,155,29545
170,156,29546
170,157,29547
170,158,29550
170,159,29552
170,160,29553
170,161,57344
170,162,57345
170,163,57346
170,164,57347
170,165,57348
170,166,57349
170,167,57350
170,168,57351
170,169,57352
170,170,57353
170,171,57354
170,172,57355
170,173,57356
170,174,57357
170,175,57358
170,176,57359
170,177,57360
170,178,57361
170,179,57362
170,180,57363
170,181,57364
170,182,57365
170,183,57366
170,184,57367
170,185,57368
170,186,57369
170,187,57370
170,188,57371
170,189,57372
170,190,57373
170,191,57374
170,192,57375
170,193,57376
170,194,57377
170,195,57378
170,196,57379
170,197,57380
170,198,57381
170,199,57382
170,200,57383
170,201,57384
170,202,57385
170,203,57386
170,204,57387
170,205,57388
170,206,57389
170,207,57390
170,208,57391
170,209,57392
170,210,57393
170,211,57394
170,212,57395
170,213,57396
170,214,57397
170,215,57398
170,216,57399
170,217,57400
170,218,57401
170,219,57402
170,220,57403
170,221,57404
170,222,57405
170,223,57406
170,224,57407
170,225,57408
170,226,57409
170,227,57410
170,228,57411
170,229,57412
170,230,57413
170,231,57414
170,232,57415
170,233,57416
170,234,57417
170,235,57418
170,236,57419
170,237,57420
170,238,57421
170,239,57422
170,240,57423
170,241,57424
170,242,57425
170,243,57426
170,244,57427
170,245,57428
170,246,57429
170,247,57430
170,248,57431
170,249,57432
170,250,57433
170,251,57434
170,252,57435
170,253,57436
170,254,57437
171,64,29554
171,65,29555
171,66,29556
171,67,29557
171,68,29558
171,69,29559
171,70,29560
171,71,29561
171,72,29562
171,73,29563
171,74,29564
171,75,29565
171,76,29567
171,77,29568
171,78,29569
171,79,29570
171,80,29571
171,81,29573
171,82,29574
171,83,29576
171,84,29578
171,85,29580
171,86,29581
171,87,29583
171,88,29584
171,89,29586
171,90,29587
171,91,29588
171,92,29589
171,93,29591
171,94,29592
171,95,29593
171,96,29594
171,97,29596
171,98,29597
171,99,29598
171,100,29600
171,101,29601
171,102,29603
171,103,29604
171,104,29605
171,105,29606
171,106,29607
171,107,29608
171,108,29610
171,109,29612
171,110,29613
171,111,29617
171,112,29620
171,113,29621
171,114,29622
171,115,29624
171,116,29625
171,117,29628
171,118,29629
171,119,29630
171,120,29631
171,121,29633
171,122,29635
171,123,29636
171,124,29637
171,125,29638
171,126,29639
171,128,29643
171,129,29644
171,130,29646
171,131,29650
171,132,29651
171,133,29652
171,134,29653
171,135,29654
171,136,29655
171,137,29656
171,138,29658
171,139,29659
171,140,29660
171,141,29661
171,142,29663
171,143,29665
171,144,29666
171,145,29667
171,146,29668
171,147,29670
171,148,29672
171,149,29674
171,150,29675
171,151,29676
171,152,29678
171,153,29679
171,154,29680
171,155,29681
171,156,29683
171,157,29684
171,158,29685
171,159,29686
171,160,29687
171,161,57438
171,162,57439
171,163,57440
171,164,57441
171,165,57442
171,166,57443
171,167,57444
171,168,57445
171,169,57446
171,170,57447
171,171,57448
171,172,57449
171,173,57450
171,174,57451
171,175,57452
171,176,57453
171,177,57454
171,178,57455
171,179,57456
171,180,57457
171,181,57458
171,182,57459
171,183,57460
171,184,57461
171,185,57462
171,186,57463
171,187,57464
171,188,57465
171,189,57466
171,190,57467
171,191,57468
171,192,57469
171,193,57470
171,194,57471
171,195,57472
171,196,57473
171,197,57474
171,198,57475
171,199,57476
171,200,57477
171,201,57478
171,202,57479
171,203,57480
171,204,57481
171,205,57482
171,206,57483
171,207,57484
171,208,57485
171,209,57486
171,210,57487
171,211,57488
171,212,57489
171,213,57490
171,214,57491
171,215,57492
171,216,57493
171,217,57494
171,218,57495
171,219,57496
171,220,57497
171,221,57498
171,222,57499
171,223,57500
171,224,57501
171,225,57502
171,226,57503
171,227,57504
171,228,57505
171,229,57506
171,230,57507
171,231,57508
171,232,57509
171,233,57510
171,234,57511
171,235,57512
171,236,57513
171,237,57514
171,238,57515
171,239,57516
171,240,57517
171,241,57518
171,242,57519
171,243,57520
171,244,57521
171,245,57522
171,246,57523
171,247,57524
171,248,57525
171,249,57526
171,250,57527
171,251,57528
171,252,57529
171,253,57530
171,254,57531
172,64,29688
172,65,29689
172,66,29690
172,67,29691
172,68,29692
172,69,29693
172,70,29694
172,71,29695
172,72,29696
172,73,29697
172,74,29698
172,75,29700
172,76,29703
172,77,29704
172,78,29707
172,79,29708
172,80,29709
172,81,29710
172,82,29713
172,83,29714
172,84,29715
172,85,29716
172,86,29717
172,87,29718
172,88,29719
172,89,29720
172,90,29721
172,91,29724
172,92,29725
172,93,29726
172,94,29727
172,95,29728
172,96,29729
172,97,29731
172,98,29732
172,99,29735
172,100,29737
172,101,29739
172,102,29741
172,103,29743
172,104,29745
172,105,29746
172,106,29751
172,107,29752
172,108,29753
172,109,29754
172,110,29755
172,111,29757
172,112,29758
172,113,29759
172,114,29760
172,115,29762
172,116,29763
172,117,29764
172,118,29765
172,119,29766
172,120,29767
172,121,29768
172,122,29769
172,123,29770
172,124,29771
172,125,29772
172,126,29773
172,128,29774
172,129,29775
172,130,29776
172,131,29777
172,132,29778
172,133,29779
172,134,29780
172,135,29782
172,136,29784
172,137,29789
172,138,29792
172,139,29793
172,140,29794
172,141,29795
172,142,29796
172,143,29797
172,144,29798
172,145,29799
172,146,29800
172,147,29801
172,148,29802
172,149,29803
172,150,29804
172,151,29806
172,152,29807
172,153,29809
172,154,29810
172,155,29811
172,156,29812
172,157,29813
172,158,29816
172,159,29817
172,160,29818
172,161,57532
172,162,57533
172,163,57534
172,164,57535
172,165,57536
172,166,57537
172,167,57538
172,168,57539
172,169,57540
172,170,57541
172,171,57542
172,172,57543
172,173,57544
172,174,57545
172,175,57546
172,176,57547
172,177,57548
172,178,57549
172,179,57550
172,180,57551
172,181,57552
172,182,57553
172,183,57554
172,184,57555
172,185,57556
172,186,57557
172,187,57558
172,188,57559
172,189,57560
172,190,57561
172,191,57562
172,192,57563
172,193,57564
172,194,57565
172,195,57566
172,196,57567
172,197,57568
172,198,57569
172,199,57570
172,200,57571
172,201,57572
172,202,57573
172,203,57574
172,204,57575
172,205,57576
172,206,57577
172,207,57578
172,208,57579
172,209,57580
172,210,57581
172,211,57582
172,212,57583
172,213,57584
172,214,57585
172,215,57586
172,216,57587
172,217,57588
172,218,57589
172,219,57590
172,220,57591
172,221,57592
172,222,57593
172,223,57594
172,224,57595
172,225,57596
172,226,57597
172,227,57598
172,228,57599
172,229,57600
172,230,57601
172,231,57602
172,232,57603
172,233,57604
172,234,57605
172,235,57606
172,236,57607
172,237,57608
172,238,57609
172,239,57610
172,240,57611
172,241,57612
172,242,57613
172,243,57614
172,244,57615
172,245,57616
172,246,57617
172,247,57618
172,248,57619
172,249,57620
172,250,57621
172,251,57622
172,252,57623
172,253,57624
172,254,57625
173,64,29819
173,65,29820
173,66,29821
173,67,29823
173,68,29826
173,69,29828
173,70,29829
173,71,29830
173,72,29832
173,73,29833
173,74,29834
173,75,29836
173,76,29837
173,77,29839
173,78,29841
173,79,29842
173,80,29843
173,81,29844
173,82,29845
173,83,29846
173,84,29847
173,85,29848
173,86,29849
173,87,29850
173,88,29851
173,89,29853
173,90,29855
173,91,29856
173,92,29857
173,93,29858
173,94,29859
173,95,29860
173,96,29861
173,97,29862
173,98,29866
173,99,29867
173,100,29868
173,101,29869
173,102,29870
173,103,29871
173,104,29872
173,105,29873
173,106,29874
173,107,29875
173,108,29876
173,109,29877
173,110,29878
173,111,29879
173,112,29880
173,113,29881
173,114,29883
173,115,29884
173,116,29885
173,117,29886
173,118,29887
173,119,29888
173,120,29889
173,121,29890
173,122,29891
173,123,29892
173,124,29893
173,125,29894
173,126,29895
173,128,29896
173,129,29897
173,130,29898
173,131,29899
173,132,29900
173,133,29901
173,134,29902
173,135,29903
173,136,29904
173,137,29905
173,138,29907
173,139,29908
173,140,29909
173,141,29910
173,142,29911
173,143,29912
173,144,29913
173,145,29914
173,146,29915
173,147,29917
173,148,29919
173,149,29921
173,150,29925
173,151,29927
173,152,29928
173,153,29929
173,154,29930
173,155,29931
173,156,29932
173,157,29933
173,158,29936
173,159,29937
173,160,29938
173,161,57626
173,162,57627
173,163,57628
173,164,57629
173,165,57630
173,166,57631
173,167,57632
173,168,57633
173,169,57634
173,170,57635
173,171,57636
173,172,57637
173,173,57638
173,174,57639
173,175,57640
173,176,57641
173,177,57642
173,178,57643
173,179,57644
173,180,57645
173,181,57646
173,182,57647
173,183,57648
173,184,57649
173,185,57650
173,186,57651
173,187,57652
173,188,57653
173,189,57654
173,190,57655
173,191,57656
173,192,57657
173,193,57658
173,194,57659
173,195,57660
173,196,57661
173,197,57662
173,198,57663
173,199,57664
173,200,57665
173,201,57666
173,202,57667
173,203,57668
173,204,57669
173,205,57670
173,206,57671
173,207,57672
173,208,57673
173,209,57674
173,210,57675
173,211,57676
173,212,57677
173,213,57678
173,214,57679
173,215,57680
173,216,57681
173,217,57682
173,218,57683
173,219,57684
173,220,57685
173,221,57686
173,222,57687
173,223,57688
173,224,57689
173,225,57690
173,226,57691
173,227,57692
173,228,57693
173,229,57694
173,230,57695
173,231,57696
173,232,57697
173,233,57698
173,234,57699
173,235,57700
173,236,57701
173,237,57702
173,238,57703
173,239,57704
173,240,57705
173,241,57706
173,242,57707
173,243,57708
173,244,57709
173,245,57710
173,246,57711
173,247,57712
173,248,57713
173,249,57714
173,250,57715
173,251,57716
173,252,57717
173,253,57718
173,254,57719
174,64,29939
174,65,29941
174,66,29944
174,67,29945
174,68,29946
174,69,29947
174,70,29948
174,71,29949
174,72,29950
174,73,29952
174,74,29953
174,75,29954
174,76,29955
174,77,29957
174,78,29958
174,79,29959
174,80,29960
174,81,29961
174,82,29962
174,83,29963
174,84,29964
174,85,29966
174,86,29968
174,87,29970
174,88,29972
174,89,29973
174,90,29974
174,91,29975
174,92,29979
174,93,29981
174,94,29982
174,95,29984
174,96,29985
174,97,29986
174,98,29987
174,99,29988
174,100,29990
174,101,29991
174,102,29994
174,103,29998
174,104,30004
174,105,30006
174,106,30009
174,107,30012
174,108,30013
174,109,30015
174,110,30017
174,111,30018
174,112,30019
174,113,30020
174,114,30022
174,115,30023
174,116,30025
174,117,30026
174,118,30029
174,119,30032
174,120,30033
174,121,30034
174,122,30035
174,123,30037
174,124,30038
174,125,30039
174,126,30040
174,128,30045
174,129,30046
174,130,30047
174,131,30048
174,132,30049
174,133,30050
174,134,30051
174,135,30052
174,136,30055
174,137,30056
174,138,30057
174,139,30059
174,140,30060
174,141,30061
174,142,30062
174,143,30063
174,144,30064
174,145,30065
174,146,30067
174,147,30069
174,148,30070
174,149,30071
174,150,30074
174,151,30075
174,152,30076
174,153,30077
174,154,30078
174,155,30080
174,156,30081
174,157,30082
174,158,30084
174,159,30085
174,160,30087
174,161,57720
174,162,57721
174,163,57722
174,164,57723
174,165,57724
174,166,57725
174,167,57726
174,168,57727
174,169,57728
174,170,57729
174,171,57730
174,172,57731
174,173,57732
174,174,57733
174,175,57734
174,176,57735
174,177,57736
174,178,57737
174,179,57738
174,180,57739
174,181,57740
174,182,57741
174,183,57742
174,184,57743
174,185,57744
174,186,57745
174,187,57746
174,188,57747
174,189,57748
174,190,57749
174,191,57750
174,192,57751
174,193,57752
174,194,57753
174,195,57754
174,196,57755
174,197,57756
174,198,57757
174,199,57758
174,200,57759
174,201,57760
174,202,57761
174,203,57762
174,204,57763
174,205,57764
174,206,57765
174,207,57766
174,208,57767
174,209,57768
174,210,57769
174,211,57770
174,212,57771
174,213,57772
174,214,57773
174,215,57774
174,216,57775
174,217,57776
174,218,57777
174,219,57778
174,220,57779
174,221,57780
174,222,57781
174,223,57782
174,224,57783
174,225,57784
174,226,57785
174,227,57786
174,228,57787
174,229,57788
174,230,57789
174,231,57790
174,232,57791
174,233,57792
174,234,57793
174,235,57794
174,236,57795
174,237,57796
174,238,57797
174,239,57798
174,240,57799
174,241,57800
174,242,57801
174,243,57802
174,244,57803
174,245,57804
174,246,57805
174,247,57806
174,248,57807
174,249,57808
174,250,57809
174,251,57810
174,252,57811
174,253,57812
174,254,57813
175,64,30088
175,65,30089
175,66,30090
175,67,30092
175,68,30093
175,69,30094
175,70,30096
175,71,30099
175,72,30101
175,73,30104
175,74,30107
175,75,30108
175,76,30110
175,77,30114
175,78,30118
175,79,30119
175,80,30120
175,81,30121
175,82,30122
175,83,30125
175,84,30134
175,85,30135
175,86,30138
175,87,30139
175,88,30143
175,89,30144
175,90,30145
175,91,30150
175,92,30155
175,93,30156
175,94,30158
175,95,30159
175,96,30160
175,97,30161
175,98,30163
175,99,30167
175,100,30169
175,101,30170
175,102,30172
175,103,30173
175,104,30175
175,105,30176
175,106,30177
175,107,30181
175,108,30185
175,109,30188
175,110,30189
175,111,30190
175,112,30191
175,113,30194
175,114,30195
175,115,30197
175,116,30198
175,117,30199
175,118,30200
175,119,30202
175,120,30203
175,121,30205
175,122,30206
175,123,30210
175,124,30212
175,125,30214
175,126,30215
175,128,30216
175,129,30217
175,130,30219
175,131,30221
175,132,30222
175,133,30223
175,134,30225
175,135,30226
175,136,30227
175,137,30228
175,138,30230
175,139,30234
175,140,30236
175,141,30237
175,142,30238
175,143,30241
175,144,30243
175,145,30247
175,146,30248
175,147,30252
175,148,30254
175,149,30255
175,150,30257
175,151,30258
175,152,30262
175,153,30263
175,154,30265
175,155,30266
175,156,30267
175,157,30269
175,158,30273
175,159,30274
175,160,30276
175,161,57814
175,162,57815
175,163,57816
175,164,57817
175,165,57818
175,166,57819
175,167,57820
175,168,57821
175,169,57822
175,170,57823
175,171,57824
175,172,57825
175,173,57826
175,174,57827
175,175,57828
175,176,57829
175,177,57830
175,178,57831
175,179,57832
175,180,57833
175,181,57834
175,182,57835
175,183,57836
175,184,57837
175,185,57838
175,186,57839
175,187,57840
175,188,57841
175,189,57842
175,190,57843
175,191,57844
175,192,57845
175,193,57846
175,194,57847
175,195,57848
175,196,57849
175,197,57850
175,198,57851
175,199,57852
175,200,57853
175,201,57854
175,202,57855
175,203,57856
175,204,57857
175,205,57858
175,206,57859
175,207,57860
175,208,57861
175,209,57862
175,210,57863
175,211,57864
175,212,57865
175,213,57866
175,214,57867
175,215,57868
175,216,57869
175,217,57870
175,218,57871
175,219,57872
175,220,57873
175,221,57874
175,222,57875
175,223,57876
175,224,57877
175,225,57878
175,226,57879
175,227,57880
175,228,57881
175,229,57882
175,230,57883
175,231,57884
175,232,57885
175,233,57886
175,234,57887
175,235,57888
175,236,57889
175,237,57890
175,238,57891
175,239,57892
175,240,57893
175,241,57894
175,242,57895
175,243,57896
175,244,57897
175,245,57898
175,246,57899
175,247,57900
175,248,57901
175,249,57902
175,250,57903
175,251,57904
175,252,57905
175,253,57906
175,254,57907
176,64,30277
176,65,30278
176,66,30279
176,67,30280
176,68,30281
176,69,30282
176,70,30283
176,71,30286
176,72,30287
176,73,30288
176,74,30289
176,75,30290
176,76,30291
176,77,30293
176,78,30295
176,79,30296
176,80,30297
176,81,30298
176,82,30299
176,83,30301
176,84,30303
176,85,30304
176,86,30305
176,87,30306
176,88,30308
176,89,30309
176,90,30310
176,91,30311
176,92,30312
176,93,30313
176,94,30314
176,95,30316
176,96,30317
176,97,30318
176,98,30320
176,99,30321
176,100,30322
176,101,30323
176,102,30324
176,103,30325
176,104,30326
176,105,30327
176,106,30329
176,107,30330
176,108,30332
176,109,30335
176,110,30336
176,111,30337
176,112,30339
176,113,30341
176,114,30345
176,115,30346
176,116,30348
176,117,30349
176,118,30351
176,119,30352
176,120,30354
176,121,30356
176,122,30357
176,123,30359
176,124,30360
176,125,30362
176,126,30363
176,128,30364
176,129,30365
176,130,30366
176,131,30367
176,132,30368
176,133,30369
176,134,30370
176,135,30371
176,136,30373
176,137,30374
176,138,30375
176,139,30376
176,140,30377
176,141,30378
176,142,30379
176,143,30380
176,144,30381
176,145,30383
176,146,30384
176,147,30387
176,148,30389
176,149,30390
176,150,30391
176,151,30392
176,152,30393
176,153,30394
176,154,30395
176,155,30396
176,156,30397
176,157,30398
176,158,30400
176,159,30401
176,160,30403
176,161,21834
176,162,38463
176,163,22467
176,164,25384
176,165,21710
176,166,21769
176,167,21696
176,168,30353
176,169,30284
176,170,34108
176,171,30702
176,172,33406
176,173,30861
176,174,29233
176,175,38552
176,176,38797
176,177,27688
176,178,23433
176,179,20474
176,180,25353
176,181,26263
176,182,23736
176,183,33018
176,184,26696
176,185,32942
176,186,26114
176,187,30414
176,188,20985
176,189,25942
176,190,29100
176,191,32753
176,192,34948
176,193,20658
176,194,22885
176,195,25034
176,196,28595
176,197,33453
176,198,25420
176,199,25170
176,200,21485
176,201,21543
176,202,31494
176,203,20843
176,204,30116
176,205,24052
176,206,25300
176,207,36299
176,208,38774
176,209,25226
176,210,32793
176,211,22365
176,212,38712
176,213,32610
176,214,29240
176,215,30333
176,216,26575
176,217,30334
176,218,25670
176,219,20336
176,220,36133
176,221,25308
176,222,31255
176,223,26001
176,224,29677
176,225,25644
176,226,25203
176,227,33324
176,228,39041
176,229,26495
176,230,29256
176,231,25198
176,232,25292
176,233,20276
176,234,29923
176,235,21322
176,236,21150
176,237,32458
176,238,37030
176,239,24110
176,240,26758
176,241,27036
176,242,33152
176,243,32465
176,244,26834
176,245,30917
176,246,34444
176,247,38225
176,248,20621
176,249,35876
176,250,33502
176,251,32990
176,252,21253
176,253,35090
176,254,21093
177,64,30404
177,65,30407
177,66,30409
177,67,30411
177,68,30412
177,69,30419
177,70,30421
177,71,30425
177,72,30426
177,73,30428
177,74,30429
177,75,30430
177,76,30432
177,77,30433
177,78,30434
177,79,30435
177,80,30436
177,81,30438
177,82,30439
177,83,30440
177,84,30441
177,85,30442
177,86,30443
177,87,30444
177,88,30445
177,89,30448
177,90,30451
177,91,30453
177,92,30454
177,93,30455
177,94,30458
177,95,30459
177,96,30461
177,97,30463
177,98,30464
177,99,30466
177,100,30467
177,101,30469
177,102,30470
177,103,30474
177,104,30476
177,105,30478
177,106,30479
177,107,30480
177,108,30481
177,109,30482
177,110,30483
177,111,30484
177,112,30485
177,113,30486
177,114,30487
177,115,30488
177,116,30491
177,117,30492
177,118,30493
177,119,30494
177,120,30497
177,121,30499
177,122,30500
177,123,30501
177,124,30503
177,125,30506
177,126,30507
177,128,30508
177,129,30510
177,130,30512
177,131,30513
177,132,30514
177,133,30515
177,134,30516
177,135,30521
177,136,30523
177,137,30525
177,138,30526
177,139,30527
177,140,30530
177,141,30532
177,142,30533
177,143,30534
177,144,30536
177,145,30537
177,146,30538
177,147,30539
177,148,30540
177,149,30541
177,150,30542
177,151,30543
177,152,30546
177,153,30547
177,154,30548
177,155,30549
177,156,30550
177,157,30551
177,158,30552
177,159,30553
177,160,30556
177,161,34180
177,162,38649
177,163,20445
177,164,22561
177,165,39281
177,166,23453
177,167,25265
177,168,25253
177,169,26292
177,170,35961
177,171,40077
177,172,29190
177,173,26479
177,174,30865
177,175,24754
177,176,21329
177,177,21271
177,178,36744
177,179,32972
177,180,36125
177,181,38049
177,182,20493
177,183,29384
177,184,22791
177,185,24811
177,186,28953
177,187,34987
177,188,22868
177,189,33519
177,190,26412
177,191,31528
177,192,23849
177,193,32503
177,194,29997
177,195,27893
177,196,36454
177,197,36856
177,198,36924
177,199,40763
177,200,27604
177,201,37145
177,202,31508
177,203,24444
177,204,30887
177,205,34006
177,206,34109
177,207,27605
177,208,27609
177,209,27606
177,210,24065
177,211,24199
177,212,30201
177,213,38381
177,214,25949
177,215,24330
177,216,24517
177,217,36767
177,218,22721
177,219,33218
177,220,36991
177,221,38491
177,222,38829
177,223,36793
177,224,32534
177,225,36140
177,226,25153
177,227,20415
177,228,21464
177,229,21342
177,230,36776
177,231,36777
177,232,36779
177,233,36941
177,234,26631
177,235,24426
177,236,33176
177,237,34920
177,238,40150
177,239,24971
177,240,21035
177,241,30250
177,242,24428
177,243,25996
177,244,28626
177,245,28392
177,246,23486
177,247,25672
177,248,20853
177,249,20912
177,250,26564
177,251,19993
177,252,31177
177,253,39292
177,254,28851
178,64,30557
178,65,30558
178,66,30559
178,67,30560
178,68,30564
178,69,30567
178,70,30569
178,71,30570
178,72,30573
178,73,30574
178,74,30575
178,75,30576
178,76,30577
178,77,30578
178,78,30579
178,79,30580
178,80,30581
178,81,30582
178,82,30583
178,83,30584
178,84,30586
178,85,30587
178,86,30588
178,87,30593
178,88,30594
178,89,30595
178,90,30598
178,91,30599
178,92,30600
178,93,30601
178,94,30602
178,95,30603
178,96,30607
178,97,30608
178,98,30611
178,99,30612
178,100,30613
178,101,30614
178,102,30615
178,103,30616
178,104,30617
178,105,30618
178,106,30619
178,107,30620
178,108,30621
178,109,30622
178,110,30625
178,111,30627
178,112,30628
178,113,30630
178,114,30632
178,115,30635
178,116,30637
178,117,30638
178,118,30639
178,119,30641
178,120,30642
178,121,30644
178,122,30646
178,123,30647
178,124,30648
178,125,30649
178,126,30650
178,128,30652
178,129,30654
178,130,30656
178,131,30657
178,132,30658
178,133,30659
178,134,30660
178,135,30661
178,136,30662
178,137,30663
178,138,30664
178,139,30665
178,140,30666
178,141,30667
178,142,30668
178,143,30670
178,144,30671
178,145,30672
178,146,30673
178,147,30674
178,148,30675
178,149,30676
178,150,30677
178,151,30678
178,152,30680
178,153,30681
178,154,30682
178,155,30685
178,156,30686
178,157,30687
178,158,30688
178,159,30689
178,160,30692
178,161,30149
178,162,24182
178,163,29627
178,164,33760
178,165,25773
178,166,25320
178,167,38069
178,168,27874
178,169,21338
178,170,21187
178,171,25615
178,172,38082
178,173,31636
178,174,20271
178,175,24091
178,176,33334
178,177,33046
178,178,33162
178,179,28196
178,180,27850
178,181,39539
178,182,25429
178,183,21340
178,184,21754
178,185,34917
178,186,22496
178,187,19981
178,188,24067
178,189,27493
178,190,31807
178,191,37096
178,192,24598
178,193,25830
178,194,29468
178,195,35009
178,196,26448
178,197,25165
178,198,36130
178,199,30572
178,200,36393
178,201,37319
178,202,24425
178,203,33756
178,204,34081
178,205,39184
178,206,21442
178,207,34453
178,208,27531
178,209,24813
178,210,24808
178,211,28799
178,212,33485
178,213,33329
178,214,20179
178,215,27815
178,216,34255
178,217,25805
178,218,31961
178,219,27133
178,220,26361
178,221,33609
178,222,21397
178,223,31574
178,224,20391
178,225,20876
178,226,27979
178,227,23618
178,228,36461
178,229,25554
178,230,21449
178,231,33580
178,232,33590
178,233,26597
178,234,30900
178,235,25661
178,236,23519
178,237,23700
178,238,24046
178,239,35815
178,240,25286
178,241,26612
178,242,35962
178,243,25600
178,244,25530
178,245,34633
178,246,39307
178,247,35863
178,248,32544
178,249,38130
178,250,20135
178,251,38416
178,252,39076
178,253,26124
178,254,29462
179,64,30694
179,65,30696
179,66,30698
179,67,30703
179,68,30704
179,69,30705
179,70,30706
179,71,30708
179,72,30709
179,73,30711
179,74,30713
179,75,30714
179,76,30715
179,77,30716
179,78,30723
179,79,30724
179,80,30725
179,81,30726
179,82,30727
179,83,30728
179,84,30730
179,85,30731
179,86,30734
179,87,30735
179,88,30736
179,89,30739
179,90,30741
179,91,30745
179,92,30747
179,93,30750
179,94,30752
179,95,30753
179,96,30754
179,97,30756
179,98,30760
179,99,30762
179,100,30763
179,101,30766
179,102,30767
179,103,30769
179,104,30770
179,105,30771
179,106,30773
179,107,30774
179,108,30781
179,109,30783
179,110,30785
179,111,30786
179,112,30787
179,113,30788
179,114,30790
179,115,30792
179,116,30793
179,117,30794
179,118,30795
179,119,30797
179,120,30799
179,121,30801
179,122,30803
179,123,30804
179,124,30808
179,125,30809
179,126,30810
179,128,30811
179,129,30812
179,130,30814
179,131,30815
179,132,30816
179,133,30817
179,134,30818
179,135,30819
179,136,30820
179,137,30821
179,138,30822
179,139,30823
179,140,30824
179,141,30825
179,142,30831
179,143,30832
179,144,30833
179,145,30834
179,146,30835
179,147,30836
179,148,30837
179,149,30838
179,150,30840
179,151,30841
179,152,30842
179,153,30843
179,154,30845
179,155,30846
179,156,30847
179,157,30848
179,158,30849
179,159,30850
179,160,30851
179,161,22330
179,162,23581
179,163,24120
179,164,38271
179,165,20607
179,166,32928
179,167,21378
179,168,25950
179,169,30021
179,170,21809
179,171,20513
179,172,36229
179,173,25220
179,174,38046
179,175,26397
179,176,22066
179,177,28526
179,178,24034
179,179,21557
179,180,28818
179,181,36710
179,182,25199
179,183,25764
179,184,25507
179,185,24443
179,186,28552
179,187,37108
179,188,33251
179,189,36784
179,190,23576
179,191,26216
179,192,24561
179,193,27785
179,194,38472
179,195,36225
179,196,34924
179,197,25745
179,198,31216
179,199,22478
179,200,27225
179,201,25104
179,202,21576
179,203,20056
179,204,31243
179,205,24809
179,206,28548
179,207,35802
179,208,25215
179,209,36894
179,210,39563
179,211,31204
179,212,21507
179,213,30196
179,214,25345
179,215,21273
179,216,27744
179,217,36831
179,218,24347
179,219,39536
179,220,32827
179,221,40831
179,222,20360
179,223,23610
179,224,36196
179,225,32709
179,226,26021
179,227,28861
179,228,20805
179,229,20914
179,230,34411
179,231,23815
179,232,23456
179,233,25277
179,234,37228
179,235,30068
179,236,36364
179,237,31264
179,238,24833
179,239,31609
179,240,20167
179,241,32504
179,242,30597
179,243,19985
179,244,33261
179,245,21021
179,246,20986
179,247,27249
179,248,21416
179,249,36487
179,250,38148
179,251,38607
179,252,28353
179,253,38500
179,254,26970
180,64,30852
180,65,30853
180,66,30854
180,67,30856
180,68,30858
180,69,30859
180,70,30863
180,71,30864
180,72,30866
180,73,30868
180,74,30869
180,75,30870
180,76,30873
180,77,30877
180,78,30878
180,79,30880
180,80,30882
180,81,30884
180,82,30886
180,83,30888
180,84,30889
180,85,30890
180,86,30891
180,87,30892
180,88,30893
180,89,30894
180,90,30895
180,91,30901
180,92,30902
180,93,30903
180,94,30904
180,95,30906
180,96,30907
180,97,30908
180,98,30909
180,99,30911
180,100,30912
180,101,30914
180,102,30915
180,103,30916
180,104,30918
180,105,30919
180,106,30920
180,107,30924
180,108,30925
180,109,30926
180,110,30927
180,111,30929
180,112,30930
180,113,30931
180,114,30934
180,115,30935
180,116,30936
180,117,30938
180,118,30939
180,119,30940
180,120,30941
180,121,30942
180,122,30943
180,123,30944
180,124,30945
180,125,30946
180,126,30947
180,128,30948
180,129,30949
180,130,30950
180,131,30951
180,132,30953
180,133,30954
180,134,30955
180,135,30957
180,136,30958
180,137,30959
180,138,30960
180,139,30961
180,140,30963
180,141,30965
180,142,30966
180,143,30968
180,144,30969
180,145,30971
180,146,30972
180,147,30973
180,148,30974
180,149,30975
180,150,30976
180,151,30978
180,152,30979
180,153,30980
180,154,30982
180,155,30983
180,156,30984
180,157,30985
180,158,30986
180,159,30987
180,160,30988
180,161,30784
180,162,20648
180,163,30679
180,164,25616
180,165,35302
180,166,22788
180,167,25571
180,168,24029
180,169,31359
180,170,26941
180,171,20256
180,172,33337
180,173,21912
180,174,20018
180,175,30126
180,176,31383
180,177,24162
180,178,24202
180,179,38383
180,180,21019
180,181,21561
180,182,28810
180,183,25462
180,184,38180
180,185,22402
180,186,26149
180,187,26943
180,188,37255
180,189,21767
180,190,28147
180,191,32431
180,192,34850
180,193,25139
180,194,32496
180,195,30133
180,196,33576
180,197,30913
180,198,38604
180,199,36766
180,200,24904
180,201,29943
180,202,35789
180,203,27492
180,204,21050
180,205,36176
180,206,27425
180,207,32874
180,208,33905
180,209,22257
180,210,21254
180,211,20174
180,212,19995
180,213,20945
180,214,31895
180,215,37259
180,216,31751
180,217,20419
180,218,36479
180,219,31713
180,220,31388
180,221,25703
180,222,23828
180,223,20652
180,224,33030
180,225,30209
180,226,31929
180,227,28140
180,228,32736
180,229,26449
180,230,23384
180,231,23544
180,232,30923
180,233,25774
180,234,25619
180,235,25514
180,236,25387
180,237,38169
180,238,25645
180,239,36798
180,240,31572
180,241,30249
180,242,25171
180,243,22823
180,244,21574
180,245,27513
180,246,20643
180,247,25140
180,248,24102
180,249,27526
180,250,20195
180,251,36151
180,252,34955
180,253,24453
180,254,36910
181,64,30989
181,65,30990
181,66,30991
181,67,30992
181,68,30993
181,69,30994
181,70,30996
181,71,30997
181,72,30998
181,73,30999
181,74,31000
181,75,31001
181,76,31002
181,77,31003
181,78,31004
181,79,31005
181,80,31007
181,81,31008
181,82,31009
181,83,31010
181,84,31011
181,85,31013
181,86,31014
181,87,31015
181,88,31016
181,89,31017
181,90,31018
181,91,31019
181,92,31020
181,93,31021
181,94,31022
181,95,31023
181,96,31024
181,97,31025
181,98,31026
181,99,31027
181,100,31029
181,101,31030
181,102,31031
181,103,31032
181,104,31033
181,105,31037
181,106,31039
181,107,31042
181,108,31043
181,109,31044
181,110,31045
181,111,31047
181,112,31050
181,113,31051
181,114,31052
181,115,31053
181,116,31054
181,117,31055
181,118,31056
181,119,31057
181,120,31058
181,121,31060
181,122,31061
181,123,31064
181,124,31065
181,125,31073
181,126,31075
181,128,31076
181,129,31078
181,130,31081
181,131,31082
181,132,31083
181,133,31084
181,134,31086
181,135,31088
181,136,31089
181,137,31090
181,138,31091
181,139,31092
181,140,31093
181,141,31094
181,142,31097
181,143,31099
181,144,31100
181,145,31101
181,146,31102
181,147,31103
181,148,31106
181,149,31107
181,150,31110
181,151,31111
181,152,31112
181,153,31113
181,154,31115
181,155,31116
181,156,31117
181,157,31118
181,158,31120
181,159,31121
181,160,31122
181,161,24608
181,162,32829
181,163,25285
181,164,20025
181,165,21333
181,166,37112
181,167,25528
181,168,32966
181,169,26086
181,170,27694
181,171,20294
181,172,24814
181,173,28129
181,174,35806
181,175,24377
181,176,34507
181,177,24403
181,178,25377
181,179,20826
181,180,33633
181,181,26723
181,182,20992
181,183,25443
181,184,36424
181,185,20498
181,186,23707
181,187,31095
181,188,23548
181,189,21040
181,190,31291
181,191,24764
181,192,36947
181,193,30423
181,194,24503
181,195,24471
181,196,30340
181,197,36460
181,198,28783
181,199,30331
181,200,31561
181,201,30634
181,202,20979
181,203,37011
181,204,22564
181,205,20302
181,206,28404
181,207,36842
181,208,25932
181,209,31515
181,210,29380
181,211,28068
181,212,32735
181,213,23265
181,214,25269
181,215,24213
181,216,22320
181,217,33922
181,218,31532
181,219,24093
181,220,24351
181,221,36882
181,222,32532
181,223,39072
181,224,25474
181,225,28359
181,226,30872
181,227,28857
181,228,20856
181,229,38747
181,230,22443
181,231,30005
181,232,20291
181,233,30008
181,234,24215
181,235,24806
181,236,22880
181,237,28096
181,238,27583
181,239,30857
181,240,21500
181,241,38613
181,242,20939
181,243,20993
181,244,25481
181,245,21514
181,246,38035
181,247,35843
181,248,36300
181,249,29241
181,250,30879
181,251,34678
181,252,36845
181,253,35853
181,254,21472
182,64,31123
182,65,31124
182,66,31125
182,67,31126
182,68,31127
182,69,31128
182,70,31129
182,71,31131
182,72,31132
182,73,31133
182,74,31134
182,75,31135
182,76,31136
182,77,31137
182,78,31138
182,79,31139
182,80,31140
182,81,31141
182,82,31142
182,83,31144
182,84,31145
182,85,31146
182,86,31147
182,87,31148
182,88,31149
182,89,31150
182,90,31151
182,91,31152
182,92,31153
182,93,31154
182,94,31156
182,95,31157
182,96,31158
182,97,31159
182,98,31160
182,99,31164
182,100,31167
182,101,31170
182,102,31172
182,103,31173
182,104,31175
182,105,31176
182,106,31178
182,107,31180
182,108,31182
182,109,31183
182,110,31184
182,111,31187
182,112,31188
182,113,31190
182,114,31191
182,115,31193
182,116,31194
182,117,31195
182,118,31196
182,119,31197
182,120,31198
182,121,31200
182,122,31201
182,123,31202
182,124,31205
182,125,31208
182,126,31210
182,128,31212
182,129,31214
182,130,31217
182,131,31218
182,132,31219
182,133,31220
182,134,31221
182,135,31222
182,136,31223
182,137,31225
182,138,31226
182,139,31228
182,140,31230
182,141,31231
182,142,31233
182,143,31236
182,144,31237
182,145,31239
182,146,31240
182,147,31241
182,148,31242
182,149,31244
182,150,31247
182,151,31248
182,152,31249
182,153,31250
182,154,31251
182,155,31253
182,156,31254
182,157,31256
182,158,31257
182,159,31259
182,160,31260
182,161,19969
182,162,30447
182,163,21486
182,164,38025
182,165,39030
182,166,40718
182,167,38189
182,168,23450
182,169,35746
182,170,20002
182,171,19996
182,172,20908
182,173,33891
182,174,25026
182,175,21160
182,176,26635
182,177,20375
182,178,24683
182,179,20923
182,180,27934
182,181,20828
182,182,25238
182,183,26007
182,184,38497
182,185,35910
182,186,36887
182,187,30168
182,188,37117
182,189,30563
182,190,27602
182,191,29322
182,192,29420
182,193,35835
182,194,22581
182,195,30585
182,196,36172
182,197,26460
182,198,38208
182,199,32922
182,200,24230
182,201,28193
182,202,22930
182,203,31471
182,204,30701
182,205,38203
182,206,27573
182,207,26029
182,208,32526
182,209,22534
182,210,20817
182,211,38431
182,212,23545
182,213,22697
182,214,21544
182,215,36466
182,216,25958
182,217,39039
182,218,22244
182,219,38045
182,220,30462
182,221,36929
182,222,25479
182,223,21702
182,224,22810
182,225,22842
182,226,22427
182,227,36530
182,228,26421
182,229,36346
182,230,33333
182,231,21057
182,232,24816
182,233,22549
182,234,34558
182,235,23784
182,236,40517
182,237,20420
182,238,39069
182,239,35769
182,240,23077
182,241,24694
182,242,21380
182,243,25212
182,244,36943
182,245,37122
182,246,39295
182,247,24681
182,248,32780
182,249,20799
182,250,32819
182,251,23572
182,252,39285
182,253,27953
182,254,20108
183,64,31261
183,65,31263
183,66,31265
183,67,31266
183,68,31268
183,69,31269
183,70,31270
183,71,31271
183,72,31272
183,73,31273
183,74,31274
183,75,31275
183,76,31276
183,77,31277
183,78,31278
183,79,31279
183,80,31280
183,81,31281
183,82,31282
183,83,31284
183,84,31285
183,85,31286
183,86,31288
183,87,31290
183,88,31294
183,89,31296
183,90,31297
183,91,31298
183,92,31299
183,93,31300
183,94,31301
183,95,31303
183,96,31304
183,97,31305
183,98,31306
183,99,31307
183,100,31308
183,101,31309
183,102,31310
183,103,31311
183,104,31312
183,105,31314
183,106,31315
183,107,31316
183,108,31317
183,109,31318
183,110,31320
183,111,31321
183,112,31322
183,113,31323
183,114,31324
183,115,31325
183,116,31326
183,117,31327
183,118,31328
183,119,31329
183,120,31330
183,121,31331
183,122,31332
183,123,31333
183,124,31334
183,125,31335
183,126,31336
183,128,31337
183,129,31338
183,130,31339
183,131,31340
183,132,31341
183,133,31342
183,134,31343
183,135,31345
183,136,31346
183,137,31347
183,138,31349
183,139,31355
183,140,31356
183,141,31357
183,142,31358
183,143,31362
183,144,31365
183,145,31367
183,146,31369
183,147,31370
183,148,31371
183,149,31372
183,150,31374
183,151,31375
183,152,31376
183,153,31379
183,154,31380
183,155,31385
183,156,31386
183,157,31387
183,158,31390
183,159,31393
183,160,31394
183,161,36144
183,162,21457
183,163,32602
183,164,31567
183,165,20240
183,166,20047
183,167,38400
183,168,27861
183,169,29648
183,170,34281
183,171,24070
183,172,30058
183,173,32763
183,174,27146
183,175,30718
183,176,38034
183,177,32321
183,178,20961
183,179,28902
183,180,21453
183,181,36820
183,182,33539
183,183,36137
183,184,29359
183,185,39277
183,186,27867
183,187,22346
183,188,33459
183,189,26041
183,190,32938
183,191,25151
183,192,38450
183,193,22952
183,194,20223
183,195,35775
183,196,32442
183,197,25918
183,198,33778
183,199,38750
183,200,21857
183,201,39134
183,202,32933
183,203,21290
183,204,35837
183,205,21536
183,206,32954
183,207,24223
183,208,27832
183,209,36153
183,210,33452
183,211,37210
183,212,21545
183,213,27675
183,214,20998
183,215,32439
183,216,22367
183,217,28954
183,218,27774
183,219,31881
183,220,22859
183,221,20221
183,222,24575
183,223,24868
183,224,31914
183,225,20016
183,226,23553
183,227,26539
183,228,34562
183,229,23792
183,230,38155
183,231,39118
183,232,30127
183,233,28925
183,234,36898
183,235,20911
183,236,32541
183,237,35773
183,238,22857
183,239,20964
183,240,20315
183,241,21542
183,242,22827
183,243,25975
183,244,32932
183,245,23413
183,246,25206
183,247,25282
183,248,36752
183,249,24133
183,250,27679
183,251,31526
183,252,20239
183,253,20440
183,254,26381
184,64,31395
184,65,31396
184,66,31399
184,67,31401
184,68,31402
184,69,31403
184,70,31406
184,71,31407
184,72,31408
184,73,31409
184,74,31410
184,75,31412
184,76,31413
184,77,31414
184,78,31415
184,79,31416
184,80,31417
184,81,31418
184,82,31419
184,83,31420
184,84,31421
184,85,31422
184,86,31424
184,87,31425
184,88,31426
184,89,31427
184,90,31428
184,91,31429
184,92,31430
184,93,31431
184,94,31432
184,95,31433
184,96,31434
184,97,31436
184,98,31437
184,99,31438
184,100,31439
184,101,31440
184,102,31441
184,103,31442
184,104,31443
184,105,31444
184,106,31445
184,107,31447
184,108,31448
184,109,31450
184,110,31451
184,111,31452
184,112,31453
184,113,31457
184,114,31458
184,115,31460
184,116,31463
184,117,31464
184,118,31465
184,119,31466
184,120,31467
184,121,31468
184,122,31470
184,123,31472
184,124,31473
184,125,31474
184,126,31475
184,128,31476
184,129,31477
184,130,31478
184,131,31479
184,132,31480
184,133,31483
184,134,31484
184,135,31486
184,136,31488
184,137,31489
184,138,31490
184,139,31493
184,140,31495
184,141,31497
184,142,31500
184,143,31501
184,144,31502
184,145,31504
184,146,31506
184,147,31507
184,148,31510
184,149,31511
184,150,31512
184,151,31514
184,152,31516
184,153,31517
184,154,31519
184,155,31521
184,156,31522
184,157,31523
184,158,31527
184,159,31529
184,160,31533
184,161,28014
184,162,28074
184,163,31119
184,164,34993
184,165,24343
184,166,29995
184,167,25242
184,168,36741
184,169,20463
184,170,37340
184,171,26023
184,172,33071
184,173,33105
184,174,24220
184,175,33104
184,176,36212
184,177,21103
184,178,35206
184,179,36171
184,180,22797
184,181,20613
184,182,20184
184,183,38428
184,184,29238
184,185,33145
184,186,36127
184,187,23500
184,188,35747
184,189,38468
184,190,22919
184,191,32538
184,192,21648
184,193,22134
184,194,22030
184,195,35813
184,196,25913
184,197,27010
184,198,38041
184,199,30422
184,200,28297
184,201,24178
184,202,29976
184,203,26438
184,204,26577
184,205,31487
184,206,32925
184,207,36214
184,208,24863
184,209,31174
184,210,25954
184,211,36195
184,212,20872
184,213,21018
184,214,38050
184,215,32568
184,216,32923
184,217,32434
184,218,23703
184,219,28207
184,220,26464
184,221,31705
184,222,30347
184,223,39640
184,224,33167
184,225,32660
184,226,31957
184,227,25630
184,228,38224
184,229,31295
184,230,21578
184,231,21733
184,232,27468
184,233,25601
184,234,25096
184,235,40509
184,236,33011
184,237,30105
184,238,21106
184,239,38761
184,240,33883
184,241,26684
184,242,34532
184,243,38401
184,244,38548
184,245,38124
184,246,20010
184,247,21508
184,248,32473
184,249,26681
184,250,36319
184,251,32789
184,252,26356
184,253,24218
184,254,32697
185,64,31535
185,65,31536
185,66,31538
185,67,31540
185,68,31541
185,69,31542
185,70,31543
185,71,31545
185,72,31547
185,73,31549
185,74,31551
185,75,31552
185,76,31553
185,77,31554
185,78,31555
185,79,31556
185,80,31558
185,81,31560
185,82,31562
185,83,31565
185,84,31566
185,85,31571
185,86,31573
185,87,31575
185,88,31577
185,89,31580
185,90,31582
185,91,31583
185,92,31585
185,93,31587
185,94,31588
185,95,31589
185,96,31590
185,97,31591
185,98,31592
185,99,31593
185,100,31594
185,101,31595
185,102,31596
185,103,31597
185,104,31599
185,105,31600
185,106,31603
185,107,31604
185,108,31606
185,109,31608
185,110,31610
185,111,31612
185,112,31613
185,113,31615
185,114,31617
185,115,31618
185,116,31619
185,117,31620
185,118,31622
185,119,31623
185,120,31624
185,121,31625
185,122,31626
185,123,31627
185,124,31628
185,125,31630
185,126,31631
185,128,31633
185,129,31634
185,130,31635
185,131,31638
185,132,31640
185,133,31641
185,134,31642
185,135,31643
185,136,31646
185,137,31647
185,138,31648
185,139,31651
185,140,31652
185,141,31653
185,142,31662
185,143,31663
185,144,31664
185,145,31666
185,146,31667
185,147,31669
185,148,31670
185,149,31671
185,150,31673
185,151,31674
185,152,31675
185,153,31676
185,154,31677
185,155,31678
185,156,31679
185,157,31680
185,158,31682
185,159,31683
185,160,31684
185,161,22466
185,162,32831
185,163,26775
185,164,24037
185,165,25915
185,166,21151
185,167,24685
185,168,40858
185,169,20379
185,170,36524
185,171,20844
185,172,23467
185,173,24339
185,174,24041
185,175,27742
185,176,25329
185,177,36129
185,178,20849
185,179,38057
185,180,21246
185,181,27807
185,182,33503
185,183,29399
185,184,22434
185,185,26500
185,186,36141
185,187,22815
185,188,36764
185,189,33735
185,190,21653
185,191,31629
185,192,20272
185,193,27837
185,194,23396
185,195,22993
185,196,40723
185,197,21476
185,198,34506
185,199,39592
185,200,35895
185,201,32929
185,202,25925
185,203,39038
185,204,22266
185,205,38599
185,206,21038
185,207,29916
185,208,21072
185,209,23521
185,210,25346
185,211,35074
185,212,20054
185,213,25296
185,214,24618
185,215,26874
185,216,20851
185,217,23448
185,218,20896
185,219,35266
185,220,31649
185,221,39302
185,222,32592
185,223,24815
185,224,28748
185,225,36143
185,226,20809
185,227,24191
185,228,36891
185,229,29808
185,230,35268
185,231,22317
185,232,30789
185,233,24402
185,234,40863
185,235,38394
185,236,36712
185,237,39740
185,238,35809
185,239,30328
185,240,26690
185,241,26588
185,242,36330
185,243,36149
185,244,21053
185,245,36746
185,246,28378
185,247,26829
185,248,38149
185,249,37101
185,250,22269
185,251,26524
185,252,35065
185,253,36807
185,254,21704
186,64,31685
186,65,31688
186,66,31689
186,67,31690
186,68,31691
186,69,31693
186,70,31694
186,71,31695
186,72,31696
186,73,31698
186,74,31700
186,75,31701
186,76,31702
186,77,31703
186,78,31704
186,79,31707
186,80,31708
186,81,31710
186,82,31711
186,83,31712
186,84,31714
186,85,31715
186,86,31716
186,87,31719
186,88,31720
186,89,31721
186,90,31723
186,91,31724
186,92,31725
186,93,31727
186,94,31728
186,95,31730
186,96,31731
186,97,31732
186,98,31733
186,99,31734
186,100,31736
186,101,31737
186,102,31738
186,103,31739
186,104,31741
186,105,31743
186,106,31744
186,107,31745
186,108,31746
186,109,31747
186,110,31748
186,111,31749
186,112,31750
186,113,31752
186,114,31753
186,115,31754
186,116,31757
186,117,31758
186,118,31760
186,119,31761
186,120,31762
186,121,31763
186,122,31764
186,123,31765
186,124,31767
186,125,31768
186,126,31769
186,128,31770
186,129,31771
186,130,31772
186,131,31773
186,132,31774
186,133,31776
186,134,31777
186,135,31778
186,136,31779
186,137,31780
186,138,31781
186,139,31784
186,140,31785
186,141,31787
186,142,31788
186,143,31789
186,144,31790
186,145,31791
186,146,31792
186,147,31793
186,148,31794
186,149,31795
186,150,31796
186,151,31797
186,152,31798
186,153,31799
186,154,31801
186,155,31802
186,156,31803
186,157,31804
186,158,31805
186,159,31806
186,160,31810
186,161,39608
186,162,23401
186,163,28023
186,164,27686
186,165,20133
186,166,23475
186,167,39559
186,168,37219
186,169,25000
186,170,37039
186,171,38889
186,172,21547
186,173,28085
186,174,23506
186,175,20989
186,176,21898
186,177,32597
186,178,32752
186,179,25788
186,180,25421
186,181,26097
186,182,25022
186,183,24717
186,184,28938
186,185,27735
186,186,27721
186,187,22831
186,188,26477
186,189,33322
186,190,22741
186,191,22158
186,192,35946
186,193,27627
186,194,37085
186,195,22909
186,196,32791
186,197,21495
186,198,28009
186,199,21621
186,200,21917
186,201,33655
186,202,33743
186,203,26680
186,204,31166
186,205,21644
186,206,20309
186,207,21512
186,208,30418
186,209,35977
186,210,38402
186,211,27827
186,212,28088
186,213,36203
186,214,35088
186,215,40548
186,216,36154
186,217,22079
186,218,40657
186,219,30165
186,220,24456
186,221,29408
186,222,24680
186,223,21756
186,224,20136
186,225,27178
186,226,34913
186,227,24658
186,228,36720
186,229,21700
186,230,28888
186,231,34425
186,232,40511
186,233,27946
186,234,23439
186,235,24344
186,236,32418
186,237,21897
186,238,20399
186,239,29492
186,240,21564
186,241,21402
186,242,20505
186,243,21518
186,244,21628
186,245,20046
186,246,24573
186,247,29786
186,248,22774
186,249,33899
186,250,32993
186,251,34676
186,252,29392
186,253,31946
186,254,28246
187,64,31811
187,65,31812
187,66,31813
187,67,31814
187,68,31815
187,69,31816
187,70,31817
187,71,31818
187,72,31819
187,73,31820
187,74,31822
187,75,31823
187,76,31824
187,77,31825
187,78,31826
187,79,31827
187,80,31828
187,81,31829
187,82,31830
187,83,31831
187,84,31832
187,85,31833
187,86,31834
187,87,31835
187,88,31836
187,89,31837
187,90,31838
187,91,31839
187,92,31840
187,93,31841
187,94,31842
187,95,31843
187,96,31844
187,97,31845
187,98,31846
187,99,31847
187,100,31848
187,101,31849
187,102,31850
187,103,31851
187,104,31852
187,105,31853
187,106,31854
187,107,31855
187,108,31856
187,109,31857
187,110,31858
187,111,31861
187,112,31862
187,113,31863
187,114,31864
187,115,31865
187,116,31866
187,117,31870
187,118,31871
187,119,31872
187,120,31873
187,121,31874
187,122,31875
187,123,31876
187,124,31877
187,125,31878
187,126,31879
187,128,31880
187,129,31882
187,130,31883
187,131,31884
187,132,31885
187,133,31886
187,134,31887
187,135,31888
187,136,31891
187,137,31892
187,138,31894
187,139,31897
187,140,31898
187,141,31899
187,142,31904
187,143,31905
187,144,31907
187,145,31910
187,146,31911
187,147,31912
187,148,31913
187,149,31915
187,150,31916
187,151,31917
187,152,31919
187,153,31920
187,154,31924
187,155,31925
187,156,31926
187,157,31927
187,158,31928
187,159,31930
187,160,31931
187,161,24359
187,162,34382
187,163,21804
187,164,25252
187,165,20114
187,166,27818
187,167,25143
187,168,33457
187,169,21719
187,170,21326
187,171,29502
187,172,28369
187,173,30011
187,174,21010
187,175,21270
187,176,35805
187,177,27088
187,178,24458
187,179,24576
187,180,28142
187,181,22351
187,182,27426
187,183,29615
187,184,26707
187,185,36824
187,186,32531
187,187,25442
187,188,24739
187,189,21796
187,190,30186
187,191,35938
187,192,28949
187,193,28067
187,194,23462
187,195,24187
187,196,33618
187,197,24908
187,198,40644
187,199,30970
187,200,34647
187,201,31783
187,202,30343
187,203,20976
187,204,24822
187,205,29004
187,206,26179
187,207,24140
187,208,24653
187,209,35854
187,210,28784
187,211,25381
187,212,36745
187,213,24509
187,214,24674
187,215,34516
187,216,22238
187,217,27585
187,218,24724
187,219,24935
187,220,21321
187,221,24800
187,222,26214
187,223,36159
187,224,31229
187,225,20250
187,226,28905
187,227,27719
187,228,35763
187,229,35826
187,230,32472
187,231,33636
187,232,26127
187,233,23130
187,234,39746
187,235,27985
187,236,28151
187,237,35905
187,238,27963
187,239,20249
187,240,28779
187,241,33719
187,242,25110
187,243,24785
187,244,38669
187,245,36135
187,246,31096
187,247,20987
187,248,22334
187,249,22522
187,250,26426
187,251,30072
187,252,31293
187,253,31215
187,254,31637
188,64,31935
188,65,31936
188,66,31938
188,67,31939
188,68,31940
188,69,31942
188,70,31945
188,71,31947
188,72,31950
188,73,31951
188,74,31952
188,75,31953
188,76,31954
188,77,31955
188,78,31956
188,79,31960
188,80,31962
188,81,31963
188,82,31965
188,83,31966
188,84,31969
188,85,31970
188,86,31971
188,87,31972
188,88,31973
188,89,31974
188,90,31975
188,91,31977
188,92,31978
188,93,31979
188,94,31980
188,95,31981
188,96,31982
188,97,31984
188,98,31985
188,99,31986
188,100,31987
188,101,31988
188,102,31989
188,103,31990
188,104,31991
188,105,31993
188,106,31994
188,107,31996
188,108,31997
188,109,31998
188,110,31999
188,111,32000
188,112,32001
188,113,32002
188,114,32003
188,115,32004
188,116,32005
188,117,32006
188,118,32007
188,119,32008
188,120,32009
188,121,32011
188,122,32012
188,123,32013
188,124,32014
188,125,32015
188,126,32016
188,128,32017
188,129,32018
188,130,32019
188,131,32020
188,132,32021
188,133,32022
188,134,32023
188,135,32024
188,136,32025
188,137,32026
188,138,32027
188,139,32028
188,140,32029
188,141,32030
188,142,32031
188,143,32033
188,144,32035
188,145,32036
188,146,32037
188,147,32038
188,148,32040
188,149,32041
188,150,32042
188,151,32044
188,152,32045
188,153,32046
188,154,32048
188,155,32049
188,156,32050
188,157,32051
188,158,32052
188,159,32053
188,160,32054
188,161,32908
188,162,39269
188,163,36857
188,164,28608
188,165,35749
188,166,40481
188,167,23020
188,168,32489
188,169,32521
188,170,21513
188,171,26497
188,172,26840
188,173,36753
188,174,31821
188,175,38598
188,176,21450
188,177,24613
188,178,30142
188,179,27762
188,180,21363
188,181,23241
188,182,32423
188,183,25380
188,184,20960
188,185,33034
188,186,24049
188,187,34015
188,188,25216
188,189,20864
188,190,23395
188,191,20238
188,192,31085
188,193,21058
188,194,24760
188,195,27982
188,196,23492
188,197,23490
188,198,35745
188,199,35760
188,200,26082
188,201,24524
188,202,38469
188,203,22931
188,204,32487
188,205,32426
188,206,22025
188,207,26551
188,208,22841
188,209,20339
188,210,23478
188,211,21152
188,212,33626
188,213,39050
188,214,36158
188,215,30002
188,216,38078
188,217,20551
188,218,31292
188,219,20215
188,220,26550
188,221,39550
188,222,23233
188,223,27516
188,224,30417
188,225,22362
188,226,23574
188,227,31546
188,228,38388
188,229,29006
188,230,20860
188,231,32937
188,232,33392
188,233,22904
188,234,32516
188,235,33575
188,236,26816
188,237,26604
188,238,30897
188,239,30839
188,240,25315
188,241,25441
188,242,31616
188,243,20461
188,244,21098
188,245,20943
188,246,33616
188,247,27099
188,248,37492
188,249,36341
188,250,36145
188,251,35265
188,252,38190
188,253,31661
188,254,20214
189,64,32055
189,65,32056
189,66,32057
189,67,32058
189,68,32059
189,69,32060
189,70,32061
189,71,32062
189,72,32063
189,73,32064
189,74,32065
189,75,32066
189,76,32067
189,77,32068
189,78,32069
189,79,32070
189,80,32071
189,81,32072
189,82,32073
189,83,32074
189,84,32075
189,85,32076
189,86,32077
189,87,32078
189,88,32079
189,89,32080
189,90,32081
189,91,32082
189,92,32083
189,93,32084
189,94,32085
189,95,32086
189,96,32087
189,97,32088
189,98,32089
189,99,32090
189,100,32091
189,101,32092
189,102,32093
189,103,32094
189,104,32095
189,105,32096
189,106,32097
189,107,32098
189,108,32099
189,109,32100
189,110,32101
189,111,32102
189,112,32103
189,113,32104
189,114,32105
189,115,32106
189,116,32107
189,117,32108
189,118,32109
189,119,32111
189,120,32112
189,121,32113
189,122,32114
189,123,32115
189,124,32116
189,125,32117
189,126,32118
189,128,32120
189,129,32121
189,130,32122
189,131,32123
189,132,32124
189,133,32125
189,134,32126
189,135,32127
189,136,32128
189,137,32129
189,138,32130
189,139,32131
189,140,32132
189,141,32133
189,142,32134
189,143,32135
189,144,32136
189,145,32137
189,146,32138
189,147,32139
189,148,32140
189,149,32141
189,150,32142
189,151,32143
189,152,32144
189,153,32145
189,154,32146
189,155,32147
189,156,32148
189,157,32149
189,158,32150
189,159,32151
189,160,32152
189,161,20581
189,162,33328
189,163,21073
189,164,39279
189,165,28176
189,166,28293
189,167,28071
189,168,24314
189,169,20725
189,170,23004
189,171,23558
189,172,27974
189,173,27743
189,174,30086
189,175,33931
189,176,26728
189,177,22870
189,178,35762
189,179,21280
189,180,37233
189,181,38477
189,182,34121
189,183,26898
189,184,30977
189,185,28966
189,186,33014
189,187,20132
189,188,37066
189,189,27975
189,190,39556
189,191,23047
189,192,22204
189,193,25605
189,194,38128
189,195,30699
189,196,20389
189,197,33050
189,198,29409
189,199,35282
189,200,39290
189,201,32564
189,202,32478
189,203,21119
189,204,25945
189,205,37237
189,206,36735
189,207,36739
189,208,21483
189,209,31382
189,210,25581
189,211,25509
189,212,30342
189,213,31224
189,214,34903
189,215,38454
189,216,25130
189,217,21163
189,218,33410
189,219,26708
189,220,26480
189,221,25463
189,222,30571
189,223,31469
189,224,27905
189,225,32467
189,226,35299
189,227,22992
189,228,25106
189,229,34249
189,230,33445
189,231,30028
189,232,20511
189,233,20171
189,234,30117
189,235,35819
189,236,23626
189,237,24062
189,238,31563
189,239,26020
189,240,37329
189,241,20170
189,242,27941
189,243,35167
189,244,32039
189,245,38182
189,246,20165
189,247,35880
189,248,36827
189,249,38771
189,250,26187
189,251,31105
189,252,36817
189,253,28908
189,254,28024
190,64,32153
190,65,32154
190,66,32155
190,67,32156
190,68,32157
190,69,32158
190,70,32159
190,71,32160
190,72,32161
190,73,32162
190,74,32163
190,75,32164
190,76,32165
190,77,32167
190,78,32168
190,79,32169
190,80,32170
190,81,32171
190,82,32172
190,83,32173
190,84,32175
190,85,32176
190,86,32177
190,87,32178
190,88,32179
190,89,32180
190,90,32181
190,91,32182
190,92,32183
190,93,32184
190,94,32185
190,95,32186
190,96,32187
190,97,32188
190,98,32189
190,99,32190
190,100,32191
190,101,32192
190,102,32193
190,103,32194
190,104,32195
190,105,32196
190,106,32197
190,107,32198
190,108,32199
190,109,32200
190,110,32201
190,111,32202
190,112,32203
190,113,32204
190,114,32205
190,115,32206
190,116,32207
190,117,32208
190,118,32209
190,119,32210
190,120,32211
190,121,32212
190,122,32213
190,123,32214
190,124,32215
190,125,32216
190,126,32217
190,128,32218
190,129,32219
190,130,32220
190,131,32221
190,132,32222
190,133,32223
190,134,32224
190,135,32225
190,136,32226
190,137,32227
190,138,32228
190,139,32229
190,140,32230
190,141,32231
190,142,32232
190,143,32233
190,144,32234
190,145,32235
190,146,32236
190,147,32237
190,148,32238
190,149,32239
190,150,32240
190,151,32241
190,152,32242
190,153,32243
190,154,32244
190,155,32245
190,156,32246
190,157,32247
190,158,32248
190,159,32249
190,160,32250
190,161,23613
190,162,21170
190,163,33606
190,164,20834
190,165,33550
190,166,30555
190,167,26230
190,168,40120
190,169,20140
190,170,24778
190,171,31934
190,172,31923
190,173,32463
190,174,20117
190,175,35686
190,176,26223
190,177,39048
190,178,38745
190,179,22659
190,180,25964
190,181,38236
190,182,24452
190,183,30153
190,184,38742
190,185,31455
190,186,31454
190,187,20928
190,188,28847
190,189,31384
190,190,25578
190,191,31350
190,192,32416
190,193,29590
190,194,38893
190,195,20037
190,196,28792
190,197,20061
190,198,37202
190,199,21417
190,200,25937
190,201,26087
190,202,33276
190,203,33285
190,204,21646
190,205,23601
190,206,30106
190,207,38816
190,208,25304
190,209,29401
190,210,30141
190,211,23621
190,212,39545
190,213,33738
190,214,23616
190,215,21632
190,216,30697
190,217,20030
190,218,27822
190,219,32858
190,220,25298
190,221,25454
190,222,24040
190,223,20855
190,224,36317
190,225,36382
190,226,38191
190,227,20465
190,228,21477
190,229,24807
190,230,28844
190,231,21095
190,232,25424
190,233,40515
190,234,23071
190,235,20518
190,236,30519
190,237,21367
190,238,32482
190,239,25733
190,240,25899
190,241,25225
190,242,25496
190,243,20500
190,244,29237
190,245,35273
190,246,20915
190,247,35776
190,248,32477
190,249,22343
190,250,33740
190,251,38055
190,252,20891
190,253,21531
190,254,23803
191,64,32251
191,65,32252
191,66,32253
191,67,32254
191,68,32255
191,69,32256
191,70,32257
191,71,32258
191,72,32259
191,73,32260
191,74,32261
191,75,32262
191,76,32263
191,77,32264
191,78,32265
191,79,32266
191,80,32267
191,81,32268
191,82,32269
191,83,32270
191,84,32271
191,85,32272
191,86,32273
191,87,32274
191,88,32275
191,89,32276
191,90,32277
191,91,32278
191,92,32279
191,93,32280
191,94,32281
191,95,32282
191,96,32283
191,97,32284
191,98,32285
191,99,32286
191,100,32287
191,101,32288
191,102,32289
191,103,32290
191,104,32291
191,105,32292
191,106,32293
191,107,32294
191,108,32295
191,109,32296
191,110,32297
191,111,32298
191,112,32299
191,113,32300
191,114,32301
191,115,32302
191,116,32303
191,117,32304
191,118,32305
191,119,32306
191,120,32307
191,121,32308
191,122,32309
191,123,32310
191,124,32311
191,125,32312
191,126,32313
191,128,32314
191,129,32316
191,130,32317
191,131,32318
191,132,32319
191,133,32320
191,134,32322
191,135,32323
191,136,32324
191,137,32325
191,138,32326
191,139,32328
191,140,32329
191,141,32330
191,142,32331
191,143,32332
191,144,32333
191,145,32334
191,146,32335
191,147,32336
191,148,32337
191,149,32338
191,150,32339
191,151,32340
191,152,32341
191,153,32342
191,154,32343
191,155,32344
191,156,32345
191,157,32346
191,158,32347
191,159,32348
191,160,32349
191,161,20426
191,162,31459
191,163,27994
191,164,37089
191,165,39567
191,166,21888
191,167,21654
191,168,21345
191,169,21679
191,170,24320
191,171,25577
191,172,26999
191,173,20975
191,174,24936
191,175,21002
191,176,22570
191,177,21208
191,178,22350
191,179,30733
191,180,30475
191,181,24247
191,182,24951
191,183,31968
191,184,25179
191,185,25239
191,186,20130
191,187,28821
191,188,32771
191,189,25335
191,190,28900
191,191,38752
191,192,22391
191,193,33499
191,194,26607
191,195,26869
191,196,30933
191,197,39063
191,198,31185
191,199,22771
191,200,21683
191,201,21487
191,202,28212
191,203,20811
191,204,21051
191,205,23458
191,206,35838
191,207,32943
191,208,21827
191,209,22438
191,210,24691
191,211,22353
191,212,21549
191,213,31354
191,214,24656
191,215,23380
191,216,25511
191,217,25248
191,218,21475
191,219,25187
191,220,23495
191,221,26543
191,222,21741
191,223,31391
191,224,33510
191,225,37239
191,226,24211
191,227,35044
191,228,22840
191,229,22446
191,230,25358
191,231,36328
191,232,33007
191,233,22359
191,234,31607
191,235,20393
191,236,24555
191,237,23485
191,238,27454
191,239,21281
191,240,31568
191,241,29378
191,242,26694
191,243,30719
191,244,30518
191,245,26103
191,246,20917
191,247,20111
191,248,30420
191,249,23743
191,250,31397
191,251,33909
191,252,22862
191,253,39745
191,254,20608
192,64,32350
192,65,32351
192,66,32352
192,67,32353
192,68,32354
192,69,32355
192,70,32356
192,71,32357
192,72,32358
192,73,32359
192,74,32360
192,75,32361
192,76,32362
192,77,32363
192,78,32364
192,79,32365
192,80,32366
192,81,32367
192,82,32368
192,83,32369
192,84,32370
192,85,32371
192,86,32372
192,87,32373
192,88,32374
192,89,32375
192,90,32376
192,91,32377
192,92,32378
192,93,32379
192,94,32380
192,95,32381
192,96,32382
192,97,32383
192,98,32384
192,99,32385
192,100,32387
192,101,32388
192,102,32389
192,103,32390
192,104,32391
192,105,32392
192,106,32393
192,107,32394
192,108,32395
192,109,32396
192,110,32397
192,111,32398
192,112,32399
192,113,32400
192,114,32401
192,115,32402
192,116,32403
192,117,32404
192,118,32405
192,119,32406
192,120,32407
192,121,32408
192,122,32409
192,123,32410
192,124,32412
192,125,32413
192,126,32414
192,128,32430
192,129,32436
192,130,32443
192,131,32444
192,132,32470
192,133,32484
192,134,32492
192,135,32505
192,136,32522
192,137,32528
192,138,32542
192,139,32567
192,140,32569
192,141,32571
192,142,32572
192,143,32573
192,144,32574
192,145,32575
192,146,32576
192,147,32577
192,148,32579
192,149,32582
192,150,32583
192,151,32584
192,152,32585
192,153,32586
192,154,32587
192,155,32588
192,156,32589
192,157,32590
192,158,32591
192,159,32594
192,160,32595
192,161,39304
192,162,24871
192,163,28291
192,164,22372
192,165,26118
192,166,25414
192,167,22256
192,168,25324
192,169,25193
192,170,24275
192,171,38420
192,172,22403
192,173,25289
192,174,21895
192,175,34593
192,176,33098
192,177,36771
192,178,21862
192,179,33713
192,180,26469
192,181,36182
192,182,34013
192,183,23146
192,184,26639
192,185,25318
192,186,31726
192,187,38417
192,188,20848
192,189,28572
192,190,35888
192,191,25597
192,192,35272
192,193,25042
192,194,32518
192,195,28866
192,196,28389
192,197,29701
192,198,27028
192,199,29436
192,200,24266
192,201,37070
192,202,26391
192,203,28010
192,204,25438
192,205,21171
192,206,29282
192,207,32769
192,208,20332
192,209,23013
192,210,37226
192,211,28889
192,212,28061
192,213,21202
192,214,20048
192,215,38647
192,216,38253
192,217,34174
192,218,30922
192,219,32047
192,220,20769
192,221,22418
192,222,25794
192,223,32907
192,224,31867
192,225,27882
192,226,26865
192,227,26974
192,228,20919
192,229,21400
192,230,26792
192,231,29313
192,232,40654
192,233,31729
192,234,29432
192,235,31163
192,236,28435
192,237,29702
192,238,26446
192,239,37324
192,240,40100
192,241,31036
192,242,33673
192,243,33620
192,244,21519
192,245,26647
192,246,20029
192,247,21385
192,248,21169
192,249,30782
192,250,21382
192,251,21033
192,252,20616
192,253,20363
192,254,20432
193,64,32598
193,65,32601
193,66,32603
193,67,32604
193,68,32605
193,69,32606
193,70,32608
193,71,32611
193,72,32612
193,73,32613
193,74,32614
193,75,32615
193,76,32619
193,77,32620
193,78,32621
193,79,32623
193,80,32624
193,81,32627
193,82,32629
193,83,32630
193,84,32631
193,85,32632
193,86,32634
193,87,32635
193,88,32636
193,89,32637
193,90,32639
193,91,32640
193,92,32642
193,93,32643
193,94,32644
193,95,32645
193,96,32646
193,97,32647
193,98,32648
193,99,32649
193,100,32651
193,101,32653
193,102,32655
193,103,32656
193,104,32657
193,105,32658
193,106,32659
193,107,32661
193,108,32662
193,109,32663
193,110,32664
193,111,32665
193,112,32667
193,113,32668
193,114,32672
193,115,32674
193,116,32675
193,117,32677
193,118,32678
193,119,32680
193,120,32681
193,121,32682
193,122,32683
193,123,32684
193,124,32685
193,125,32686
193,126,32689
193,128,32691
193,129,32692
193,130,32693
193,131,32694
193,132,32695
193,133,32698
193,134,32699
193,135,32702
193,136,32704
193,137,32706
193,138,32707
193,139,32708
193,140,32710
193,141,32711
193,142,32712
193,143,32713
193,144,32715
193,145,32717
193,146,32719
193,147,32720
193,148,32721
193,149,32722
193,150,32723
193,151,32726
193,152,32727
193,153,32729
193,154,32730
193,155,32731
193,156,32732
193,157,32733
193,158,32734
193,159,32738
193,160,32739
193,161,30178
193,162,31435
193,163,31890
193,164,27813
193,165,38582
193,166,21147
193,167,29827
193,168,21737
193,169,20457
193,170,32852
193,171,33714
193,172,36830
193,173,38256
193,174,24265
193,175,24604
193,176,28063
193,177,24088
193,178,25947
193,179,33080
193,180,38142
193,181,24651
193,182,28860
193,183,32451
193,184,31918
193,185,20937
193,186,26753
193,187,31921
193,188,33391
193,189,20004
193,190,36742
193,191,37327
193,192,26238
193,193,20142
193,194,35845
193,195,25769
193,196,32842
193,197,20698
193,198,30103
193,199,29134
193,200,23525
193,201,36797
193,202,28518
193,203,20102
193,204,25730
193,205,38243
193,206,24278
193,207,26009
193,208,21015
193,209,35010
193,210,28872
193,211,21155
193,212,29454
193,213,29747
193,214,26519
193,215,30967
193,216,38678
193,217,20020
193,218,37051
193,219,40158
193,220,28107
193,221,20955
193,222,36161
193,223,21533
193,224,25294
193,225,29618
193,226,33777
193,227,38646
193,228,40836
193,229,38083
193,230,20278
193,231,32666
193,232,20940
193,233,28789
193,234,38517
193,235,23725
193,236,39046
193,237,21478
193,238,20196
193,239,28316
193,240,29705
193,241,27060
193,242,30827
193,243,39311
193,244,30041
193,245,21016
193,246,30244
193,247,27969
193,248,26611
193,249,20845
193,250,40857
193,251,32843
193,252,21657
193,253,31548
193,254,31423
194,64,32740
194,65,32743
194,66,32744
194,67,32746
194,68,32747
194,69,32748
194,70,32749
194,71,32751
194,72,32754
194,73,32756
194,74,32757
194,75,32758
194,76,32759
194,77,32760
194,78,32761
194,79,32762
194,80,32765
194,81,32766
194,82,32767
194,83,32770
194,84,32775
194,85,32776
194,86,32777
194,87,32778
194,88,32782
194,89,32783
194,90,32785
194,91,32787
194,92,32794
194,93,32795
194,94,32797
194,95,32798
194,96,32799
194,97,32801
194,98,32803
194,99,32804
194,100,32811
194,101,32812
194,102,32813
194,103,32814
194,104,32815
194,105,32816
194,106,32818
194,107,32820
194,108,32825
194,109,32826
194,110,32828
194,111,32830
194,112,32832
194,113,32833
194,114,32836
194,115,32837
194,116,32839
194,117,32840
194,118,32841
194,119,32846
194,120,32847
194,121,32848
194,122,32849
194,123,32851
194,124,32853
194,125,32854
194,126,32855
194,128,32857
194,129,32859
194,130,32860
194,131,32861
194,132,32862
194,133,32863
194,134,32864
194,135,32865
194,136,32866
194,137,32867
194,138,32868
194,139,32869
194,140,32870
194,141,32871
194,142,32872
194,143,32875
194,144,32876
194,145,32877
194,146,32878
194,147,32879
194,148,32880
194,149,32882
194,150,32883
194,151,32884
194,152,32885
194,153,32886
194,154,32887
194,155,32888
194,156,32889
194,157,32890
194,158,32891
194,159,32892
194,160,32893
194,161,38534
194,162,22404
194,163,25314
194,164,38471
194,165,27004
194,166,23044
194,167,25602
194,168,31699
194,169,28431
194,170,38475
194,171,33446
194,172,21346
194,173,39045
194,174,24208
194,175,28809
194,176,25523
194,177,21348
194,178,34383
194,179,40065
194,180,40595
194,181,30860
194,182,38706
194,183,36335
194,184,36162
194,185,40575
194,186,28510
194,187,31108
194,188,24405
194,189,38470
194,190,25134
194,191,39540
194,192,21525
194,193,38109
194,194,20387
194,195,26053
194,196,23653
194,197,23649
194,198,32533
194,199,34385
194,200,27695
194,201,24459
194,202,29575
194,203,28388
194,204,32511
194,205,23782
194,206,25371
194,207,23402
194,208,28390
194,209,21365
194,210,20081
194,211,25504
194,212,30053
194,213,25249
194,214,36718
194,215,20262
194,216,20177
194,217,27814
194,218,32438
194,219,35770
194,220,33821
194,221,34746
194,222,32599
194,223,36923
194,224,38179
194,225,31657
194,226,39585
194,227,35064
194,228,33853
194,229,27931
194,230,39558
194,231,32476
194,232,22920
194,233,40635
194,234,29595
194,235,30721
194,236,34434
194,237,39532
194,238,39554
194,239,22043
194,240,21527
194,241,22475
194,242,20080
194,243,40614
194,244,21334
194,245,36808
194,246,33033
194,247,30610
194,248,39314
194,249,34542
194,250,28385
194,251,34067
194,252,26364
194,253,24930
194,254,28459
195,64,32894
195,65,32897
195,66,32898
195,67,32901
195,68,32904
195,69,32906
195,70,32909
195,71,32910
195,72,32911
195,73,32912
195,74,32913
195,75,32914
195,76,32916
195,77,32917
195,78,32919
195,79,32921
195,80,32926
195,81,32931
195,82,32934
195,83,32935
195,84,32936
195,85,32940
195,86,32944
195,87,32947
195,88,32949
195,89,32950
195,90,32952
195,91,32953
195,92,32955
195,93,32965
195,94,32967
195,95,32968
195,96,32969
195,97,32970
195,98,32971
195,99,32975
195,100,32976
195,101,32977
195,102,32978
195,103,32979
195,104,32980
195,105,32981
195,106,32984
195,107,32991
195,108,32992
195,109,32994
195,110,32995
195,111,32998
195,112,33006
195,113,33013
195,114,33015
195,115,33017
195,116,33019
195,117,33022
195,118,33023
195,119,33024
195,120,33025
195,121,33027
195,122,33028
195,123,33029
195,124,33031
195,125,33032
195,126,33035
195,128,33036
195,129,33045
195,130,33047
195,131,33049
195,132,33051
195,133,33052
195,134,33053
195,135,33055
195,136,33056
195,137,33057
195,138,33058
195,139,33059
195,140,33060
195,141,33061
195,142,33062
195,143,33063
195,144,33064
195,145,33065
195,146,33066
195,147,33067
195,148,33069
195,149,33070
195,150,33072
195,151,33075
195,152,33076
195,153,33077
195,154,33079
195,155,33081
195,156,33082
195,157,33083
195,158,33084
195,159,33085
195,160,33087
195,161,35881
195,162,33426
195,163,33579
195,164,30450
195,165,27667
195,166,24537
195,167,33725
195,168,29483
195,169,33541
195,170,38170
195,171,27611
195,172,30683
195,173,38086
195,174,21359
195,175,33538
195,176,20882
195,177,24125
195,178,35980
195,179,36152
195,180,20040
195,181,29611
195,182,26522
195,183,26757
195,184,37238
195,185,38665
195,186,29028
195,187,27809
195,188,30473
195,189,23186
195,190,38209
195,191,27599
195,192,32654
195,193,26151
195,194,23504
195,195,22969
195,196,23194
195,197,38376
195,198,38391
195,199,20204
195,200,33804
195,201,33945
195,202,27308
195,203,30431
195,204,38192
195,205,29467
195,206,26790
195,207,23391
195,208,30511
195,209,37274
195,210,38753
195,211,31964
195,212,36855
195,213,35868
195,214,24357
195,215,31859
195,216,31192
195,217,35269
195,218,27852
195,219,34588
195,220,23494
195,221,24130
195,222,26825
195,223,30496
195,224,32501
195,225,20885
195,226,20813
195,227,21193
195,228,23081
195,229,32517
195,230,38754
195,231,33495
195,232,25551
195,233,30596
195,234,34256
195,235,31186
195,236,28218
195,237,24217
195,238,22937
195,239,34065
195,240,28781
195,241,27665
195,242,25279
195,243,30399
195,244,25935
195,245,24751
195,246,38397
195,247,26126
195,248,34719
195,249,40483
195,250,38125
195,251,21517
195,252,21629
195,253,35884
195,254,25720
196,64,33088
196,65,33089
196,66,33090
196,67,33091
196,68,33092
196,69,33093
196,70,33095
196,71,33097
196,72,33101
196,73,33102
196,74,33103
196,75,33106
196,76,33110
196,77,33111
196,78,33112
196,79,33115
196,80,33116
196,81,33117
196,82,33118
196,83,33119
196,84,33121
196,85,33122
196,86,33123
196,87,33124
196,88,33126
196,89,33128
196,90,33130
196,91,33131
196,92,33132
196,93,33135
196,94,33138
196,95,33139
196,96,33141
196,97,33142
196,98,33143
196,99,33144
196,100,33153
196,101,33155
196,102,33156
196,103,33157
196,104,33158
196,105,33159
196,106,33161
196,107,33163
196,108,33164
196,109,33165
196,110,33166
196,111,33168
196,112,33170
196,113,33171
196,114,33172
196,115,33173
196,116,33174
196,117,33175
196,118,33177
196,119,33178
196,120,33182
196,121,33183
196,122,33184
196,123,33185
196,124,33186
196,125,33188
196,126,33189
196,128,33191
196,129,33193
196,130,33195
196,131,33196
196,132,33197
196,133,33198
196,134,33199
196,135,33200
196,136,33201
196,137,33202
196,138,33204
196,139,33205
196,140,33206
196,141,33207
196,142,33208
196,143,33209
196,144,33212
196,145,33213
196,146,33214
196,147,33215
196,148,33220
196,149,33221
196,150,33223
196,151,33224
196,152,33225
196,153,33227
196,154,33229
196,155,33230
196,156,33231
196,157,33232
196,158,33233
196,159,33234
196,160,33235
196,161,25721
196,162,34321
196,163,27169
196,164,33180
196,165,30952
196,166,25705
196,167,39764
196,168,25273
196,169,26411
196,170,33707
196,171,22696
196,172,40664
196,173,27819
196,174,28448
196,175,23518
196,176,38476
196,177,35851
196,178,29279
196,179,26576
196,180,25287
196,181,29281
196,182,20137
196,183,22982
196,184,27597
196,185,22675
196,186,26286
196,187,24149
196,188,21215
196,189,24917
196,190,26408
196,191,30446
196,192,30566
196,193,29287
196,194,31302
196,195,25343
196,196,21738
196,197,21584
196,198,38048
196,199,37027
196,200,23068
196,201,32435
196,202,27670
196,203,20035
196,204,22902
196,205,32784
196,206,22856
196,207,21335
196,208,30007
196,209,38590
196,210,22218
196,211,25376
196,212,33041
196,213,24700
196,214,38393
196,215,28118
196,216,21602
196,217,39297
196,218,20869
196,219,23273
196,220,33021
196,221,22958
196,222,38675
196,223,20522
196,224,27877
196,225,23612
196,226,25311
196,227,20320
196,228,21311
196,229,33147
196,230,36870
196,231,28346
196,232,34091
196,233,25288
196,234,24180
196,235,30910
196,236,25781
196,237,25467
196,238,24565
196,239,23064
196,240,37247
196,241,40479
196,242,23615
196,243,25423
196,244,32834
196,245,23421
196,246,21870
196,247,38218
196,248,38221
196,249,28037
196,250,24744
196,251,26592
196,252,29406
196,253,20957
196,254,23425
197,64,33236
197,65,33237
197,66,33238
197,67,33239
197,68,33240
197,69,33241
197,70,33242
197,71,33243
197,72,33244
197,73,33245
197,74,33246
197,75,33247
197,76,33248
197,77,33249
197,78,33250
197,79,33252
197,80,33253
197,81,33254
197,82,33256
197,83,33257
197,84,33259
197,85,33262
197,86,33263
197,87,33264
197,88,33265
197,89,33266
197,90,33269
197,91,33270
197,92,33271
197,93,33272
197,94,33273
197,95,33274
197,96,33277
197,97,33279
197,98,33283
197,99,33287
197,100,33288
197,101,33289
197,102,33290
197,103,33291
197,104,33294
197,105,33295
197,106,33297
197,107,33299
197,108,33301
197,109,33302
197,110,33303
197,111,33304
197,112,33305
197,113,33306
197,114,33309
197,115,33312
197,116,33316
197,117,33317
197,118,33318
197,119,33319
197,120,33321
197,121,33326
197,122,33330
197,123,33338
197,124,33340
197,125,33341
197,126,33343
197,128,33344
197,129,33345
197,130,33346
197,131,33347
197,132,33349
197,133,33350
197,134,33352
197,135,33354
197,136,33356
197,137,33357
197,138,33358
197,139,33360
197,140,33361
197,141,33362
197,142,33363
197,143,33364
197,144,33365
197,145,33366
197,146,33367
197,147,33369
197,148,33371
197,149,33372
197,150,33373
197,151,33374
197,152,33376
197,153,33377
197,154,33378
197,155,33379
197,156,33380
197,157,33381
197,158,33382
197,159,33383
197,160,33385
197,161,25319
197,162,27870
197,163,29275
197,164,25197
197,165,38062
197,166,32445
197,167,33043
197,168,27987
197,169,20892
197,170,24324
197,171,22900
197,172,21162
197,173,24594
197,174,22899
197,175,26262
197,176,34384
197,177,30111
197,178,25386
197,179,25062
197,180,31983
197,181,35834
197,182,21734
197,183,27431
197,184,40485
197,185,27572
197,186,34261
197,187,21589
197,188,20598
197,189,27812
197,190,21866
197,191,36276
197,192,29228
197,193,24085
197,194,24597
197,195,29750
197,196,25293
197,197,25490
197,198,29260
197,199,24472
197,200,28227
197,201,27966
197,202,25856
197,203,28504
197,204,30424
197,205,30928
197,206,30460
197,207,30036
197,208,21028
197,209,21467
197,210,20051
197,211,24222
197,212,26049
197,213,32810
197,214,32982
197,215,25243
197,216,21638
197,217,21032
197,218,28846
197,219,34957
197,220,36305
197,221,27873
197,222,21624
197,223,32986
197,224,22521
197,225,35060
197,226,36180
197,227,38506
197,228,37197
197,229,20329
197,230,27803
197,231,21943
197,232,30406
197,233,30768
197,234,25256
197,235,28921
197,236,28558
197,237,24429
197,238,34028
197,239,26842
197,240,30844
197,241,31735
197,242,33192
197,243,26379
197,244,40527
197,245,25447
197,246,30896
197,247,22383
197,248,30738
197,249,38713
197,250,25209
197,251,25259
197,252,21128
197,253,29749
197,254,27607
198,64,33386
198,65,33387
198,66,33388
198,67,33389
198,68,33393
198,69,33397
198,70,33398
198,71,33399
198,72,33400
198,73,33403
198,74,33404
198,75,33408
198,76,33409
198,77,33411
198,78,33413
198,79,33414
198,80,33415
198,81,33417
198,82,33420
198,83,33424
198,84,33427
198,85,33428
198,86,33429
198,87,33430
198,88,33434
198,89,33435
198,90,33438
198,91,33440
198,92,33442
198,93,33443
198,94,33447
198,95,33458
198,96,33461
198,97,33462
198,98,33466
198,99,33467
198,100,33468
198,101,33471
198,102,33472
198,103,33474
198,104,33475
198,105,33477
198,106,33478
198,107,33481
198,108,33488
198,109,33494
198,110,33497
198,111,33498
198,112,33501
198,113,33506
198,114,33511
198,115,33512
198,116,33513
198,117,33514
198,118,33516
198,119,33517
198,120,33518
198,121,33520
198,122,33522
198,123,33523
198,124,33525
198,125,33526
198,126,33528
198,128,33530
198,129,33532
198,130,33533
198,131,33534
198,132,33535
198,133,33536
198,134,33546
198,135,33547
198,136,33549
198,137,33552
198,138,33554
198,139,33555
198,140,33558
198,141,33560
198,142,33561
198,143,33565
198,144,33566
198,145,33567
198,146,33568
198,147,33569
198,148,33570
198,149,33571
198,150,33572
198,151,33573
198,152,33574
198,153,33577
198,154,33578
198,155,33582
198,156,33584
198,157,33586
198,158,33591
198,159,33595
198,160,33597
198,161,21860
198,162,33086
198,163,30130
198,164,30382
198,165,21305
198,166,30174
198,167,20731
198,168,23617
198,169,35692
198,170,31687
198,171,20559
198,172,29255
198,173,39575
198,174,39128
198,175,28418
198,176,29922
198,177,31080
198,178,25735
198,179,30629
198,180,25340
198,181,39057
198,182,36139
198,183,21697
198,184,32856
198,185,20050
198,186,22378
198,187,33529
198,188,33805
198,189,24179
198,190,20973
198,191,29942
198,192,35780
198,193,23631
198,194,22369
198,195,27900
198,196,39047
198,197,23110
198,198,30772
198,199,39748
198,200,36843
198,201,31893
198,202,21078
198,203,25169
198,204,38138
198,205,20166
198,206,33670
198,207,33889
198,208,33769
198,209,33970
198,210,22484
198,211,26420
198,212,22275
198,213,26222
198,214,28006
198,215,35889
198,216,26333
198,217,28689
198,218,26399
198,219,27450
198,220,26646
198,221,25114
198,222,22971
198,223,19971
198,224,20932
198,225,28422
198,226,26578
198,227,27791
198,228,20854
198,229,26827
198,230,22855
198,231,27495
198,232,30054
198,233,23822
198,234,33040
198,235,40784
198,236,26071
198,237,31048
198,238,31041
198,239,39569
198,240,36215
198,241,23682
198,242,20062
198,243,20225
198,244,21551
198,245,22865
198,246,30732
198,247,22120
198,248,27668
198,249,36804
198,250,24323
198,251,27773
198,252,27875
198,253,35755
198,254,25488
199,64,33598
199,65,33599
199,66,33601
199,67,33602
199,68,33604
199,69,33605
199,70,33608
199,71,33610
199,72,33611
199,73,33612
199,74,33613
199,75,33614
199,76,33619
199,77,33621
199,78,33622
199,79,33623
199,80,33624
199,81,33625
199,82,33629
199,83,33634
199,84,33648
199,85,33649
199,86,33650
199,87,33651
199,88,33652
199,89,33653
199,90,33654
199,91,33657
199,92,33658
199,93,33662
199,94,33663
199,95,33664
199,96,33665
199,97,33666
199,98,33667
199,99,33668
199,100,33671
199,101,33672
199,102,33674
199,103,33675
199,104,33676
199,105,33677
199,106,33679
199,107,33680
199,108,33681
199,109,33684
199,110,33685
199,111,33686
199,112,33687
199,113,33689
199,114,33690
199,115,33693
199,116,33695
199,117,33697
199,118,33698
199,119,33699
199,120,33700
199,121,33701
199,122,33702
199,123,33703
199,124,33708
199,125,33709
199,126,33710
199,128,33711
199,129,33717
199,130,33723
199,131,33726
199,132,33727
199,133,33730
199,134,33731
199,135,33732
199,136,33734
199,137,33736
199,138,33737
199,139,33739
199,140,33741
199,141,33742
199,142,33744
199,143,33745
199,144,33746
199,145,33747
199,146,33749
199,147,33751
199,148,33753
199,149,33754
199,150,33755
199,151,33758
199,152,33762
199,153,33763
199,154,33764
199,155,33766
199,156,33767
199,157,33768
199,158,33771
199,159,33772
199,160,33773
199,161,24688
199,162,27965
199,163,29301
199,164,25190
199,165,38030
199,166,38085
199,167,21315
199,168,36801
199,169,31614
199,170,20191
199,171,35878
199,172,20094
199,173,40660
199,174,38065
199,175,38067
199,176,21069
199,177,28508
199,178,36963
199,179,27973
199,180,35892
199,181,22545
199,182,23884
199,183,27424
199,184,27465
199,185,26538
199,186,21595
199,187,33108
199,188,32652
199,189,22681
199,190,34103
199,191,24378
199,192,25250
199,193,27207
199,194,38201
199,195,25970
199,196,24708
199,197,26725
199,198,30631
199,199,20052
199,200,20392
199,201,24039
199,202,38808
199,203,25772
199,204,32728
199,205,23789
199,206,20431
199,207,31373
199,208,20999
199,209,33540
199,210,19988
199,211,24623
199,212,31363
199,213,38054
199,214,20405
199,215,20146
199,216,31206
199,217,29748
199,218,21220
199,219,33465
199,220,25810
199,221,31165
199,222,23517
199,223,27777
199,224,38738
199,225,36731
199,226,27682
199,227,20542
199,228,21375
199,229,28165
199,230,25806
199,231,26228
199,232,27696
199,233,24773
199,234,39031
199,235,35831
199,236,24198
199,237,29756
199,238,31351
199,239,31179
199,240,19992
199,241,37041
199,242,29699
199,243,27714
199,244,22234
199,245,37195
199,246,27845
199,247,36235
199,248,21306
199,249,34502
199,250,26354
199,251,36527
199,252,23624
199,253,39537
199,254,28192
200,64,33774
200,65,33775
200,66,33779
200,67,33780
200,68,33781
200,69,33782
200,70,33783
200,71,33786
200,72,33787
200,73,33788
200,74,33790
200,75,33791
200,76,33792
200,77,33794
200,78,33797
200,79,33799
200,80,33800
200,81,33801
200,82,33802
200,83,33808
200,84,33810
200,85,33811
200,86,33812
200,87,33813
200,88,33814
200,89,33815
200,90,33817
200,91,33818
200,92,33819
200,93,33822
200,94,33823
200,95,33824
200,96,33825
200,97,33826
200,98,33827
200,99,33833
200,100,33834
200,101,33835
200,102,33836
200,103,33837
200,104,33838
200,105,33839
200,106,33840
200,107,33842
200,108,33843
200,109,33844
200,110,33845
200,111,33846
200,112,33847
200,113,33849
200,114,33850
200,115,33851
200,116,33854
200,117,33855
200,118,33856
200,119,33857
200,120,33858
200,121,33859
200,122,33860
200,123,33861
200,124,33863
200,125,33864
200,126,33865
200,128,33866
200,129,33867
200,130,33868
200,131,33869
200,132,33870
200,133,33871
200,134,33872
200,135,33874
200,136,33875
200,137,33876
200,138,33877
200,139,33878
200,140,33880
200,141,33885
200,142,33886
200,143,33887
200,144,33888
200,145,33890
200,146,33892
200,147,33893
200,148,33894
200,149,33895
200,150,33896
200,151,33898
200,152,33902
200,153,33903
200,154,33904
200,155,33906
200,156,33908
200,157,33911
200,158,33913
200,159,33915
200,160,33916
200,161,21462
200,162,23094
200,163,40843
200,164,36259
200,165,21435
200,166,22280
200,167,39079
200,168,26435
200,169,37275
200,170,27849
200,171,20840
200,172,30154
200,173,25331
200,174,29356
200,175,21048
200,176,21149
200,177,32570
200,178,28820
200,179,30264
200,180,21364
200,181,40522
200,182,27063
200,183,30830
200,184,38592
200,185,35033
200,186,32676
200,187,28982
200,188,29123
200,189,20873
200,190,26579
200,191,29924
200,192,22756
200,193,25880
200,194,22199
200,195,35753
200,196,39286
200,197,25200
200,198,32469
200,199,24825
200,200,28909
200,201,22764
200,202,20161
200,203,20154
200,204,24525
200,205,38887
200,206,20219
200,207,35748
200,208,20995
200,209,22922
200,210,32427
200,211,25172
200,212,20173
200,213,26085
200,214,25102
200,215,33592
200,216,33993
200,217,33635
200,218,34701
200,219,29076
200,220,28342
200,221,23481
200,222,32466
200,223,20887
200,224,25545
200,225,26580
200,226,32905
200,227,33593
200,228,34837
200,229,20754
200,230,23418
200,231,22914
200,232,36785
200,233,20083
200,234,27741
200,235,20837
200,236,35109
200,237,36719
200,238,38446
200,239,34122
200,240,29790
200,241,38160
200,242,38384
200,243,28070
200,244,33509
200,245,24369
200,246,25746
200,247,27922
200,248,33832
200,249,33134
200,250,40131
200,251,22622
200,252,36187
200,253,19977
200,254,21441
201,64,33917
201,65,33918
201,66,33919
201,67,33920
201,68,33921
201,69,33923
201,70,33924
201,71,33925
201,72,33926
201,73,33930
201,74,33933
201,75,33935
201,76,33936
201,77,33937
201,78,33938
201,79,33939
201,80,33940
201,81,33941
201,82,33942
201,83,33944
201,84,33946
201,85,33947
201,86,33949
201,87,33950
201,88,33951
201,89,33952
201,90,33954
201,91,33955
201,92,33956
201,93,33957
201,94,33958
201,95,33959
201,96,33960
201,97,33961
201,98,33962
201,99,33963
201,100,33964
201,101,33965
201,102,33966
201,103,33968
201,104,33969
201,105,33971
201,106,33973
201,107,33974
201,108,33975
201,109,33979
201,110,33980
201,111,33982
201,112,33984
201,113,33986
201,114,33987
201,115,33989
201,116,33990
201,117,33991
201,118,33992
201,119,33995
201,120,33996
201,121,33998
201,122,33999
201,123,34002
201,124,34004
201,125,34005
201,126,34007
201,128,34008
201,129,34009
201,130,34010
201,131,34011
201,132,34012
201,133,34014
201,134,34017
201,135,34018
201,136,34020
201,137,34023
201,138,34024
201,139,34025
201,140,34026
201,141,34027
201,142,34029
201,143,34030
201,144,34031
201,145,34033
201,146,34034
201,147,34035
201,148,34036
201,149,34037
201,150,34038
201,151,34039
201,152,34040
201,153,34041
201,154,34042
201,155,34043
201,156,34045
201,157,34046
201,158,34048
201,159,34049
201,160,34050
201,161,20254
201,162,25955
201,163,26705
201,164,21971
201,165,20007
201,166,25620
201,167,39578
201,168,25195
201,169,23234
201,170,29791
201,171,33394
201,172,28073
201,173,26862
201,174,20711
201,175,33678
201,176,30722
201,177,26432
201,178,21049
201,179,27801
201,180,32433
201,181,20667
201,182,21861
201,183,29022
201,184,31579
201,185,26194
201,186,29642
201,187,33515
201,188,26441
201,189,23665
201,190,21024
201,191,29053
201,192,34923
201,193,38378
201,194,38485
201,195,25797
201,196,36193
201,197,33203
201,198,21892
201,199,27733
201,200,25159
201,201,32558
201,202,22674
201,203,20260
201,204,21830
201,205,36175
201,206,26188
201,207,19978
201,208,23578
201,209,35059
201,210,26786
201,211,25422
201,212,31245
201,213,28903
201,214,33421
201,215,21242
201,216,38902
201,217,23569
201,218,21736
201,219,37045
201,220,32461
201,221,22882
201,222,36170
201,223,34503
201,224,33292
201,225,33293
201,226,36198
201,227,25668
201,228,23556
201,229,24913
201,230,28041
201,231,31038
201,232,35774
201,233,30775
201,234,30003
201,235,21627
201,236,20280
201,237,36523
201,238,28145
201,239,23072
201,240,32453
201,241,31070
201,242,27784
201,243,23457
201,244,23158
201,245,29978
201,246,32958
201,247,24910
201,248,28183
201,249,22768
201,250,29983
201,251,29989
201,252,29298
201,253,21319
201,254,32499
202,64,34051
202,65,34052
202,66,34053
202,67,34054
202,68,34055
202,69,34056
202,70,34057
202,71,34058
202,72,34059
202,73,34061
202,74,34062
202,75,34063
202,76,34064
202,77,34066
202,78,34068
202,79,34069
202,80,34070
202,81,34072
202,82,34073
202,83,34075
202,84,34076
202,85,34077
202,86,34078
202,87,34080
202,88,34082
202,89,34083
202,90,34084
202,91,34085
202,92,34086
202,93,34087
202,94,34088
202,95,34089
202,96,34090
202,97,34093
202,98,34094
202,99,34095
202,100,34096
202,101,34097
202,102,34098
202,103,34099
202,104,34100
202,105,34101
202,106,34102
202,107,34110
202,108,34111
202,109,34112
202,110,34113
202,111,34114
202,112,34116
202,113,34117
202,114,34118
202,115,34119
202,116,34123
202,117,34124
202,118,34125
202,119,34126
202,120,34127
202,121,34128
202,122,34129
202,123,34130
202,124,34131
202,125,34132
202,126,34133
202,128,34135
202,129,34136
202,130,34138
202,131,34139
202,132,34140
202,133,34141
202,134,34143
202,135,34144
202,136,34145
202,137,34146
202,138,34147
202,139,34149
202,140,34150
202,141,34151
202,142,34153
202,143,34154
202,144,34155
202,145,34156
202,146,34157
202,147,34158
202,148,34159
202,149,34160
202,150,34161
202,151,34163
202,152,34165
202,153,34166
202,154,34167
202,155,34168
202,156,34172
202,157,34173
202,158,34175
202,159,34176
202,160,34177
202,161,30465
202,162,30427
202,163,21097
202,164,32988
202,165,22307
202,166,24072
202,167,22833
202,168,29422
202,169,26045
202,170,28287
202,171,35799
202,172,23608
202,173,34417
202,174,21313
202,175,30707
202,176,25342
202,177,26102
202,178,20160
202,179,39135
202,180,34432
202,181,23454
202,182,35782
202,183,21490
202,184,30690
202,185,20351
202,186,23630
202,187,39542
202,188,22987
202,189,24335
202,190,31034
202,191,22763
202,192,19990
202,193,26623
202,194,20107
202,195,25325
202,196,35475
202,197,36893
202,198,21183
202,199,26159
202,200,21980
202,201,22124
202,202,36866
202,203,20181
202,204,20365
202,205,37322
202,206,39280
202,207,27663
202,208,24066
202,209,24643
202,210,23460
202,211,35270
202,212,35797
202,213,25910
202,214,25163
202,215,39318
202,216,23432
202,217,23551
202,218,25480
202,219,21806
202,220,21463
202,221,30246
202,222,20861
202,223,34092
202,224,26530
202,225,26803
202,226,27530
202,227,25234
202,228,36755
202,229,21460
202,230,33298
202,231,28113
202,232,30095
202,233,20070
202,234,36174
202,235,23408
202,236,29087
202,237,34223
202,238,26257
202,239,26329
202,240,32626
202,241,34560
202,242,40653
202,243,40736
202,244,23646
202,245,26415
202,246,36848
202,247,26641
202,248,26463
202,249,25101
202,250,31446
202,251,22661
202,252,24246
202,253,25968
202,254,28465
203,64,34178
203,65,34179
203,66,34182
203,67,34184
203,68,34185
203,69,34186
203,70,34187
203,71,34188
203,72,34189
203,73,34190
203,74,34192
203,75,34193
203,76,34194
203,77,34195
203,78,34196
203,79,34197
203,80,34198
203,81,34199
203,82,34200
203,83,34201
203,84,34202
203,85,34205
203,86,34206
203,87,34207
203,88,34208
203,89,34209
203,90,34210
203,91,34211
203,92,34213
203,93,34214
203,94,34215
203,95,34217
203,96,34219
203,97,34220
203,98,34221
203,99,34225
203,100,34226
203,101,34227
203,102,34228
203,103,34229
203,104,34230
203,105,34232
203,106,34234
203,107,34235
203,108,34236
203,109,34237
203,110,34238
203,111,34239
203,112,34240
203,113,34242
203,114,34243
203,115,34244
203,116,34245
203,117,34246
203,118,34247
203,119,34248
203,120,34250
203,121,34251
203,122,34252
203,123,34253
203,124,34254
203,125,34257
203,126,34258
203,128,34260
203,129,34262
203,130,34263
203,131,34264
203,132,34265
203,133,34266
203,134,34267
203,135,34269
203,136,34270
203,137,34271
203,138,34272
203,139,34273
203,140,34274
203,141,34275
203,142,34277
203,143,34278
203,144,34279
203,145,34280
203,146,34282
203,147,34283
203,148,34284
203,149,34285
203,150,34286
203,151,34287
203,152,34288
203,153,34289
203,154,34290
203,155,34291
203,156,34292
203,157,34293
203,158,34294
203,159,34295
203,160,34296
203,161,24661
203,162,21047
203,163,32781
203,164,25684
203,165,34928
203,166,29993
203,167,24069
203,168,26643
203,169,25332
203,170,38684
203,171,21452
203,172,29245
203,173,35841
203,174,27700
203,175,30561
203,176,31246
203,177,21550
203,178,30636
203,179,39034
203,180,33308
203,181,35828
203,182,30805
203,183,26388
203,184,28865
203,185,26031
203,186,25749
203,187,22070
203,188,24605
203,189,31169
203,190,21496
203,191,19997
203,192,27515
203,193,32902
203,194,23546
203,195,21987
203,196,22235
203,197,20282
203,198,20284
203,199,39282
203,200,24051
203,201,26494
203,202,32824
203,203,24578
203,204,39042
203,205,36865
203,206,23435
203,207,35772
203,208,35829
203,209,25628
203,210,33368
203,211,25822
203,212,22013
203,213,33487
203,214,37221
203,215,20439
203,216,32032
203,217,36895
203,218,31903
203,219,20723
203,220,22609
203,221,28335
203,222,23487
203,223,35785
203,224,32899
203,225,37240
203,226,33948
203,227,31639
203,228,34429
203,229,38539
203,230,38543
203,231,32485
203,232,39635
203,233,30862
203,234,23681
203,235,31319
203,236,36930
203,237,38567
203,238,31071
203,239,23385
203,240,25439
203,241,31499
203,242,34001
203,243,26797
203,244,21766
203,245,32553
203,246,29712
203,247,32034
203,248,38145
203,249,25152
203,250,22604
203,251,20182
203,252,23427
203,253,22905
203,254,22612
204,64,34297
204,65,34298
204,66,34300
204,67,34301
204,68,34302
204,69,34304
204,70,34305
204,71,34306
204,72,34307
204,73,34308
204,74,34310
204,75,34311
204,76,34312
204,77,34313
204,78,34314
204,79,34315
204,80,34316
204,81,34317
204,82,34318
204,83,34319
204,84,34320
204,85,34322
204,86,34323
204,87,34324
204,88,34325
204,89,34327
204,90,34328
204,91,34329
204,92,34330
204,93,34331
204,94,34332
204,95,34333
204,96,34334
204,97,34335
204,98,34336
204,99,34337
204,100,34338
204,101,34339
204,102,34340
204,103,34341
204,104,34342
204,105,34344
204,106,34346
204,107,34347
204,108,34348
204,109,34349
204,110,34350
204,111,34351
204,112,34352
204,113,34353
204,114,34354
204,115,34355
204,116,34356
204,117,34357
204,118,34358
204,119,34359
204,120,34361
204,121,34362
204,122,34363
204,123,34365
204,124,34366
204,125,34367
204,126,34368
204,128,34369
204,129,34370
204,130,34371
204,131,34372
204,132,34373
204,133,34374
204,134,34375
204,135,34376
204,136,34377
204,137,34378
204,138,34379
204,139,34380
204,140,34386
204,141,34387
204,142,34389
204,143,34390
204,144,34391
204,145,34392
204,146,34393
204,147,34395
204,148,34396
204,149,34397
204,150,34399
204,151,34400
204,152,34401
204,153,34403
204,154,34404
204,155,34405
204,156,34406
204,157,34407
204,158,34408
204,159,34409
204,160,34410
204,161,29549
204,162,25374
204,163,36427
204,164,36367
204,165,32974
204,166,33492
204,167,25260
204,168,21488
204,169,27888
204,170,37214
204,171,22826
204,172,24577
204,173,27760
204,174,22349
204,175,25674
204,176,36138
204,177,30251
204,178,28393
204,179,22363
204,180,27264
204,181,30192
204,182,28525
204,183,35885
204,184,35848
204,185,22374
204,186,27631
204,187,34962
204,188,30899
204,189,25506
204,190,21497
204,191,28845
204,192,27748
204,193,22616
204,194,25642
204,195,22530
204,196,26848
204,197,33179
204,198,21776
204,199,31958
204,200,20504
204,201,36538
204,202,28108
204,203,36255
204,204,28907
204,205,25487
204,206,28059
204,207,28372
204,208,32486
204,209,33796
204,210,26691
204,211,36867
204,212,28120
204,213,38518
204,214,35752
204,215,22871
204,216,29305
204,217,34276
204,218,33150
204,219,30140
204,220,35466
204,221,26799
204,222,21076
204,223,36386
204,224,38161
204,225,25552
204,226,39064
204,227,36420
204,228,21884
204,229,20307
204,230,26367
204,231,22159
204,232,24789
204,233,28053
204,234,21059
204,235,23625
204,236,22825
204,237,28155
204,238,22635
204,239,30000
204,240,29980
204,241,24684
204,242,33300
204,243,33094
204,244,25361
204,245,26465
204,246,36834
204,247,30522
204,248,36339
204,249,36148
204,250,38081
204,251,24086
204,252,21381
204,253,21548
204,254,28867
205,64,34413
205,65,34415
205,66,34416
205,67,34418
205,68,34419
205,69,34420
205,70,34421
205,71,34422
205,72,34423
205,73,34424
205,74,34435
205,75,34436
205,76,34437
205,77,34438
205,78,34439
205,79,34440
205,80,34441
205,81,34446
205,82,34447
205,83,34448
205,84,34449
205,85,34450
205,86,34452
205,87,34454
205,88,34455
205,89,34456
205,90,34457
205,91,34458
205,92,34459
205,93,34462
205,94,34463
205,95,34464
205,96,34465
205,97,34466
205,98,34469
205,99,34470
205,100,34475
205,101,34477
205,102,34478
205,103,34482
205,104,34483
205,105,34487
205,106,34488
205,107,34489
205,108,34491
205,109,34492
205,110,34493
205,111,34494
205,112,34495
205,113,34497
205,114,34498
205,115,34499
205,116,34501
205,117,34504
205,118,34508
205,119,34509
205,120,34514
205,121,34515
205,122,34517
205,123,34518
205,124,34519
205,125,34522
205,126,34524
205,128,34525
205,129,34528
205,130,34529
205,131,34530
205,132,34531
205,133,34533
205,134,34534
205,135,34535
205,136,34536
205,137,34538
205,138,34539
205,139,34540
205,140,34543
205,141,34549
205,142,34550
205,143,34551
205,144,34554
205,145,34555
205,146,34556
205,147,34557
205,148,34559
205,149,34561
205,150,34564
205,151,34565
205,152,34566
205,153,34571
205,154,34572
205,155,34574
205,156,34575
205,157,34576
205,158,34577
205,159,34580
205,160,34582
205,161,27712
205,162,24311
205,163,20572
205,164,20141
205,165,24237
205,166,25402
205,167,33351
205,168,36890
205,169,26704
205,170,37230
205,171,30643
205,172,21516
205,173,38108
205,174,24420
205,175,31461
205,176,26742
205,177,25413
205,178,31570
205,179,32479
205,180,30171
205,181,20599
205,182,25237
205,183,22836
205,184,36879
205,185,20984
205,186,31171
205,187,31361
205,188,22270
205,189,24466
205,190,36884
205,191,28034
205,192,23648
205,193,22303
205,194,21520
205,195,20820
205,196,28237
205,197,22242
205,198,25512
205,199,39059
205,200,33151
205,201,34581
205,202,35114
205,203,36864
205,204,21534
205,205,23663
205,206,33216
205,207,25302
205,208,25176
205,209,33073
205,210,40501
205,211,38464
205,212,39534
205,213,39548
205,214,26925
205,215,22949
205,216,25299
205,217,21822
205,218,25366
205,219,21703
205,220,34521
205,221,27964
205,222,23043
205,223,29926
205,224,34972
205,225,27498
205,226,22806
205,227,35916
205,228,24367
205,229,28286
205,230,29609
205,231,39037
205,232,20024
205,233,28919
205,234,23436
205,235,30871
205,236,25405
205,237,26202
205,238,30358
205,239,24779
205,240,23451
205,241,23113
205,242,19975
205,243,33109
205,244,27754
205,245,29579
205,246,20129
205,247,26505
205,248,32593
205,249,24448
205,250,26106
205,251,26395
205,252,24536
205,253,22916
205,254,23041
206,64,34585
206,65,34587
206,66,34589
206,67,34591
206,68,34592
206,69,34596
206,70,34598
206,71,34599
206,72,34600
206,73,34602
206,74,34603
206,75,34604
206,76,34605
206,77,34607
206,78,34608
206,79,34610
206,80,34611
206,81,34613
206,82,34614
206,83,34616
206,84,34617
206,85,34618
206,86,34620
206,87,34621
206,88,34624
206,89,34625
206,90,34626
206,91,34627
206,92,34628
206,93,34629
206,94,34630
206,95,34634
206,96,34635
206,97,34637
206,98,34639
206,99,34640
206,100,34641
206,101,34642
206,102,34644
206,103,34645
206,104,34646
206,105,34648
206,106,34650
206,107,34651
206,108,34652
206,109,34653
206,110,34654
206,111,34655
206,112,34657
206,113,34658
206,114,34662
206,115,34663
206,116,34664
206,117,34665
206,118,34666
206,119,34667
206,120,34668
206,121,34669
206,122,34671
206,123,34673
206,124,34674
206,125,34675
206,126,34677
206,128,34679
206,129,34680
206,130,34681
206,131,34682
206,132,34687
206,133,34688
206,134,34689
206,135,34692
206,136,34694
206,137,34695
206,138,34697
206,139,34698
206,140,34700
206,141,34702
206,142,34703
206,143,34704
206,144,34705
206,145,34706
206,146,34708
206,147,34709
206,148,34710
206,149,34712
206,150,34713
206,151,34714
206,152,34715
206,153,34716
206,154,34717
206,155,34718
206,156,34720
206,157,34721
206,158,34722
206,159,34723
206,160,34724
206,161,24013
206,162,24494
206,163,21361
206,164,38886
206,165,36829
206,166,26693
206,167,22260
206,168,21807
206,169,24799
206,170,20026
206,171,28493
206,172,32500
206,173,33479
206,174,33806
206,175,22996
206,176,20255
206,177,20266
206,178,23614
206,179,32428
206,180,26410
206,181,34074
206,182,21619
206,183,30031
206,184,32963
206,185,21890
206,186,39759
206,187,20301
206,188,28205
206,189,35859
206,190,23561
206,191,24944
206,192,21355
206,193,30239
206,194,28201
206,195,34442
206,196,25991
206,197,38395
206,198,32441
206,199,21563
206,200,31283
206,201,32010
206,202,38382
206,203,21985
206,204,32705
206,205,29934
206,206,25373
206,207,34583
206,208,28065
206,209,31389
206,210,25105
206,211,26017
206,212,21351
206,213,25569
206,214,27779
206,215,24043
206,216,21596
206,217,38056
206,218,20044
206,219,27745
206,220,35820
206,221,23627
206,222,26080
206,223,33436
206,224,26791
206,225,21566
206,226,21556
206,227,27595
206,228,27494
206,229,20116
206,230,25410
206,231,21320
206,232,33310
206,233,20237
206,234,20398
206,235,22366
206,236,25098
206,237,38654
206,238,26212
206,239,29289
206,240,21247
206,241,21153
206,242,24735
206,243,35823
206,244,26132
206,245,29081
206,246,26512
206,247,35199
206,248,30802
206,249,30717
206,250,26224
206,251,22075
206,252,21560
206,253,38177
206,254,29306
207,64,34725
207,65,34726
207,66,34727
207,67,34729
207,68,34730
207,69,34734
207,70,34736
207,71,34737
207,72,34738
207,73,34740
207,74,34742
207,75,34743
207,76,34744
207,77,34745
207,78,34747
207,79,34748
207,80,34750
207,81,34751
207,82,34753
207,83,34754
207,84,34755
207,85,34756
207,86,34757
207,87,34759
207,88,34760
207,89,34761
207,90,34764
207,91,34765
207,92,34766
207,93,34767
207,94,34768
207,95,34772
207,96,34773
207,97,34774
207,98,34775
207,99,34776
207,100,34777
207,101,34778
207,102,34780
207,103,34781
207,104,34782
207,105,34783
207,106,34785
207,107,34786
207,108,34787
207,109,34788
207,110,34790
207,111,34791
207,112,34792
207,113,34793
207,114,34795
207,115,34796
207,116,34797
207,117,34799
207,118,34800
207,119,34801
207,120,34802
207,121,34803
207,122,34804
207,123,34805
207,124,34806
207,125,34807
207,126,34808
207,128,34810
207,129,34811
207,130,34812
207,131,34813
207,132,34815
207,133,34816
207,134,34817
207,135,34818
207,136,34820
207,137,34821
207,138,34822
207,139,34823
207,140,34824
207,141,34825
207,142,34827
207,143,34828
207,144,34829
207,145,34830
207,146,34831
207,147,34832
207,148,34833
207,149,34834
207,150,34836
207,151,34839
207,152,34840
207,153,34841
207,154,34842
207,155,34844
207,156,34845
207,157,34846
207,158,34847
207,159,34848
207,160,34851
207,161,31232
207,162,24687
207,163,24076
207,164,24713
207,165,33181
207,166,22805
207,167,24796
207,168,29060
207,169,28911
207,170,28330
207,171,27728
207,172,29312
207,173,27268
207,174,34989
207,175,24109
207,176,20064
207,177,23219
207,178,21916
207,179,38115
207,180,27927
207,181,31995
207,182,38553
207,183,25103
207,184,32454
207,185,30606
207,186,34430
207,187,21283
207,188,38686
207,189,36758
207,190,26247
207,191,23777
207,192,20384
207,193,29421
207,194,19979
207,195,21414
207,196,22799
207,197,21523
207,198,25472
207,199,38184
207,200,20808
207,201,20185
207,202,40092
207,203,32420
207,204,21688
207,205,36132
207,206,34900
207,207,33335
207,208,38386
207,209,28046
207,210,24358
207,211,23244
207,212,26174
207,213,38505
207,214,29616
207,215,29486
207,216,21439
207,217,33146
207,218,39301
207,219,32673
207,220,23466
207,221,38519
207,222,38480
207,223,32447
207,224,30456
207,225,21410
207,226,38262
207,227,39321
207,228,31665
207,229,35140
207,230,28248
207,231,20065
207,232,32724
207,233,31077
207,234,35814
207,235,24819
207,236,21709
207,237,20139
207,238,39033
207,239,24055
207,240,27233
207,241,20687
207,242,21521
207,243,35937
207,244,33831
207,245,30813
207,246,38660
207,247,21066
207,248,21742
207,249,22179
207,250,38144
207,251,28040
207,252,23477
207,253,28102
207,254,26195
208,64,34852
208,65,34853
208,66,34854
208,67,34855
208,68,34856
208,69,34857
208,70,34858
208,71,34859
208,72,34860
208,73,34861
208,74,34862
208,75,34863
208,76,34864
208,77,34865
208,78,34867
208,79,34868
208,80,34869
208,81,34870
208,82,34871
208,83,34872
208,84,34874
208,85,34875
208,86,34877
208,87,34878
208,88,34879
208,89,34881
208,90,34882
208,91,34883
208,92,34886
208,93,34887
208,94,34888
208,95,34889
208,96,34890
208,97,34891
208,98,34894
208,99,34895
208,100,34896
208,101,34897
208,102,34898
208,103,34899
208,104,34901
208,105,34902
208,106,34904
208,107,34906
208,108,34907
208,109,34908
208,110,34909
208,111,34910
208,112,34911
208,113,34912
208,114,34918
208,115,34919
208,116,34922
208,117,34925
208,118,34927
208,119,34929
208,120,34931
208,121,34932
208,122,34933
208,123,34934
208,124,34936
208,125,34937
208,126,34938
208,128,34939
208,129,34940
208,130,34944
208,131,34947
208,132,34950
208,133,34951
208,134,34953
208,135,34954
208,136,34956
208,137,34958
208,138,34959
208,139,34960
208,140,34961
208,141,34963
208,142,34964
208,143,34965
208,144,34967
208,145,34968
208,146,34969
208,147,34970
208,148,34971
208,149,34973
208,150,34974
208,151,34975
208,152,34976
208,153,34977
208,154,34979
208,155,34981
208,156,34982
208,157,34983
208,158,34984
208,159,34985
208,160,34986
208,161,23567
208,162,23389
208,163,26657
208,164,32918
208,165,21880
208,166,31505
208,167,25928
208,168,26964
208,169,20123
208,170,27463
208,171,34638
208,172,38795
208,173,21327
208,174,25375
208,175,25658
208,176,37034
208,177,26012
208,178,32961
208,179,35856
208,180,20889
208,181,26800
208,182,21368
208,183,34809
208,184,25032
208,185,27844
208,186,27899
208,187,35874
208,188,23633
208,189,34218
208,190,33455
208,191,38156
208,192,27427
208,193,36763
208,194,26032
208,195,24571
208,196,24515
208,197,20449
208,198,34885
208,199,26143
208,200,33125
208,201,29481
208,202,24826
208,203,20852
208,204,21009
208,205,22411
208,206,24418
208,207,37026
208,208,34892
208,209,37266
208,210,24184
208,211,26447
208,212,24615
208,213,22995
208,214,20804
208,215,20982
208,216,33016
208,217,21256
208,218,27769
208,219,38596
208,220,29066
208,221,20241
208,222,20462
208,223,32670
208,224,26429
208,225,21957
208,226,38152
208,227,31168
208,228,34966
208,229,32483
208,230,22687
208,231,25100
208,232,38656
208,233,34394
208,234,22040
208,235,39035
208,236,24464
208,237,35768
208,238,33988
208,239,37207
208,240,21465
208,241,26093
208,242,24207
208,243,30044
208,244,24676
208,245,32110
208,246,23167
208,247,32490
208,248,32493
208,249,36713
208,250,21927
208,251,23459
208,252,24748
208,253,26059
208,254,29572
209,64,34988
209,65,34990
209,66,34991
209,67,34992
209,68,34994
209,69,34995
209,70,34996
209,71,34997
209,72,34998
209,73,35000
209,74,35001
209,75,35002
209,76,35003
209,77,35005
209,78,35006
209,79,35007
209,80,35008
209,81,35011
209,82,35012
209,83,35015
209,84,35016
209,85,35018
209,86,35019
209,87,35020
209,88,35021
209,89,35023
209,90,35024
209,91,35025
209,92,35027
209,93,35030
209,94,35031
209,95,35034
209,96,35035
209,97,35036
209,98,35037
209,99,35038
209,100,35040
209,101,35041
209,102,35046
209,103,35047
209,104,35049
209,105,35050
209,106,35051
209,107,35052
209,108,35053
209,109,35054
209,110,35055
209,111,35058
209,112,35061
209,113,35062
209,114,35063
209,115,35066
209,116,35067
209,117,35069
209,118,35071
209,119,35072
209,120,35073
209,121,35075
209,122,35076
209,123,35077
209,124,35078
209,125,35079
209,126,35080
209,128,35081
209,129,35083
209,130,35084
209,131,35085
209,132,35086
209,133,35087
209,134,35089
209,135,35092
209,136,35093
209,137,35094
209,138,35095
209,139,35096
209,140,35100
209,141,35101
209,142,35102
209,143,35103
209,144,35104
209,145,35106
209,146,35107
209,147,35108
209,148,35110
209,149,35111
209,150,35112
209,151,35113
209,152,35116
209,153,35117
209,154,35118
209,155,35119
209,156,35121
209,157,35122
209,158,35123
209,159,35125
209,160,35127
209,161,36873
209,162,30307
209,163,30505
209,164,32474
209,165,38772
209,166,34203
209,167,23398
209,168,31348
209,169,38634
209,170,34880
209,171,21195
209,172,29071
209,173,24490
209,174,26092
209,175,35810
209,176,23547
209,177,39535
209,178,24033
209,179,27529
209,180,27739
209,181,35757
209,182,35759
209,183,36874
209,184,36805
209,185,21387
209,186,25276
209,187,40486
209,188,40493
209,189,21568
209,190,20011
209,191,33469
209,192,29273
209,193,34460
209,194,23830
209,195,34905
209,196,28079
209,197,38597
209,198,21713
209,199,20122
209,200,35766
209,201,28937
209,202,21693
209,203,38409
209,204,28895
209,205,28153
209,206,30416
209,207,20005
209,208,30740
209,209,34578
209,210,23721
209,211,24310
209,212,35328
209,213,39068
209,214,38414
209,215,28814
209,216,27839
209,217,22852
209,218,25513
209,219,30524
209,220,34893
209,221,28436
209,222,33395
209,223,22576
209,224,29141
209,225,21388
209,226,30746
209,227,38593
209,228,21761
209,229,24422
209,230,28976
209,231,23476
209,232,35866
209,233,39564
209,234,27523
209,235,22830
209,236,40495
209,237,31207
209,238,26472
209,239,25196
209,240,20335
209,241,30113
209,242,32650
209,243,27915
209,244,38451
209,245,27687
209,246,20208
209,247,30162
209,248,20859
209,249,26679
209,250,28478
209,251,36992
209,252,33136
209,253,22934
209,254,29814
210,64,35128
210,65,35129
210,66,35130
210,67,35131
210,68,35132
210,69,35133
210,70,35134
210,71,35135
210,72,35136
210,73,35138
210,74,35139
210,75,35141
210,76,35142
210,77,35143
210,78,35144
210,79,35145
210,80,35146
210,81,35147
210,82,35148
210,83,35149
210,84,35150
210,85,35151
210,86,35152
210,87,35153
210,88,35154
210,89,35155
210,90,35156
210,91,35157
210,92,35158
210,93,35159
210,94,35160
210,95,35161
210,96,35162
210,97,35163
210,98,35164
210,99,35165
210,100,35168
210,101,35169
210,102,35170
210,103,35171
210,104,35172
210,105,35173
210,106,35175
210,107,35176
210,108,35177
210,109,35178
210,110,35179
210,111,35180
210,112,35181
210,113,35182
210,114,35183
210,115,35184
210,116,35185
210,117,35186
210,118,35187
210,119,35188
210,120,35189
210,121,35190
210,122,35191
210,123,35192
210,124,35193
210,125,35194
210,126,35196
210,128,35197
210,129,35198
210,130,35200
210,131,35202
210,132,35204
210,133,35205
210,134,35207
210,135,35208
210,136,35209
210,137,35210
210,138,35211
210,139,35212
210,140,35213
210,141,35214
210,142,35215
210,143,35216
210,144,35217
210,145,35218
210,146,35219
210,147,35220
210,148,35221
210,149,35222
210,150,35223
210,151,35224
210,152,35225
210,153,35226
210,154,35227
210,155,35228
210,156,35229
210,157,35230
210,158,35231
210,159,35232
210,160,35233
210,161,25671
210,162,23591
210,163,36965
210,164,31377
210,165,35875
210,166,23002
210,167,21676
210,168,33280
210,169,33647
210,170,35201
210,171,32768
210,172,26928
210,173,22094
210,174,32822
210,175,29239
210,176,37326
210,177,20918
210,178,20063
210,179,39029
210,180,25494
210,181,19994
210,182,21494
210,183,26355
210,184,33099
210,185,22812
210,186,28082
210,187,19968
210,188,22777
210,189,21307
210,190,25558
210,191,38129
210,192,20381
210,193,20234
210,194,34915
210,195,39056
210,196,22839
210,197,36951
210,198,31227
210,199,20202
210,200,33008
210,201,30097
210,202,27778
210,203,23452
210,204,23016
210,205,24413
210,206,26885
210,207,34433
210,208,20506
210,209,24050
210,210,20057
210,211,30691
210,212,20197
210,213,33402
210,214,25233
210,215,26131
210,216,37009
210,217,23673
210,218,20159
210,219,24441
210,220,33222
210,221,36920
210,222,32900
210,223,30123
210,224,20134
210,225,35028
210,226,24847
210,227,27589
210,228,24518
210,229,20041
210,230,30410
210,231,28322
210,232,35811
210,233,35758
210,234,35850
210,235,35793
210,236,24322
210,237,32764
210,238,32716
210,239,32462
210,240,33589
210,241,33643
210,242,22240
210,243,27575
210,244,38899
210,245,38452
210,246,23035
210,247,21535
210,248,38134
210,249,28139
210,250,23493
210,251,39278
210,252,23609
210,253,24341
210,254,38544
211,64,35234
211,65,35235
211,66,35236
211,67,35237
211,68,35238
211,69,35239
211,70,35240
211,71,35241
211,72,35242
211,73,35243
211,74,35244
211,75,35245
211,76,35246
211,77,35247
211,78,35248
211,79,35249
211,80,35250
211,81,35251
211,82,35252
211,83,35253
211,84,35254
211,85,35255
211,86,35256
211,87,35257
211,88,35258
211,89,35259
211,90,35260
211,91,35261
211,92,35262
211,93,35263
211,94,35264
211,95,35267
211,96,35277
211,97,35283
211,98,35284
211,99,35285
211,100,35287
211,101,35288
211,102,35289
211,103,35291
211,104,35293
211,105,35295
211,106,35296
211,107,35297
211,108,35298
211,109,35300
211,110,35303
211,111,35304
211,112,35305
211,113,35306
211,114,35308
211,115,35309
211,116,35310
211,117,35312
211,118,35313
211,119,35314
211,120,35316
211,121,35317
211,122,35318
211,123,35319
211,124,35320
211,125,35321
211,126,35322
211,128,35323
211,129,35324
211,130,35325
211,131,35326
211,132,35327
211,133,35329
211,134,35330
211,135,35331
211,136,35332
211,137,35333
211,138,35334
211,139,35336
211,140,35337
211,141,35338
211,142,35339
211,143,35340
211,144,35341
211,145,35342
211,146,35343
211,147,35344
211,148,35345
211,149,35346
211,150,35347
211,151,35348
211,152,35349
211,153,35350
211,154,35351
211,155,35352
211,156,35353
211,157,35354
211,158,35355
211,159,35356
211,160,35357
211,161,21360
211,162,33521
211,163,27185
211,164,23156
211,165,40560
211,166,24212
211,167,32552
211,168,33721
211,169,33828
211,170,33829
211,171,33639
211,172,34631
211,173,36814
211,174,36194
211,175,30408
211,176,24433
211,177,39062
211,178,30828
211,179,26144
211,180,21727
211,181,25317
211,182,20323
211,183,33219
211,184,30152
211,185,24248
211,186,38605
211,187,36362
211,188,34553
211,189,21647
211,190,27891
211,191,28044
211,192,27704
211,193,24703
211,194,21191
211,195,29992
211,196,24189
211,197,20248
211,198,24736
211,199,24551
211,200,23588
211,201,30001
211,202,37038
211,203,38080
211,204,29369
211,205,27833
211,206,28216
211,207,37193
211,208,26377
211,209,21451
211,210,21491
211,211,20305
211,212,37321
211,213,35825
211,214,21448
211,215,24188
211,216,36802
211,217,28132
211,218,20110
211,219,30402
211,220,27014
211,221,34398
211,222,24858
211,223,33286
211,224,20313
211,225,20446
211,226,36926
211,227,40060
211,228,24841
211,229,28189
211,230,28180
211,231,38533
211,232,20104
211,233,23089
211,234,38632
211,235,19982
211,236,23679
211,237,31161
211,238,23431
211,239,35821
211,240,32701
211,241,29577
211,242,22495
211,243,33419
211,244,37057
211,245,21505
211,246,36935
211,247,21947
211,248,23786
211,249,24481
211,250,24840
211,251,27442
211,252,29425
211,253,32946
211,254,35465
212,64,35358
212,65,35359
212,66,35360
212,67,35361
212,68,35362
212,69,35363
212,70,35364
212,71,35365
212,72,35366
212,73,35367
212,74,35368
212,75,35369
212,76,35370
212,77,35371
212,78,35372
212,79,35373
212,80,35374
212,81,35375
212,82,35376
212,83,35377
212,84,35378
212,85,35379
212,86,35380
212,87,35381
212,88,35382
212,89,35383
212,90,35384
212,91,35385
212,92,35386
212,93,35387
212,94,35388
212,95,35389
212,96,35391
212,97,35392
212,98,35393
212,99,35394
212,100,35395
212,101,35396
212,102,35397
212,103,35398
212,104,35399
212,105,35401
212,106,35402
212,107,35403
212,108,35404
212,109,35405
212,110,35406
212,111,35407
212,112,35408
212,113,35409
212,114,35410
212,115,35411
212,116,35412
212,117,35413
212,118,35414
212,119,35415
212,120,35416
212,121,35417
212,122,35418
212,123,35419
212,124,35420
212,125,35421
212,126,35422
212,128,35423
212,129,35424
212,130,35425
212,131,35426
212,132,35427
212,133,35428
212,134,35429
212,135,35430
212,136,35431
212,137,35432
212,138,35433
212,139,35434
212,140,35435
212,141,35436
212,142,35437
212,143,35438
212,144,35439
212,145,35440
212,146,35441
212,147,35442
212,148,35443
212,149,35444
212,150,35445
212,151,35446
212,152,35447
212,153,35448
212,154,35450
212,155,35451
212,156,35452
212,157,35453
212,158,35454
212,159,35455
212,160,35456
212,161,28020
212,162,23507
212,163,35029
212,164,39044
212,165,35947
212,166,39533
212,167,40499
212,168,28170
212,169,20900
212,170,20803
212,171,22435
212,172,34945
212,173,21407
212,174,25588
212,175,36757
212,176,22253
212,177,21592
212,178,22278
212,179,29503
212,180,28304
212,181,32536
212,182,36828
212,183,33489
212,184,24895
212,185,24616
212,186,38498
212,187,26352
212,188,32422
212,189,36234
212,190,36291
212,191,38053
212,192,23731
212,193,31908
212,194,26376
212,195,24742
212,196,38405
212,197,32792
212,198,20113
212,199,37095
212,200,21248
212,201,38504
212,202,20801
212,203,36816
212,204,34164
212,205,37213
212,206,26197
212,207,38901
212,208,23381
212,209,21277
212,210,30776
212,211,26434
212,212,26685
212,213,21705
212,214,28798
212,215,23472
212,216,36733
212,217,20877
212,218,22312
212,219,21681
212,220,25874
212,221,26242
212,222,36190
212,223,36163
212,224,33039
212,225,33900
212,226,36973
212,227,31967
212,228,20991
212,229,34299
212,230,26531
212,231,26089
212,232,28577
212,233,34468
212,234,36481
212,235,22122
212,236,36896
212,237,30338
212,238,28790
212,239,29157
212,240,36131
212,241,25321
212,242,21017
212,243,27901
212,244,36156
212,245,24590
212,246,22686
212,247,24974
212,248,26366
212,249,36192
212,250,25166
212,251,21939
212,252,28195
212,253,26413
212,254,36711
213,64,35457
213,65,35458
213,66,35459
213,67,35460
213,68,35461
213,69,35462
213,70,35463
213,71,35464
213,72,35467
213,73,35468
213,74,35469
213,75,35470
213,76,35471
213,77,35472
213,78,35473
213,79,35474
213,80,35476
213,81,35477
213,82,35478
213,83,35479
213,84,35480
213,85,35481
213,86,35482
213,87,35483
213,88,35484
213,89,35485
213,90,35486
213,91,35487
213,92,35488
213,93,35489
213,94,35490
213,95,35491
213,96,35492
213,97,35493
213,98,35494
213,99,35495
213,100,35496
213,101,35497
213,102,35498
213,103,35499
213,104,35500
213,105,35501
213,106,35502
213,107,35503
213,108,35504
213,109,35505
213,110,35506
213,111,35507
213,112,35508
213,113,35509
213,114,35510
213,115,35511
213,116,35512
213,117,35513
213,118,35514
213,119,35515
213,120,35516
213,121,35517
213,122,35518
213,123,35519
213,124,35520
213,125,35521
213,126,35522
213,128,35523
213,129,35524
213,130,35525
213,131,35526
213,132,35527
213,133,35528
213,134,35529
213,135,35530
213,136,35531
213,137,35532
213,138,35533
213,139,35534
213,140,35535
213,141,35536
213,142,35537
213,143,35538
213,144,35539
213,145,35540
213,146,35541
213,147,35542
213,148,35543
213,149,35544
213,150,35545
213,151,35546
213,152,35547
213,153,35548
213,154,35549
213,155,35550
213,156,35551
213,157,35552
213,158,35553
213,159,35554
213,160,35555
213,161,38113
213,162,38392
213,163,30504
213,164,26629
213,165,27048
213,166,21643
213,167,20045
213,168,28856
213,169,35784
213,170,25688
213,171,25995
213,172,23429
213,173,31364
213,174,20538
213,175,23528
213,176,30651
213,177,27617
213,178,35449
213,179,31896
213,180,27838
213,181,30415
213,182,26025
213,183,36759
213,184,23853
213,185,23637
213,186,34360
213,187,26632
213,188,21344
213,189,25112
213,190,31449
213,191,28251
213,192,32509
213,193,27167
213,194,31456
213,195,24432
213,196,28467
213,197,24352
213,198,25484
213,199,28072
213,200,26454
213,201,19976
213,202,24080
213,203,36134
213,204,20183
213,205,32960
213,206,30260
213,207,38556
213,208,25307
213,209,26157
213,210,25214
213,211,27836
213,212,36213
213,213,29031
213,214,32617
213,215,20806
213,216,32903
213,217,21484
213,218,36974
213,219,25240
213,220,21746
213,221,34544
213,222,36761
213,223,32773
213,224,38167
213,225,34071
213,226,36825
213,227,27993
213,228,29645
213,229,26015
213,230,30495
213,231,29956
213,232,30759
213,233,33275
213,234,36126
213,235,38024
213,236,20390
213,237,26517
213,238,30137
213,239,35786
213,240,38663
213,241,25391
213,242,38215
213,243,38453
213,244,33976
213,245,25379
213,246,30529
213,247,24449
213,248,29424
213,249,20105
213,250,24596
213,251,25972
213,252,25327
213,253,27491
213,254,25919
214,64,35556
214,65,35557
214,66,35558
214,67,35559
214,68,35560
214,69,35561
214,70,35562
214,71,35563
214,72,35564
214,73,35565
214,74,35566
214,75,35567
214,76,35568
214,77,35569
214,78,35570
214,79,35571
214,80,35572
214,81,35573
214,82,35574
214,83,35575
214,84,35576
214,85,35577
214,86,35578
214,87,35579
214,88,35580
214,89,35581
214,90,35582
214,91,35583
214,92,35584
214,93,35585
214,94,35586
214,95,35587
214,96,35588
214,97,35589
214,98,35590
214,99,35592
214,100,35593
214,101,35594
214,102,35595
214,103,35596
214,104,35597
214,105,35598
214,106,35599
214,107,35600
214,108,35601
214,109,35602
214,110,35603
214,111,35604
214,112,35605
214,113,35606
214,114,35607
214,115,35608
214,116,35609
214,117,35610
214,118,35611
214,119,35612
214,120,35613
214,121,35614
214,122,35615
214,123,35616
214,124,35617
214,125,35618
214,126,35619
214,128,35620
214,129,35621
214,130,35623
214,131,35624
214,132,35625
214,133,35626
214,134,35627
214,135,35628
214,136,35629
214,137,35630
214,138,35631
214,139,35632
214,140,35633
214,141,35634
214,142,35635
214,143,35636
214,144,35637
214,145,35638
214,146,35639
214,147,35640
214,148,35641
214,149,35642
214,150,35643
214,151,35644
214,152,35645
214,153,35646
214,154,35647
214,155,35648
214,156,35649
214,157,35650
214,158,35651
214,159,35652
214,160,35653
214,161,24103
214,162,30151
214,163,37073
214,164,35777
214,165,33437
214,166,26525
214,167,25903
214,168,21553
214,169,34584
214,170,30693
214,171,32930
214,172,33026
214,173,27713
214,174,20043
214,175,32455
214,176,32844
214,177,30452
214,178,26893
214,179,27542
214,180,25191
214,181,20540
214,182,20356
214,183,22336
214,184,25351
214,185,27490
214,186,36286
214,187,21482
214,188,26088
214,189,32440
214,190,24535
214,191,25370
214,192,25527
214,193,33267
214,194,33268
214,195,32622
214,196,24092
214,197,23769
214,198,21046
214,199,26234
214,200,31209
214,201,31258
214,202,36136
214,203,28825
214,204,30164
214,205,28382
214,206,27835
214,207,31378
214,208,20013
214,209,30405
214,210,24544
214,211,38047
214,212,34935
214,213,32456
214,214,31181
214,215,32959
214,216,37325
214,217,20210
214,218,20247
214,219,33311
214,220,21608
214,221,24030
214,222,27954
214,223,35788
214,224,31909
214,225,36724
214,226,32920
214,227,24090
214,228,21650
214,229,30385
214,230,23449
214,231,26172
214,232,39588
214,233,29664
214,234,26666
214,235,34523
214,236,26417
214,237,29482
214,238,35832
214,239,35803
214,240,36880
214,241,31481
214,242,28891
214,243,29038
214,244,25284
214,245,30633
214,246,22065
214,247,20027
214,248,33879
214,249,26609
214,250,21161
214,251,34496
214,252,36142
214,253,38136
214,254,31569
215,64,35654
215,65,35655
215,66,35656
215,67,35657
215,68,35658
215,69,35659
215,70,35660
215,71,35661
215,72,35662
215,73,35663
215,74,35664
215,75,35665
215,76,35666
215,77,35667
215,78,35668
215,79,35669
215,80,35670
215,81,35671
215,82,35672
215,83,35673
215,84,35674
215,85,35675
215,86,35676
215,87,35677
215,88,35678
215,89,35679
215,90,35680
215,91,35681
215,92,35682
215,93,35683
215,94,35684
215,95,35685
215,96,35687
215,97,35688
215,98,35689
215,99,35690
215,100,35691
215,101,35693
215,102,35694
215,103,35695
215,104,35696
215,105,35697
215,106,35698
215,107,35699
215,108,35700
215,109,35701
215,110,35702
215,111,35703
215,112,35704
215,113,35705
215,114,35706
215,115,35707
215,116,35708
215,117,35709
215,118,35710
215,119,35711
215,120,35712
215,121,35713
215,122,35714
215,123,35715
215,124,35716
215,125,35717
215,126,35718
215,128,35719
215,129,35720
215,130,35721
215,131,35722
215,132,35723
215,133,35724
215,134,35725
215,135,35726
215,136,35727
215,137,35728
215,138,35729
215,139,35730
215,140,35731
215,141,35732
215,142,35733
215,143,35734
215,144,35735
215,145,35736
215,146,35737
215,147,35738
215,148,35739
215,149,35740
215,150,35741
215,151,35742
215,152,35743
215,153,35756
215,154,35761
215,155,35771
215,156,35783
215,157,35792
215,158,35818
215,159,35849
215,160,35870
215,161,20303
215,162,27880
215,163,31069
215,164,39547
215,165,25235
215,166,29226
215,167,25341
215,168,19987
215,169,30742
215,170,36716
215,171,25776
215,172,36186
215,173,31686
215,174,26729
215,175,24196
215,176,35013
215,177,22918
215,178,25758
215,179,22766
215,180,29366
215,181,26894
215,182,38181
215,183,36861
215,184,36184
215,185,22368
215,186,32512
215,187,35846
215,188,20934
215,189,25417
215,190,25305
215,191,21331
215,192,26700
215,193,29730
215,194,33537
215,195,37196
215,196,21828
215,197,30528
215,198,28796
215,199,27978
215,200,20857
215,201,21672
215,202,36164
215,203,23039
215,204,28363
215,205,28100
215,206,23388
215,207,32043
215,208,20180
215,209,31869
215,210,28371
215,211,23376
215,212,33258
215,213,28173
215,214,23383
215,215,39683
215,216,26837
215,217,36394
215,218,23447
215,219,32508
215,220,24635
215,221,32437
215,222,37049
215,223,36208
215,224,22863
215,225,25549
215,226,31199
215,227,36275
215,228,21330
215,229,26063
215,230,31062
215,231,35781
215,232,38459
215,233,32452
215,234,38075
215,235,32386
215,236,22068
215,237,37257
215,238,26368
215,239,32618
215,240,23562
215,241,36981
215,242,26152
215,243,24038
215,244,20304
215,245,26590
215,246,20570
215,247,20316
215,248,22352
215,249,24231
215,250,59408
215,251,59409
215,252,59410
215,253,59411
215,254,59412
216,64,35896
216,65,35897
216,66,35898
216,67,35899
216,68,35900
216,69,35901
216,70,35902
216,71,35903
216,72,35904
216,73,35906
216,74,35907
216,75,35908
216,76,35909
216,77,35912
216,78,35914
216,79,35915
216,80,35917
216,81,35918
216,82,35919
216,83,35920
216,84,35921
216,85,35922
216,86,35923
216,87,35924
216,88,35926
216,89,35927
216,90,35928
216,91,35929
216,92,35931
216,93,35932
216,94,35933
216,95,35934
216,96,35935
216,97,35936
216,98,35939
216,99,35940
216,100,35941
216,101,35942
216,102,35943
216,103,35944
216,104,35945
216,105,35948
216,106,35949
216,107,35950
216,108,35951
216,109,35952
216,110,35953
216,111,35954
216,112,35956
216,113,35957
216,114,35958
216,115,35959
216,116,35963
216,117,35964
216,118,35965
216,119,35966
216,120,35967
216,121,35968
216,122,35969
216,123,35971
216,124,35972
216,125,35974
216,126,35975
216,128,35976
216,129,35979
216,130,35981
216,131,35982
216,132,35983
216,133,35984
216,134,35985
216,135,35986
216,136,35987
216,137,35989
216,138,35990
216,139,35991
216,140,35993
216,141,35994
216,142,35995
216,143,35996
216,144,35997
216,145,35998
216,146,35999
216,147,36000
216,148,36001
216,149,36002
216,150,36003
216,151,36004
216,152,36005
216,153,36006
216,154,36007
216,155,36008
216,156,36009
216,157,36010
216,158,36011
216,159,36012
216,160,36013
216,161,20109
216,162,19980
216,163,20800
216,164,19984
216,165,24319
216,166,21317
216,167,19989
216,168,20120
216,169,19998
216,170,39730
216,171,23404
216,172,22121
216,173,20008
216,174,31162
216,175,20031
216,176,21269
216,177,20039
216,178,22829
216,179,29243
216,180,21358
216,181,27664
216,182,22239
216,183,32996
216,184,39319
216,185,27603
216,186,30590
216,187,40727
216,188,20022
216,189,20127
216,190,40720
216,191,20060
216,192,20073
216,193,20115
216,194,33416
216,195,23387
216,196,21868
216,197,22031
216,198,20164
216,199,21389
216,200,21405
216,201,21411
216,202,21413
216,203,21422
216,204,38757
216,205,36189
216,206,21274
216,207,21493
216,208,21286
216,209,21294
216,210,21310
216,211,36188
216,212,21350
216,213,21347
216,214,20994
216,215,21000
216,216,21006
216,217,21037
216,218,21043
216,219,21055
216,220,21056
216,221,21068
216,222,21086
216,223,21089
216,224,21084
216,225,33967
216,226,21117
216,227,21122
216,228,21121
216,229,21136
216,230,21139
216,231,20866
216,232,32596
216,233,20155
216,234,20163
216,235,20169
216,236,20162
216,237,20200
216,238,20193
216,239,20203
216,240,20190
216,241,20251
216,242,20211
216,243,20258
216,244,20324
216,245,20213
216,246,20261
216,247,20263
216,248,20233
216,249,20267
216,250,20318
216,251,20327
216,252,25912
216,253,20314
216,254,20317
217,64,36014
217,65,36015
217,66,36016
217,67,36017
217,68,36018
217,69,36019
217,70,36020
217,71,36021
217,72,36022
217,73,36023
217,74,36024
217,75,36025
217,76,36026
217,77,36027
217,78,36028
217,79,36029
217,80,36030
217,81,36031
217,82,36032
217,83,36033
217,84,36034
217,85,36035
217,86,36036
217,87,36037
217,88,36038
217,89,36039
217,90,36040
217,91,36041
217,92,36042
217,93,36043
217,94,36044
217,95,36045
217,96,36046
217,97,36047
217,98,36048
217,99,36049
217,100,36050
217,101,36051
217,102,36052
217,103,36053
217,104,36054
217,105,36055
217,106,36056
217,107,36057
217,108,36058
217,109,36059
217,110,36060
217,111,36061
217,112,36062
217,113,36063
217,114,36064
217,115,36065
217,116,36066
217,117,36067
217,118,36068
217,119,36069
217,120,36070
217,121,36071
217,122,36072
217,123,36073
217,124,36074
217,125,36075
217,126,36076
217,128,36077
217,129,36078
217,130,36079
217,131,36080
217,132,36081
217,133,36082
217,134,36083
217,135,36084
217,136,36085
217,137,36086
217,138,36087
217,139,36088
217,140,36089
217,141,36090
217,142,36091
217,143,36092
217,144,36093
217,145,36094
217,146,36095
217,147,36096
217,148,36097
217,149,36098
217,150,36099
217,151,36100
217,152,36101
217,153,36102
217,154,36103
217,155,36104
217,156,36105
217,157,36106
217,158,36107
217,159,36108
217,160,36109
217,161,20319
217,162,20311
217,163,20274
217,164,20285
217,165,20342
217,166,20340
217,167,20369
217,168,20361
217,169,20355
217,170,20367
217,171,20350
217,172,20347
217,173,20394
217,174,20348
217,175,20396
217,176,20372
217,177,20454
217,178,20456
217,179,20458
217,180,20421
217,181,20442
217,182,20451
217,183,20444
217,184,20433
217,185,20447
217,186,20472
217,187,20521
217,188,20556
217,189,20467
217,190,20524
217,191,20495
217,192,20526
217,193,20525
217,194,20478
217,195,20508
217,196,20492
217,197,20517
217,198,20520
217,199,20606
217,200,20547
217,201,20565
217,202,20552
217,203,20558
217,204,20588
217,205,20603
217,206,20645
217,207,20647
217,208,20649
217,209,20666
217,210,20694
217,211,20742
217,212,20717
217,213,20716
217,214,20710
217,215,20718
217,216,20743
217,217,20747
217,218,20189
217,219,27709
217,220,20312
217,221,20325
217,222,20430
217,223,40864
217,224,27718
217,225,31860
217,226,20846
217,227,24061
217,228,40649
217,229,39320
217,230,20865
217,231,22804
217,232,21241
217,233,21261
217,234,35335
217,235,21264
217,236,20971
217,237,22809
217,238,20821
217,239,20128
217,240,20822
217,241,20147
217,242,34926
217,243,34980
217,244,20149
217,245,33044
217,246,35026
217,247,31104
217,248,23348
217,249,34819
217,250,32696
217,251,20907
217,252,20913
217,253,20925
217,254,20924
218,64,36110
218,65,36111
218,66,36112
218,67,36113
218,68,36114
218,69,36115
218,70,36116
218,71,36117
218,72,36118
218,73,36119
218,74,36120
218,75,36121
218,76,36122
218,77,36123
218,78,36124
218,79,36128
218,80,36177
218,81,36178
218,82,36183
218,83,36191
218,84,36197
218,85,36200
218,86,36201
218,87,36202
218,88,36204
218,89,36206
218,90,36207
218,91,36209
218,92,36210
218,93,36216
218,94,36217
218,95,36218
218,96,36219
218,97,36220
218,98,36221
218,99,36222
218,100,36223
218,101,36224
218,102,36226
218,103,36227
218,104,36230
218,105,36231
218,106,36232
218,107,36233
218,108,36236
218,109,36237
218,110,36238
218,111,36239
218,112,36240
218,113,36242
218,114,36243
218,115,36245
218,116,36246
218,117,36247
218,118,36248
218,119,36249
218,120,36250
218,121,36251
218,122,36252
218,123,36253
218,124,36254
218,125,36256
218,126,36257
218,128,36258
218,129,36260
218,130,36261
218,131,36262
218,132,36263
218,133,36264
218,134,36265
218,135,36266
218,136,36267
218,137,36268
218,138,36269
218,139,36270
218,140,36271
218,141,36272
218,142,36274
218,143,36278
218,144,36279
218,145,36281
218,146,36283
218,147,36285
218,148,36288
218,149,36289
218,150,36290
218,151,36293
218,152,36295
218,153,36296
218,154,36297
218,155,36298
218,156,36301
218,157,36304
218,158,36306
218,159,36307
218,160,36308
218,161,20935
218,162,20886
218,163,20898
218,164,20901
218,165,35744
218,166,35750
218,167,35751
218,168,35754
218,169,35764
218,170,35765
218,171,35767
218,172,35778
218,173,35779
218,174,35787
218,175,35791
218,176,35790
218,177,35794
218,178,35795
218,179,35796
218,180,35798
218,181,35800
218,182,35801
218,183,35804
218,184,35807
218,185,35808
218,186,35812
218,187,35816
218,188,35817
218,189,35822
218,190,35824
218,191,35827
218,192,35830
218,193,35833
218,194,35836
218,195,35839
218,196,35840
218,197,35842
218,198,35844
218,199,35847
218,200,35852
218,201,35855
218,202,35857
218,203,35858
218,204,35860
218,205,35861
218,206,35862
218,207,35865
218,208,35867
218,209,35864
218,210,35869
218,211,35871
218,212,35872
218,213,35873
218,214,35877
218,215,35879
218,216,35882
218,217,35883
218,218,35886
218,219,35887
218,220,35890
218,221,35891
218,222,35893
218,223,35894
218,224,21353
218,225,21370
218,226,38429
218,227,38434
218,228,38433
218,229,38449
218,230,38442
218,231,38461
218,232,38460
218,233,38466
218,234,38473
218,235,38484
218,236,38495
218,237,38503
218,238,38508
218,239,38514
218,240,38516
218,241,38536
218,242,38541
218,243,38551
218,244,38576
218,245,37015
218,246,37019
218,247,37021
218,248,37017
218,249,37036
218,250,37025
218,251,37044
218,252,37043
218,253,37046
218,254,37050
219,64,36309
219,65,36312
219,66,36313
219,67,36316
219,68,36320
219,69,36321
219,70,36322
219,71,36325
219,72,36326
219,73,36327
219,74,36329
219,75,36333
219,76,36334
219,77,36336
219,78,36337
219,79,36338
219,80,36340
219,81,36342
219,82,36348
219,83,36350
219,84,36351
219,85,36352
219,86,36353
219,87,36354
219,88,36355
219,89,36356
219,90,36358
219,91,36359
219,92,36360
219,93,36363
219,94,36365
219,95,36366
219,96,36368
219,97,36369
219,98,36370
219,99,36371
219,100,36373
219,101,36374
219,102,36375
219,103,36376
219,104,36377
219,105,36378
219,106,36379
219,107,36380
219,108,36384
219,109,36385
219,110,36388
219,111,36389
219,112,36390
219,113,36391
219,114,36392
219,115,36395
219,116,36397
219,117,36400
219,118,36402
219,119,36403
219,120,36404
219,121,36406
219,122,36407
219,123,36408
219,124,36411
219,125,36412
219,126,36414
219,128,36415
219,129,36419
219,130,36421
219,131,36422
219,132,36428
219,133,36429
219,134,36430
219,135,36431
219,136,36432
219,137,36435
219,138,36436
219,139,36437
219,140,36438
219,141,36439
219,142,36440
219,143,36442
219,144,36443
219,145,36444
219,146,36445
219,147,36446
219,148,36447
219,149,36448
219,150,36449
219,151,36450
219,152,36451
219,153,36452
219,154,36453
219,155,36455
219,156,36456
219,157,36458
219,158,36459
219,159,36462
219,160,36465
219,161,37048
219,162,37040
219,163,37071
219,164,37061
219,165,37054
219,166,37072
219,167,37060
219,168,37063
219,169,37075
219,170,37094
219,171,37090
219,172,37084
219,173,37079
219,174,37083
219,175,37099
219,176,37103
219,177,37118
219,178,37124
219,179,37154
219,180,37150
219,181,37155
219,182,37169
219,183,37167
219,184,37177
219,185,37187
219,186,37190
219,187,21005
219,188,22850
219,189,21154
219,190,21164
219,191,21165
219,192,21182
219,193,21759
219,194,21200
219,195,21206
219,196,21232
219,197,21471
219,198,29166
219,199,30669
219,200,24308
219,201,20981
219,202,20988
219,203,39727
219,204,21430
219,205,24321
219,206,30042
219,207,24047
219,208,22348
219,209,22441
219,210,22433
219,211,22654
219,212,22716
219,213,22725
219,214,22737
219,215,22313
219,216,22316
219,217,22314
219,218,22323
219,219,22329
219,220,22318
219,221,22319
219,222,22364
219,223,22331
219,224,22338
219,225,22377
219,226,22405
219,227,22379
219,228,22406
219,229,22396
219,230,22395
219,231,22376
219,232,22381
219,233,22390
219,234,22387
219,235,22445
219,236,22436
219,237,22412
219,238,22450
219,239,22479
219,240,22439
219,241,22452
219,242,22419
219,243,22432
219,244,22485
219,245,22488
219,246,22490
219,247,22489
219,248,22482
219,249,22456
219,250,22516
219,251,22511
219,252,22520
219,253,22500
219,254,22493
220,64,36467
220,65,36469
220,66,36471
220,67,36472
220,68,36473
220,69,36474
220,70,36475
220,71,36477
220,72,36478
220,73,36480
220,74,36482
220,75,36483
220,76,36484
220,77,36486
220,78,36488
220,79,36489
220,80,36490
220,81,36491
220,82,36492
220,83,36493
220,84,36494
220,85,36497
220,86,36498
220,87,36499
220,88,36501
220,89,36502
220,90,36503
220,91,36504
220,92,36505
220,93,36506
220,94,36507
220,95,36509
220,96,36511
220,97,36512
220,98,36513
220,99,36514
220,100,36515
220,101,36516
220,102,36517
220,103,36518
220,104,36519
220,105,36520
220,106,36521
220,107,36522
220,108,36525
220,109,36526
220,110,36528
220,111,36529
220,112,36531
220,113,36532
220,114,36533
220,115,36534
220,116,36535
220,117,36536
220,118,36537
220,119,36539
220,120,36540
220,121,36541
220,122,36542
220,123,36543
220,124,36544
220,125,36545
220,126,36546
220,128,36547
220,129,36548
220,130,36549
220,131,36550
220,132,36551
220,133,36552
220,134,36553
220,135,36554
220,136,36555
220,137,36556
220,138,36557
220,139,36559
220,140,36560
220,141,36561
220,142,36562
220,143,36563
220,144,36564
220,145,36565
220,146,36566
220,147,36567
220,148,36568
220,149,36569
220,150,36570
220,151,36571
220,152,36572
220,153,36573
220,154,36574
220,155,36575
220,156,36576
220,157,36577
220,158,36578
220,159,36579
220,160,36580
220,161,22539
220,162,22541
220,163,22525
220,164,22509
220,165,22528
220,166,22558
220,167,22553
220,168,22596
220,169,22560
220,170,22629
220,171,22636
220,172,22657
220,173,22665
220,174,22682
220,175,22656
220,176,39336
220,177,40729
220,178,25087
220,179,33401
220,180,33405
220,181,33407
220,182,33423
220,183,33418
220,184,33448
220,185,33412
220,186,33422
220,187,33425
220,188,33431
220,189,33433
220,190,33451
220,191,33464
220,192,33470
220,193,33456
220,194,33480
220,195,33482
220,196,33507
220,197,33432
220,198,33463
220,199,33454
220,200,33483
220,201,33484
220,202,33473
220,203,33449
220,204,33460
220,205,33441
220,206,33450
220,207,33439
220,208,33476
220,209,33486
220,210,33444
220,211,33505
220,212,33545
220,213,33527
220,214,33508
220,215,33551
220,216,33543
220,217,33500
220,218,33524
220,219,33490
220,220,33496
220,221,33548
220,222,33531
220,223,33491
220,224,33553
220,225,33562
220,226,33542
220,227,33556
220,228,33557
220,229,33504
220,230,33493
220,231,33564
220,232,33617
220,233,33627
220,234,33628
220,235,33544
220,236,33682
220,237,33596
220,238,33588
220,239,33585
220,240,33691
220,241,33630
220,242,33583
220,243,33615
220,244,33607
220,245,33603
220,246,33631
220,247,33600
220,248,33559
220,249,33632
220,250,33581
220,251,33594
220,252,33587
220,253,33638
220,254,33637
221,64,36581
221,65,36582
221,66,36583
221,67,36584
221,68,36585
221,69,36586
221,70,36587
221,71,36588
221,72,36589
221,73,36590
221,74,36591
221,75,36592
221,76,36593
221,77,36594
221,78,36595
221,79,36596
221,80,36597
221,81,36598
221,82,36599
221,83,36600
221,84,36601
221,85,36602
221,86,36603
221,87,36604
221,88,36605
221,89,36606
221,90,36607
221,91,36608
221,92,36609
221,93,36610
221,94,36611
221,95,36612
221,96,36613
221,97,36614
221,98,36615
221,99,36616
221,100,36617
221,101,36618
221,102,36619
221,103,36620
221,104,36621
221,105,36622
221,106,36623
221,107,36624
221,108,36625
221,109,36626
221,110,36627
221,111,36628
221,112,36629
221,113,36630
221,114,36631
221,115,36632
221,116,36633
221,117,36634
221,118,36635
221,119,36636
221,120,36637
221,121,36638
221,122,36639
221,123,36640
221,124,36641
221,125,36642
221,126,36643
221,128,36644
221,129,36645
221,130,36646
221,131,36647
221,132,36648
221,133,36649
221,134,36650
221,135,36651
221,136,36652
221,137,36653
221,138,36654
221,139,36655
221,140,36656
221,141,36657
221,142,36658
221,143,36659
221,144,36660
221,145,36661
221,146,36662
221,147,36663
221,148,36664
221,149,36665
221,150,36666
221,151,36667
221,152,36668
221,153,36669
221,154,36670
221,155,36671
221,156,36672
221,157,36673
221,158,36674
221,159,36675
221,160,36676
221,161,33640
221,162,33563
221,163,33641
221,164,33644
221,165,33642
221,166,33645
221,167,33646
221,168,33712
221,169,33656
221,170,33715
221,171,33716
221,172,33696
221,173,33706
221,174,33683
221,175,33692
221,176,33669
221,177,33660
221,178,33718
221,179,33705
221,180,33661
221,181,33720
221,182,33659
221,183,33688
221,184,33694
221,185,33704
221,186,33722
221,187,33724
221,188,33729
221,189,33793
221,190,33765
221,191,33752
221,192,22535
221,193,33816
221,194,33803
221,195,33757
221,196,33789
221,197,33750
221,198,33820
221,199,33848
221,200,33809
221,201,33798
221,202,33748
221,203,33759
221,204,33807
221,205,33795
221,206,33784
221,207,33785
221,208,33770
221,209,33733
221,210,33728
221,211,33830
221,212,33776
221,213,33761
221,214,33884
221,215,33873
221,216,33882
221,217,33881
221,218,33907
221,219,33927
221,220,33928
221,221,33914
221,222,33929
221,223,33912
221,224,33852
221,225,33862
221,226,33897
221,227,33910
221,228,33932
221,229,33934
221,230,33841
221,231,33901
221,232,33985
221,233,33997
221,234,34000
221,235,34022
221,236,33981
221,237,34003
221,238,33994
221,239,33983
221,240,33978
221,241,34016
221,242,33953
221,243,33977
221,244,33972
221,245,33943
221,246,34021
221,247,34019
221,248,34060
221,249,29965
221,250,34104
221,251,34032
221,252,34105
221,253,34079
221,254,34106
222,64,36677
222,65,36678
222,66,36679
222,67,36680
222,68,36681
222,69,36682
222,70,36683
222,71,36684
222,72,36685
222,73,36686
222,74,36687
222,75,36688
222,76,36689
222,77,36690
222,78,36691
222,79,36692
222,80,36693
222,81,36694
222,82,36695
222,83,36696
222,84,36697
222,85,36698
222,86,36699
222,87,36700
222,88,36701
222,89,36702
222,90,36703
222,91,36704
222,92,36705
222,93,36706
222,94,36707
222,95,36708
222,96,36709
222,97,36714
222,98,36736
222,99,36748
222,100,36754
222,101,36765
222,102,36768
222,103,36769
222,104,36770
222,105,36772
222,106,36773
222,107,36774
222,108,36775
222,109,36778
222,110,36780
222,111,36781
222,112,36782
222,113,36783
222,114,36786
222,115,36787
222,116,36788
222,117,36789
222,118,36791
222,119,36792
222,120,36794
222,121,36795
222,122,36796
222,123,36799
222,124,36800
222,125,36803
222,126,36806
222,128,36809
222,129,36810
222,130,36811
222,131,36812
222,132,36813
222,133,36815
222,134,36818
222,135,36822
222,136,36823
222,137,36826
222,138,36832
222,139,36833
222,140,36835
222,141,36839
222,142,36844
222,143,36847
222,144,36849
222,145,36850
222,146,36852
222,147,36853
222,148,36854
222,149,36858
222,150,36859
222,151,36860
222,152,36862
222,153,36863
222,154,36871
222,155,36872
222,156,36876
222,157,36878
222,158,36883
222,159,36885
222,160,36888
222,161,34134
222,162,34107
222,163,34047
222,164,34044
222,165,34137
222,166,34120
222,167,34152
222,168,34148
222,169,34142
222,170,34170
222,171,30626
222,172,34115
222,173,34162
222,174,34171
222,175,34212
222,176,34216
222,177,34183
222,178,34191
222,179,34169
222,180,34222
222,181,34204
222,182,34181
222,183,34233
222,184,34231
222,185,34224
222,186,34259
222,187,34241
222,188,34268
222,189,34303
222,190,34343
222,191,34309
222,192,34345
222,193,34326
222,194,34364
222,195,24318
222,196,24328
222,197,22844
222,198,22849
222,199,32823
222,200,22869
222,201,22874
222,202,22872
222,203,21263
222,204,23586
222,205,23589
222,206,23596
222,207,23604
222,208,25164
222,209,25194
222,210,25247
222,211,25275
222,212,25290
222,213,25306
222,214,25303
222,215,25326
222,216,25378
222,217,25334
222,218,25401
222,219,25419
222,220,25411
222,221,25517
222,222,25590
222,223,25457
222,224,25466
222,225,25486
222,226,25524
222,227,25453
222,228,25516
222,229,25482
222,230,25449
222,231,25518
222,232,25532
222,233,25586
222,234,25592
222,235,25568
222,236,25599
222,237,25540
222,238,25566
222,239,25550
222,240,25682
222,241,25542
222,242,25534
222,243,25669
222,244,25665
222,245,25611
222,246,25627
222,247,25632
222,248,25612
222,249,25638
222,250,25633
222,251,25694
222,252,25732
222,253,25709
222,254,25750
223,64,36889
223,65,36892
223,66,36899
223,67,36900
223,68,36901
223,69,36903
223,70,36904
223,71,36905
223,72,36906
223,73,36907
223,74,36908
223,75,36912
223,76,36913
223,77,36914
223,78,36915
223,79,36916
223,80,36919
223,81,36921
223,82,36922
223,83,36925
223,84,36927
223,85,36928
223,86,36931
223,87,36933
223,88,36934
223,89,36936
223,90,36937
223,91,36938
223,92,36939
223,93,36940
223,94,36942
223,95,36948
223,96,36949
223,97,36950
223,98,36953
223,99,36954
223,100,36956
223,101,36957
223,102,36958
223,103,36959
223,104,36960
223,105,36961
223,106,36964
223,107,36966
223,108,36967
223,109,36969
223,110,36970
223,111,36971
223,112,36972
223,113,36975
223,114,36976
223,115,36977
223,116,36978
223,117,36979
223,118,36982
223,119,36983
223,120,36984
223,121,36985
223,122,36986
223,123,36987
223,124,36988
223,125,36990
223,126,36993
223,128,36996
223,129,36997
223,130,36998
223,131,36999
223,132,37001
223,133,37002
223,134,37004
223,135,37005
223,136,37006
223,137,37007
223,138,37008
223,139,37010
223,140,37012
223,141,37014
223,142,37016
223,143,37018
223,144,37020
223,145,37022
223,146,37023
223,147,37024
223,148,37028
223,149,37029
223,150,37031
223,151,37032
223,152,37033
223,153,37035
223,154,37037
223,155,37042
223,156,37047
223,157,37052
223,158,37053
223,159,37055
223,160,37056
223,161,25722
223,162,25783
223,163,25784
223,164,25753
223,165,25786
223,166,25792
223,167,25808
223,168,25815
223,169,25828
223,170,25826
223,171,25865
223,172,25893
223,173,25902
223,174,24331
223,175,24530
223,176,29977
223,177,24337
223,178,21343
223,179,21489
223,180,21501
223,181,21481
223,182,21480
223,183,21499
223,184,21522
223,185,21526
223,186,21510
223,187,21579
223,188,21586
223,189,21587
223,190,21588
223,191,21590
223,192,21571
223,193,21537
223,194,21591
223,195,21593
223,196,21539
223,197,21554
223,198,21634
223,199,21652
223,200,21623
223,201,21617
223,202,21604
223,203,21658
223,204,21659
223,205,21636
223,206,21622
223,207,21606
223,208,21661
223,209,21712
223,210,21677
223,211,21698
223,212,21684
223,213,21714
223,214,21671
223,215,21670
223,216,21715
223,217,21716
223,218,21618
223,219,21667
223,220,21717
223,221,21691
223,222,21695
223,223,21708
223,224,21721
223,225,21722
223,226,21724
223,227,21673
223,228,21674
223,229,21668
223,230,21725
223,231,21711
223,232,21726
223,233,21787
223,234,21735
223,235,21792
223,236,21757
223,237,21780
223,238,21747
223,239,21794
223,240,21795
223,241,21775
223,242,21777
223,243,21799
223,244,21802
223,245,21863
223,246,21903
223,247,21941
223,248,21833
223,249,21869
223,250,21825
223,251,21845
223,252,21823
223,253,21840
223,254,21820
224,64,37058
224,65,37059
224,66,37062
224,67,37064
224,68,37065
224,69,37067
224,70,37068
224,71,37069
224,72,37074
224,73,37076
224,74,37077
224,75,37078
224,76,37080
224,77,37081
224,78,37082
224,79,37086
224,80,37087
224,81,37088
224,82,37091
224,83,37092
224,84,37093
224,85,37097
224,86,37098
224,87,37100
224,88,37102
224,89,37104
224,90,37105
224,91,37106
224,92,37107
224,93,37109
224,94,37110
224,95,37111
224,96,37113
224,97,37114
224,98,37115
224,99,37116
224,100,37119
224,101,37120
224,102,37121
224,103,37123
224,104,37125
224,105,37126
224,106,37127
224,107,37128
224,108,37129
224,109,37130
224,110,37131
224,111,37132
224,112,37133
224,113,37134
224,114,37135
224,115,37136
224,116,37137
224,117,37138
224,118,37139
224,119,37140
224,120,37141
224,121,37142
224,122,37143
224,123,37144
224,124,37146
224,125,37147
224,126,37148
224,128,37149
224,129,37151
224,130,37152
224,131,37153
224,132,37156
224,133,37157
224,134,37158
224,135,37159
224,136,37160
224,137,37161
224,138,37162
224,139,37163
224,140,37164
224,141,37165
224,142,37166
224,143,37168
224,144,37170
224,145,37171
224,146,37172
224,147,37173
224,148,37174
224,149,37175
224,150,37176
224,151,37178
224,152,37179
224,153,37180
224,154,37181
224,155,37182
224,156,37183
224,157,37184
224,158,37185
224,159,37186
224,160,37188
224,161,21815
224,162,21846
224,163,21877
224,164,21878
224,165,21879
224,166,21811
224,167,21808
224,168,21852
224,169,21899
224,170,21970
224,171,21891
224,172,21937
224,173,21945
224,174,21896
224,175,21889
224,176,21919
224,177,21886
224,178,21974
224,179,21905
224,180,21883
224,181,21983
224,182,21949
224,183,21950
224,184,21908
224,185,21913
224,186,21994
224,187,22007
224,188,21961
224,189,22047
224,190,21969
224,191,21995
224,192,21996
224,193,21972
224,194,21990
224,195,21981
224,196,21956
224,197,21999
224,198,21989
224,199,22002
224,200,22003
224,201,21964
224,202,21965
224,203,21992
224,204,22005
224,205,21988
224,206,36756
224,207,22046
224,208,22024
224,209,22028
224,210,22017
224,211,22052
224,212,22051
224,213,22014
224,214,22016
224,215,22055
224,216,22061
224,217,22104
224,218,22073
224,219,22103
224,220,22060
224,221,22093
224,222,22114
224,223,22105
224,224,22108
224,225,22092
224,226,22100
224,227,22150
224,228,22116
224,229,22129
224,230,22123
224,231,22139
224,232,22140
224,233,22149
224,234,22163
224,235,22191
224,236,22228
224,237,22231
224,238,22237
224,239,22241
224,240,22261
224,241,22251
224,242,22265
224,243,22271
224,244,22276
224,245,22282
224,246,22281
224,247,22300
224,248,24079
224,249,24089
224,250,24084
224,251,24081
224,252,24113
224,253,24123
224,254,24124
225,64,37189
225,65,37191
225,66,37192
225,67,37201
225,68,37203
225,69,37204
225,70,37205
225,71,37206
225,72,37208
225,73,37209
225,74,37211
225,75,37212
225,76,37215
225,77,37216
225,78,37222
225,79,37223
225,80,37224
225,81,37227
225,82,37229
225,83,37235
225,84,37242
225,85,37243
225,86,37244
225,87,37248
225,88,37249
225,89,37250
225,90,37251
225,91,37252
225,92,37254
225,93,37256
225,94,37258
225,95,37262
225,96,37263
225,97,37267
225,98,37268
225,99,37269
225,100,37270
225,101,37271
225,102,37272
225,103,37273
225,104,37276
225,105,37277
225,106,37278
225,107,37279
225,108,37280
225,109,37281
225,110,37284
225,111,37285
225,112,37286
225,113,37287
225,114,37288
225,115,37289
225,116,37291
225,117,37292
225,118,37296
225,119,37297
225,120,37298
225,121,37299
225,122,37302
225,123,37303
225,124,37304
225,125,37305
225,126,37307
225,128,37308
225,129,37309
225,130,37310
225,131,37311
225,132,37312
225,133,37313
225,134,37314
225,135,37315
225,136,37316
225,137,37317
225,138,37318
225,139,37320
225,140,37323
225,141,37328
225,142,37330
225,143,37331
225,144,37332
225,145,37333
225,146,37334
225,147,37335
225,148,37336
225,149,37337
225,150,37338
225,151,37339
225,152,37341
225,153,37342
225,154,37343
225,155,37344
225,156,37345
225,157,37346
225,158,37347
225,159,37348
225,160,37349
225,161,24119
225,162,24132
225,163,24148
225,164,24155
225,165,24158
225,166,24161
225,167,23692
225,168,23674
225,169,23693
225,170,23696
225,171,23702
225,172,23688
225,173,23704
225,174,23705
225,175,23697
225,176,23706
225,177,23708
225,178,23733
225,179,23714
225,180,23741
225,181,23724
225,182,23723
225,183,23729
225,184,23715
225,185,23745
225,186,23735
225,187,23748
225,188,23762
225,189,23780
225,190,23755
225,191,23781
225,192,23810
225,193,23811
225,194,23847
225,195,23846
225,196,23854
225,197,23844
225,198,23838
225,199,23814
225,200,23835
225,201,23896
225,202,23870
225,203,23860
225,204,23869
225,205,23916
225,206,23899
225,207,23919
225,208,23901
225,209,23915
225,210,23883
225,211,23882
225,212,23913
225,213,23924
225,214,23938
225,215,23961
225,216,23965
225,217,35955
225,218,23991
225,219,24005
225,220,24435
225,221,24439
225,222,24450
225,223,24455
225,224,24457
225,225,24460
225,226,24469
225,227,24473
225,228,24476
225,229,24488
225,230,24493
225,231,24501
225,232,24508
225,233,34914
225,234,24417
225,235,29357
225,236,29360
225,237,29364
225,238,29367
225,239,29368
225,240,29379
225,241,29377
225,242,29390
225,243,29389
225,244,29394
225,245,29416
225,246,29423
225,247,29417
225,248,29426
225,249,29428
225,250,29431
225,251,29441
225,252,29427
225,253,29443
225,254,29434
226,64,37350
226,65,37351
226,66,37352
226,67,37353
226,68,37354
226,69,37355
226,70,37356
226,71,37357
226,72,37358
226,73,37359
226,74,37360
226,75,37361
226,76,37362
226,77,37363
226,78,37364
226,79,37365
226,80,37366
226,81,37367
226,82,37368
226,83,37369
226,84,37370
226,85,37371
226,86,37372
226,87,37373
226,88,37374
226,89,37375
226,90,37376
226,91,37377
226,92,37378
226,93,37379
226,94,37380
226,95,37381
226,96,37382
226,97,37383
226,98,37384
226,99,37385
226,100,37386
226,101,37387
226,102,37388
226,103,37389
226,104,37390
226,105,37391
226,106,37392
226,107,37393
226,108,37394
226,109,37395
226,110,37396
226,111,37397
226,112,37398
226,113,37399
226,114,37400
226,115,37401
226,116,37402
226,117,37403
226,118,37404
226,119,37405
226,120,37406
226,121,37407
226,122,37408
226,123,37409
226,124,37410
226,125,37411
226,126,37412
226,128,37413
226,129,37414
226,130,37415
226,131,37416
226,132,37417
226,133,37418
226,134,37419
226,135,37420
226,136,37421
226,137,37422
226,138,37423
226,139,37424
226,140,37425
226,141,37426
226,142,37427
226,143,37428
226,144,37429
226,145,37430
226,146,37431
226,147,37432
226,148,37433
226,149,37434
226,150,37435
226,151,37436
226,152,37437
226,153,37438
226,154,37439
226,155,37440
226,156,37441
226,157,37442
226,158,37443
226,159,37444
226,160,37445
226,161,29435
226,162,29463
226,163,29459
226,164,29473
226,165,29450
226,166,29470
226,167,29469
226,168,29461
226,169,29474
226,170,29497
226,171,29477
226,172,29484
226,173,29496
226,174,29489
226,175,29520
226,176,29517
226,177,29527
226,178,29536
226,179,29548
226,180,29551
226,181,29566
226,182,33307
226,183,22821
226,184,39143
226,185,22820
226,186,22786
226,187,39267
226,188,39271
226,189,39272
226,190,39273
226,191,39274
226,192,39275
226,193,39276
226,194,39284
226,195,39287
226,196,39293
226,197,39296
226,198,39300
226,199,39303
226,200,39306
226,201,39309
226,202,39312
226,203,39313
226,204,39315
226,205,39316
226,206,39317
226,207,24192
226,208,24209
226,209,24203
226,210,24214
226,211,24229
226,212,24224
226,213,24249
226,214,24245
226,215,24254
226,216,24243
226,217,36179
226,218,24274
226,219,24273
226,220,24283
226,221,24296
226,222,24298
226,223,33210
226,224,24516
226,225,24521
226,226,24534
226,227,24527
226,228,24579
226,229,24558
226,230,24580
226,231,24545
226,232,24548
226,233,24574
226,234,24581
226,235,24582
226,236,24554
226,237,24557
226,238,24568
226,239,24601
226,240,24629
226,241,24614
226,242,24603
226,243,24591
226,244,24589
226,245,24617
226,246,24619
226,247,24586
226,248,24639
226,249,24609
226,250,24696
226,251,24697
226,252,24699
226,253,24698
226,254,24642
227,64,37446
227,65,37447
227,66,37448
227,67,37449
227,68,37450
227,69,37451
227,70,37452
227,71,37453
227,72,37454
227,73,37455
227,74,37456
227,75,37457
227,76,37458
227,77,37459
227,78,37460
227,79,37461
227,80,37462
227,81,37463
227,82,37464
227,83,37465
227,84,37466
227,85,37467
227,86,37468
227,87,37469
227,88,37470
227,89,37471
227,90,37472
227,91,37473
227,92,37474
227,93,37475
227,94,37476
227,95,37477
227,96,37478
227,97,37479
227,98,37480
227,99,37481
227,100,37482
227,101,37483
227,102,37484
227,103,37485
227,104,37486
227,105,37487
227,106,37488
227,107,37489
227,108,37490
227,109,37491
227,110,37493
227,111,37494
227,112,37495
227,113,37496
227,114,37497
227,115,37498
227,116,37499
227,117,37500
227,118,37501
227,119,37502
227,120,37503
227,121,37504
227,122,37505
227,123,37506
227,124,37507
227,125,37508
227,126,37509
227,128,37510
227,129,37511
227,130,37512
227,131,37513
227,132,37514
227,133,37515
227,134,37516
227,135,37517
227,136,37519
227,137,37520
227,138,37521
227,139,37522
227,140,37523
227,141,37524
227,142,37525
227,143,37526
227,144,37527
227,145,37528
227,146,37529
227,147,37530
227,148,37531
227,149,37532
227,150,37533
227,151,37534
227,152,37535
227,153,37536
227,154,37537
227,155,37538
227,156,37539
227,157,37540
227,158,37541
227,159,37542
227,160,37543
227,161,24682
227,162,24701
227,163,24726
227,164,24730
227,165,24749
227,166,24733
227,167,24707
227,168,24722
227,169,24716
227,170,24731
227,171,24812
227,172,24763
227,173,24753
227,174,24797
227,175,24792
227,176,24774
227,177,24794
227,178,24756
227,179,24864
227,180,24870
227,181,24853
227,182,24867
227,183,24820
227,184,24832
227,185,24846
227,186,24875
227,187,24906
227,188,24949
227,189,25004
227,190,24980
227,191,24999
227,192,25015
227,193,25044
227,194,25077
227,195,24541
227,196,38579
227,197,38377
227,198,38379
227,199,38385
227,200,38387
227,201,38389
227,202,38390
227,203,38396
227,204,38398
227,205,38403
227,206,38404
227,207,38406
227,208,38408
227,209,38410
227,210,38411
227,211,38412
227,212,38413
227,213,38415
227,214,38418
227,215,38421
227,216,38422
227,217,38423
227,218,38425
227,219,38426
227,220,20012
227,221,29247
227,222,25109
227,223,27701
227,224,27732
227,225,27740
227,226,27722
227,227,27811
227,228,27781
227,229,27792
227,230,27796
227,231,27788
227,232,27752
227,233,27753
227,234,27764
227,235,27766
227,236,27782
227,237,27817
227,238,27856
227,239,27860
227,240,27821
227,241,27895
227,242,27896
227,243,27889
227,244,27863
227,245,27826
227,246,27872
227,247,27862
227,248,27898
227,249,27883
227,250,27886
227,251,27825
227,252,27859
227,253,27887
227,254,27902
228,64,37544
228,65,37545
228,66,37546
228,67,37547
228,68,37548
228,69,37549
228,70,37551
228,71,37552
228,72,37553
228,73,37554
228,74,37555
228,75,37556
228,76,37557
228,77,37558
228,78,37559
228,79,37560
228,80,37561
228,81,37562
228,82,37563
228,83,37564
228,84,37565
228,85,37566
228,86,37567
228,87,37568
228,88,37569
228,89,37570
228,90,37571
228,91,37572
228,92,37573
228,93,37574
228,94,37575
228,95,37577
228,96,37578
228,97,37579
228,98,37580
228,99,37581
228,100,37582
228,101,37583
228,102,37584
228,103,37585
228,104,37586
228,105,37587
228,106,37588
228,107,37589
228,108,37590
228,109,37591
228,110,37592
228,111,37593
228,112,37594
228,113,37595
228,114,37596
228,115,37597
228,116,37598
228,117,37599
228,118,37600
228,119,37601
228,120,37602
228,121,37603
228,122,37604
228,123,37605
228,124,37606
228,125,37607
228,126,37608
228,128,37609
228,129,37610
228,130,37611
228,131,37612
228,132,37613
228,133,37614
228,134,37615
228,135,37616
228,136,37617
228,137,37618
228,138,37619
228,139,37620
228,140,37621
228,141,37622
228,142,37623
228,143,37624
228,144,37625
228,145,37626
228,146,37627
228,147,37628
228,148,37629
228,149,37630
228,150,37631
228,151,37632
228,152,37633
228,153,37634
228,154,37635
228,155,37636
228,156,37637
228,157,37638
228,158,37639
228,159,37640
228,160,37641
228,161,27961
228,162,27943
228,163,27916
228,164,27971
228,165,27976
228,166,27911
228,167,27908
228,168,27929
228,169,27918
228,170,27947
228,171,27981
228,172,27950
228,173,27957
228,174,27930
228,175,27983
228,176,27986
228,177,27988
228,178,27955
228,179,28049
228,180,28015
228,181,28062
228,182,28064
228,183,27998
228,184,28051
228,185,28052
228,186,27996
228,187,28000
228,188,28028
228,189,28003
228,190,28186
228,191,28103
228,192,28101
228,193,28126
228,194,28174
228,195,28095
228,196,28128
228,197,28177
228,198,28134
228,199,28125
228,200,28121
228,201,28182
228,202,28075
228,203,28172
228,204,28078
228,205,28203
228,206,28270
228,207,28238
228,208,28267
228,209,28338
228,210,28255
228,211,28294
228,212,28243
228,213,28244
228,214,28210
228,215,28197
228,216,28228
228,217,28383
228,218,28337
228,219,28312
228,220,28384
228,221,28461
228,222,28386
228,223,28325
228,224,28327
228,225,28349
228,226,28347
228,227,28343
228,228,28375
228,229,28340
228,230,28367
228,231,28303
228,232,28354
228,233,28319
228,234,28514
228,235,28486
228,236,28487
228,237,28452
228,238,28437
228,239,28409
228,240,28463
228,241,28470
228,242,28491
228,243,28532
228,244,28458
228,245,28425
228,246,28457
228,247,28553
228,248,28557
228,249,28556
228,250,28536
228,251,28530
228,252,28540
228,253,28538
228,254,28625
229,64,37642
229,65,37643
229,66,37644
229,67,37645
229,68,37646
229,69,37647
229,70,37648
229,71,37649
229,72,37650
229,73,37651
229,74,37652
229,75,37653
229,76,37654
229,77,37655
229,78,37656
229,79,37657
229,80,37658
229,81,37659
229,82,37660
229,83,37661
229,84,37662
229,85,37663
229,86,37664
229,87,37665
229,88,37666
229,89,37667
229,90,37668
229,91,37669
229,92,37670
229,93,37671
229,94,37672
229,95,37673
229,96,37674
229,97,37675
229,98,37676
229,99,37677
229,100,37678
229,101,37679
229,102,37680
229,103,37681
229,104,37682
229,105,37683
229,106,37684
229,107,37685
229,108,37686
229,109,37687
229,110,37688
229,111,37689
229,112,37690
229,113,37691
229,114,37692
229,115,37693
229,116,37695
229,117,37696
229,118,37697
229,119,37698
229,120,37699
229,121,37700
229,122,37701
229,123,37702
229,124,37703
229,125,37704
229,126,37705
229,128,37706
229,129,37707
229,130,37708
229,131,37709
229,132,37710
229,133,37711
229,134,37712
229,135,37713
229,136,37714
229,137,37715
229,138,37716
229,139,37717
229,140,37718
229,141,37719
229,142,37720
229,143,37721
229,144,37722
229,145,37723
229,146,37724
229,147,37725
229,148,37726
229,149,37727
229,150,37728
229,151,37729
229,152,37730
229,153,37731
229,154,37732
229,155,37733
229,156,37734
229,157,37735
229,158,37736
229,159,37737
229,160,37739
229,161,28617
229,162,28583
229,163,28601
229,164,28598
229,165,28610
229,166,28641
229,167,28654
229,168,28638
229,169,28640
229,170,28655
229,171,28698
229,172,28707
229,173,28699
229,174,28729
229,175,28725
229,176,28751
229,177,28766
229,178,23424
229,179,23428
229,180,23445
229,181,23443
229,182,23461
229,183,23480
229,184,29999
229,185,39582
229,186,25652
229,187,23524
229,188,23534
229,189,35120
229,190,23536
229,191,36423
229,192,35591
229,193,36790
229,194,36819
229,195,36821
229,196,36837
229,197,36846
229,198,36836
229,199,36841
229,200,36838
229,201,36851
229,202,36840
229,203,36869
229,204,36868
229,205,36875
229,206,36902
229,207,36881
229,208,36877
229,209,36886
229,210,36897
229,211,36917
229,212,36918
229,213,36909
229,214,36911
229,215,36932
229,216,36945
229,217,36946
229,218,36944
229,219,36968
229,220,36952
229,221,36962
229,222,36955
229,223,26297
229,224,36980
229,225,36989
229,226,36994
229,227,37000
229,228,36995
229,229,37003
229,230,24400
229,231,24407
229,232,24406
229,233,24408
229,234,23611
229,235,21675
229,236,23632
229,237,23641
229,238,23409
229,239,23651
229,240,23654
229,241,32700
229,242,24362
229,243,24361
229,244,24365
229,245,33396
229,246,24380
229,247,39739
229,248,23662
229,249,22913
229,250,22915
229,251,22925
229,252,22953
229,253,22954
229,254,22947
230,64,37740
230,65,37741
230,66,37742
230,67,37743
230,68,37744
230,69,37745
230,70,37746
230,71,37747
230,72,37748
230,73,37749
230,74,37750
230,75,37751
230,76,37752
230,77,37753
230,78,37754
230,79,37755
230,80,37756
230,81,37757
230,82,37758
230,83,37759
230,84,37760
230,85,37761
230,86,37762
230,87,37763
230,88,37764
230,89,37765
230,90,37766
230,91,37767
230,92,37768
230,93,37769
230,94,37770
230,95,37771
230,96,37772
230,97,37773
230,98,37774
230,99,37776
230,100,37777
230,101,37778
230,102,37779
230,103,37780
230,104,37781
230,105,37782
230,106,37783
230,107,37784
230,108,37785
230,109,37786
230,110,37787
230,111,37788
230,112,37789
230,113,37790
230,114,37791
230,115,37792
230,116,37793
230,117,37794
230,118,37795
230,119,37796
230,120,37797
230,121,37798
230,122,37799
230,123,37800
230,124,37801
230,125,37802
230,126,37803
230,128,37804
230,129,37805
230,130,37806
230,131,37807
230,132,37808
230,133,37809
230,134,37810
230,135,37811
230,136,37812
230,137,37813
230,138,37814
230,139,37815
230,140,37816
230,141,37817
230,142,37818
230,143,37819
230,144,37820
230,145,37821
230,146,37822
230,147,37823
230,148,37824
230,149,37825
230,150,37826
230,151,37827
230,152,37828
230,153,37829
230,154,37830
230,155,37831
230,156,37832
230,157,37833
230,158,37835
230,159,37836
230,160,37837
230,161,22935
230,162,22986
230,163,22955
230,164,22942
230,165,22948
230,166,22994
230,167,22962
230,168,22959
230,169,22999
230,170,22974
230,171,23045
230,172,23046
230,173,23005
230,174,23048
230,175,23011
230,176,23000
230,177,23033
230,178,23052
230,179,23049
230,180,23090
230,181,23092
230,182,23057
230,183,23075
230,184,23059
230,185,23104
230,186,23143
230,187,23114
230,188,23125
230,189,23100
230,190,23138
230,191,23157
230,192,33004
230,193,23210
230,194,23195
230,195,23159
230,196,23162
230,197,23230
230,198,23275
230,199,23218
230,200,23250
230,201,23252
230,202,23224
230,203,23264
230,204,23267
230,205,23281
230,206,23254
230,207,23270
230,208,23256
230,209,23260
230,210,23305
230,211,23319
230,212,23318
230,213,23346
230,214,23351
230,215,23360
230,216,23573
230,217,23580
230,218,23386
230,219,23397
230,220,23411
230,221,23377
230,222,23379
230,223,23394
230,224,39541
230,225,39543
230,226,39544
230,227,39546
230,228,39551
230,229,39549
230,230,39552
230,231,39553
230,232,39557
230,233,39560
230,234,39562
230,235,39568
230,236,39570
230,237,39571
230,238,39574
230,239,39576
230,240,39579
230,241,39580
230,242,39581
230,243,39583
230,244,39584
230,245,39586
230,246,39587
230,247,39589
230,248,39591
230,249,32415
230,250,32417
230,251,32419
230,252,32421
230,253,32424
230,254,32425
231,64,37838
231,65,37839
231,66,37840
231,67,37841
231,68,37842
231,69,37843
231,70,37844
231,71,37845
231,72,37847
231,73,37848
231,74,37849
231,75,37850
231,76,37851
231,77,37852
231,78,37853
231,79,37854
231,80,37855
231,81,37856
231,82,37857
231,83,37858
231,84,37859
231,85,37860
231,86,37861
231,87,37862
231,88,37863
231,89,37864
231,90,37865
231,91,37866
231,92,37867
231,93,37868
231,94,37869
231,95,37870
231,96,37871
231,97,37872
231,98,37873
231,99,37874
231,100,37875
231,101,37876
231,102,37877
231,103,37878
231,104,37879
231,105,37880
231,106,37881
231,107,37882
231,108,37883
231,109,37884
231,110,37885
231,111,37886
231,112,37887
231,113,37888
231,114,37889
231,115,37890
231,116,37891
231,117,37892
231,118,37893
231,119,37894
231,120,37895
231,121,37896
231,122,37897
231,123,37898
231,124,37899
231,125,37900
231,126,37901
231,128,37902
231,129,37903
231,130,37904
231,131,37905
231,132,37906
231,133,37907
231,134,37908
231,135,37909
231,136,37910
231,137,37911
231,138,37912
231,139,37913
231,140,37914
231,141,37915
231,142,37916
231,143,37917
231,144,37918
231,145,37919
231,146,37920
231,147,37921
231,148,37922
231,149,37923
231,150,37924
231,151,37925
231,152,37926
231,153,37927
231,154,37928
231,155,37929
231,156,37930
231,157,37931
231,158,37932
231,159,37933
231,160,37934
231,161,32429
231,162,32432
231,163,32446
231,164,32448
231,165,32449
231,166,32450
231,167,32457
231,168,32459
231,169,32460
231,170,32464
231,171,32468
231,172,32471
231,173,32475
231,174,32480
231,175,32481
231,176,32488
231,177,32491
231,178,32494
231,179,32495
231,180,32497
231,181,32498
231,182,32525
231,183,32502
231,184,32506
231,185,32507
231,186,32510
231,187,32513
231,188,32514
231,189,32515
231,190,32519
231,191,32520
231,192,32523
231,193,32524
231,194,32527
231,195,32529
231,196,32530
231,197,32535
231,198,32537
231,199,32540
231,200,32539
231,201,32543
231,202,32545
231,203,32546
231,204,32547
231,205,32548
231,206,32549
231,207,32550
231,208,32551
231,209,32554
231,210,32555
231,211,32556
231,212,32557
231,213,32559
231,214,32560
231,215,32561
231,216,32562
231,217,32563
231,218,32565
231,219,24186
231,220,30079
231,221,24027
231,222,30014
231,223,37013
231,224,29582
231,225,29585
231,226,29614
231,227,29602
231,228,29599
231,229,29647
231,230,29634
231,231,29649
231,232,29623
231,233,29619
231,234,29632
231,235,29641
231,236,29640
231,237,29669
231,238,29657
231,239,39036
231,240,29706
231,241,29673
231,242,29671
231,243,29662
231,244,29626
231,245,29682
231,246,29711
231,247,29738
231,248,29787
231,249,29734
231,250,29733
231,251,29736
231,252,29744
231,253,29742
231,254,29740
232,64,37935
232,65,37936
232,66,37937
232,67,37938
232,68,37939
232,69,37940
232,70,37941
232,71,37942
232,72,37943
232,73,37944
232,74,37945
232,75,37946
232,76,37947
232,77,37948
232,78,37949
232,79,37951
232,80,37952
232,81,37953
232,82,37954
232,83,37955
232,84,37956
232,85,37957
232,86,37958
232,87,37959
232,88,37960
232,89,37961
232,90,37962
232,91,37963
232,92,37964
232,93,37965
232,94,37966
232,95,37967
232,96,37968
232,97,37969
232,98,37970
232,99,37971
232,100,37972
232,101,37973
232,102,37974
232,103,37975
232,104,37976
232,105,37977
232,106,37978
232,107,37979
232,108,37980
232,109,37981
232,110,37982
232,111,37983
232,112,37984
232,113,37985
232,114,37986
232,115,37987
232,116,37988
232,117,37989
232,118,37990
232,119,37991
232,120,37992
232,121,37993
232,122,37994
232,123,37996
232,124,37997
232,125,37998
232,126,37999
232,128,38000
232,129,38001
232,130,38002
232,131,38003
232,132,38004
232,133,38005
232,134,38006
232,135,38007
232,136,38008
232,137,38009
232,138,38010
232,139,38011
232,140,38012
232,141,38013
232,142,38014
232,143,38015
232,144,38016
232,145,38017
232,146,38018
232,147,38019
232,148,38020
232,149,38033
232,150,38038
232,151,38040
232,152,38087
232,153,38095
232,154,38099
232,155,38100
232,156,38106
232,157,38118
232,158,38139
232,159,38172
232,160,38176
232,161,29723
232,162,29722
232,163,29761
232,164,29788
232,165,29783
232,166,29781
232,167,29785
232,168,29815
232,169,29805
232,170,29822
232,171,29852
232,172,29838
232,173,29824
232,174,29825
232,175,29831
232,176,29835
232,177,29854
232,178,29864
232,179,29865
232,180,29840
232,181,29863
232,182,29906
232,183,29882
232,184,38890
232,185,38891
232,186,38892
232,187,26444
232,188,26451
232,189,26462
232,190,26440
232,191,26473
232,192,26533
232,193,26503
232,194,26474
232,195,26483
232,196,26520
232,197,26535
232,198,26485
232,199,26536
232,200,26526
232,201,26541
232,202,26507
232,203,26487
232,204,26492
232,205,26608
232,206,26633
232,207,26584
232,208,26634
232,209,26601
232,210,26544
232,211,26636
232,212,26585
232,213,26549
232,214,26586
232,215,26547
232,216,26589
232,217,26624
232,218,26563
232,219,26552
232,220,26594
232,221,26638
232,222,26561
232,223,26621
232,224,26674
232,225,26675
232,226,26720
232,227,26721
232,228,26702
232,229,26722
232,230,26692
232,231,26724
232,232,26755
232,233,26653
232,234,26709
232,235,26726
232,236,26689
232,237,26727
232,238,26688
232,239,26686
232,240,26698
232,241,26697
232,242,26665
232,243,26805
232,244,26767
232,245,26740
232,246,26743
232,247,26771
232,248,26731
232,249,26818
232,250,26990
232,251,26876
232,252,26911
232,253,26912
232,254,26873
233,64,38183
233,65,38195
233,66,38205
233,67,38211
233,68,38216
233,69,38219
233,70,38229
233,71,38234
233,72,38240
233,73,38254
233,74,38260
233,75,38261
233,76,38263
233,77,38264
233,78,38265
233,79,38266
233,80,38267
233,81,38268
233,82,38269
233,83,38270
233,84,38272
233,85,38273
233,86,38274
233,87,38275
233,88,38276
233,89,38277
233,90,38278
233,91,38279
233,92,38280
233,93,38281
233,94,38282
233,95,38283
233,96,38284
233,97,38285
233,98,38286
233,99,38287
233,100,38288
233,101,38289
233,102,38290
233,103,38291
233,104,38292
233,105,38293
233,106,38294
233,107,38295
233,108,38296
233,109,38297
233,110,38298
233,111,38299
233,112,38300
233,113,38301
233,114,38302
233,115,38303
233,116,38304
233,117,38305
233,118,38306
233,119,38307
233,120,38308
233,121,38309
233,122,38310
233,123,38311
233,124,38312
233,125,38313
233,126,38314
233,128,38315
233,129,38316
233,130,38317
233,131,38318
233,132,38319
233,133,38320
233,134,38321
233,135,38322
233,136,38323
233,137,38324
233,138,38325
233,139,38326
233,140,38327
233,141,38328
233,142,38329
233,143,38330
233,144,38331
233,145,38332
233,146,38333
233,147,38334
233,148,38335
233,149,38336
233,150,38337
233,151,38338
233,152,38339
233,153,38340
233,154,38341
233,155,38342
233,156,38343
233,157,38344
233,158,38345
233,159,38346
233,160,38347
233,161,26916
233,162,26864
233,163,26891
233,164,26881
233,165,26967
233,166,26851
233,167,26896
233,168,26993
233,169,26937
233,170,26976
233,171,26946
233,172,26973
233,173,27012
233,174,26987
233,175,27008
233,176,27032
233,177,27000
233,178,26932
233,179,27084
233,180,27015
233,181,27016
233,182,27086
233,183,27017
233,184,26982
233,185,26979
233,186,27001
233,187,27035
233,188,27047
233,189,27067
233,190,27051
233,191,27053
233,192,27092
233,193,27057
233,194,27073
233,195,27082
233,196,27103
233,197,27029
233,198,27104
233,199,27021
233,200,27135
233,201,27183
233,202,27117
233,203,27159
233,204,27160
233,205,27237
233,206,27122
233,207,27204
233,208,27198
233,209,27296
233,210,27216
233,211,27227
233,212,27189
233,213,27278
233,214,27257
233,215,27197
233,216,27176
233,217,27224
233,218,27260
233,219,27281
233,220,27280
233,221,27305
233,222,27287
233,223,27307
233,224,29495
233,225,29522
233,226,27521
233,227,27522
233,228,27527
233,229,27524
233,230,27538
233,231,27539
233,232,27533
233,233,27546
233,234,27547
233,235,27553
233,236,27562
233,237,36715
233,238,36717
233,239,36721
233,240,36722
233,241,36723
233,242,36725
233,243,36726
233,244,36728
233,245,36727
233,246,36729
233,247,36730
233,248,36732
233,249,36734
233,250,36737
233,251,36738
233,252,36740
233,253,36743
233,254,36747
234,64,38348
234,65,38349
234,66,38350
234,67,38351
234,68,38352
234,69,38353
234,70,38354
234,71,38355
234,72,38356
234,73,38357
234,74,38358
234,75,38359
234,76,38360
234,77,38361
234,78,38362
234,79,38363
234,80,38364
234,81,38365
234,82,38366
234,83,38367
234,84,38368
234,85,38369
234,86,38370
234,87,38371
234,88,38372
234,89,38373
234,90,38374
234,91,38375
234,92,38380
234,93,38399
234,94,38407
234,95,38419
234,96,38424
234,97,38427
234,98,38430
234,99,38432
234,100,38435
234,101,38436
234,102,38437
234,103,38438
234,104,38439
234,105,38440
234,106,38441
234,107,38443
234,108,38444
234,109,38445
234,110,38447
234,111,38448
234,112,38455
234,113,38456
234,114,38457
234,115,38458
234,116,38462
234,117,38465
234,118,38467
234,119,38474
234,120,38478
234,121,38479
234,122,38481
234,123,38482
234,124,38483
234,125,38486
234,126,38487
234,128,38488
234,129,38489
234,130,38490
234,131,38492
234,132,38493
234,133,38494
234,134,38496
234,135,38499
234,136,38501
234,137,38502
234,138,38507
234,139,38509
234,140,38510
234,141,38511
234,142,38512
234,143,38513
234,144,38515
234,145,38520
234,146,38521
234,147,38522
234,148,38523
234,149,38524
234,150,38525
234,151,38526
234,152,38527
234,153,38528
234,154,38529
234,155,38530
234,156,38531
234,157,38532
234,158,38535
234,159,38537
234,160,38538
234,161,36749
234,162,36750
234,163,36751
234,164,36760
234,165,36762
234,166,36558
234,167,25099
234,168,25111
234,169,25115
234,170,25119
234,171,25122
234,172,25121
234,173,25125
234,174,25124
234,175,25132
234,176,33255
234,177,29935
234,178,29940
234,179,29951
234,180,29967
234,181,29969
234,182,29971
234,183,25908
234,184,26094
234,185,26095
234,186,26096
234,187,26122
234,188,26137
234,189,26482
234,190,26115
234,191,26133
234,192,26112
234,193,28805
234,194,26359
234,195,26141
234,196,26164
234,197,26161
234,198,26166
234,199,26165
234,200,32774
234,201,26207
234,202,26196
234,203,26177
234,204,26191
234,205,26198
234,206,26209
234,207,26199
234,208,26231
234,209,26244
234,210,26252
234,211,26279
234,212,26269
234,213,26302
234,214,26331
234,215,26332
234,216,26342
234,217,26345
234,218,36146
234,219,36147
234,220,36150
234,221,36155
234,222,36157
234,223,36160
234,224,36165
234,225,36166
234,226,36168
234,227,36169
234,228,36167
234,229,36173
234,230,36181
234,231,36185
234,232,35271
234,233,35274
234,234,35275
234,235,35276
234,236,35278
234,237,35279
234,238,35280
234,239,35281
234,240,29294
234,241,29343
234,242,29277
234,243,29286
234,244,29295
234,245,29310
234,246,29311
234,247,29316
234,248,29323
234,249,29325
234,250,29327
234,251,29330
234,252,25352
234,253,25394
234,254,25520
235,64,38540
235,65,38542
235,66,38545
235,67,38546
235,68,38547
235,69,38549
235,70,38550
235,71,38554
235,72,38555
235,73,38557
235,74,38558
235,75,38559
235,76,38560
235,77,38561
235,78,38562
235,79,38563
235,80,38564
235,81,38565
235,82,38566
235,83,38568
235,84,38569
235,85,38570
235,86,38571
235,87,38572
235,88,38573
235,89,38574
235,90,38575
235,91,38577
235,92,38578
235,93,38580
235,94,38581
235,95,38583
235,96,38584
235,97,38586
235,98,38587
235,99,38591
235,100,38594
235,101,38595
235,102,38600
235,103,38602
235,104,38603
235,105,38608
235,106,38609
235,107,38611
235,108,38612
235,109,38614
235,110,38615
235,111,38616
235,112,38617
235,113,38618
235,114,38619
235,115,38620
235,116,38621
235,117,38622
235,118,38623
235,119,38625
235,120,38626
235,121,38627
235,122,38628
235,123,38629
235,124,38630
235,125,38631
235,126,38635
235,128,38636
235,129,38637
235,130,38638
235,131,38640
235,132,38641
235,133,38642
235,134,38644
235,135,38645
235,136,38648
235,137,38650
235,138,38651
235,139,38652
235,140,38653
235,141,38655
235,142,38658
235,143,38659
235,144,38661
235,145,38666
235,146,38667
235,147,38668
235,148,38672
235,149,38673
235,150,38674
235,151,38676
235,152,38677
235,153,38679
235,154,38680
235,155,38681
235,156,38682
235,157,38683
235,158,38685
235,159,38687
235,160,38688
235,161,25663
235,162,25816
235,163,32772
235,164,27626
235,165,27635
235,166,27645
235,167,27637
235,168,27641
235,169,27653
235,170,27655
235,171,27654
235,172,27661
235,173,27669
235,174,27672
235,175,27673
235,176,27674
235,177,27681
235,178,27689
235,179,27684
235,180,27690
235,181,27698
235,182,25909
235,183,25941
235,184,25963
235,185,29261
235,186,29266
235,187,29270
235,188,29232
235,189,34402
235,190,21014
235,191,32927
235,192,32924
235,193,32915
235,194,32956
235,195,26378
235,196,32957
235,197,32945
235,198,32939
235,199,32941
235,200,32948
235,201,32951
235,202,32999
235,203,33000
235,204,33001
235,205,33002
235,206,32987
235,207,32962
235,208,32964
235,209,32985
235,210,32973
235,211,32983
235,212,26384
235,213,32989
235,214,33003
235,215,33009
235,216,33012
235,217,33005
235,218,33037
235,219,33038
235,220,33010
235,221,33020
235,222,26389
235,223,33042
235,224,35930
235,225,33078
235,226,33054
235,227,33068
235,228,33048
235,229,33074
235,230,33096
235,231,33100
235,232,33107
235,233,33140
235,234,33113
235,235,33114
235,236,33137
235,237,33120
235,238,33129
235,239,33148
235,240,33149
235,241,33133
235,242,33127
235,243,22605
235,244,23221
235,245,33160
235,246,33154
235,247,33169
235,248,28373
235,249,33187
235,250,33194
235,251,33228
235,252,26406
235,253,33226
235,254,33211
236,64,38689
236,65,38690
236,66,38691
236,67,38692
236,68,38693
236,69,38694
236,70,38695
236,71,38696
236,72,38697
236,73,38699
236,74,38700
236,75,38702
236,76,38703
236,77,38705
236,78,38707
236,79,38708
236,80,38709
236,81,38710
236,82,38711
236,83,38714
236,84,38715
236,85,38716
236,86,38717
236,87,38719
236,88,38720
236,89,38721
236,90,38722
236,91,38723
236,92,38724
236,93,38725
236,94,38726
236,95,38727
236,96,38728
236,97,38729
236,98,38730
236,99,38731
236,100,38732
236,101,38733
236,102,38734
236,103,38735
236,104,38736
236,105,38737
236,106,38740
236,107,38741
236,108,38743
236,109,38744
236,110,38746
236,111,38748
236,112,38749
236,113,38751
236,114,38755
236,115,38756
236,116,38758
236,117,38759
236,118,38760
236,119,38762
236,120,38763
236,121,38764
236,122,38765
236,123,38766
236,124,38767
236,125,38768
236,126,38769
236,128,38770
236,129,38773
236,130,38775
236,131,38776
236,132,38777
236,133,38778
236,134,38779
236,135,38781
236,136,38782
236,137,38783
236,138,38784
236,139,38785
236,140,38786
236,141,38787
236,142,38788
236,143,38790
236,144,38791
236,145,38792
236,146,38793
236,147,38794
236,148,38796
236,149,38798
236,150,38799
236,151,38800
236,152,38803
236,153,38805
236,154,38806
236,155,38807
236,156,38809
236,157,38810
236,158,38811
236,159,38812
236,160,38813
236,161,33217
236,162,33190
236,163,27428
236,164,27447
236,165,27449
236,166,27459
236,167,27462
236,168,27481
236,169,39121
236,170,39122
236,171,39123
236,172,39125
236,173,39129
236,174,39130
236,175,27571
236,176,24384
236,177,27586
236,178,35315
236,179,26000
236,180,40785
236,181,26003
236,182,26044
236,183,26054
236,184,26052
236,185,26051
236,186,26060
236,187,26062
236,188,26066
236,189,26070
236,190,28800
236,191,28828
236,192,28822
236,193,28829
236,194,28859
236,195,28864
236,196,28855
236,197,28843
236,198,28849
236,199,28904
236,200,28874
236,201,28944
236,202,28947
236,203,28950
236,204,28975
236,205,28977
236,206,29043
236,207,29020
236,208,29032
236,209,28997
236,210,29042
236,211,29002
236,212,29048
236,213,29050
236,214,29080
236,215,29107
236,216,29109
236,217,29096
236,218,29088
236,219,29152
236,220,29140
236,221,29159
236,222,29177
236,223,29213
236,224,29224
236,225,28780
236,226,28952
236,227,29030
236,228,29113
236,229,25150
236,230,25149
236,231,25155
236,232,25160
236,233,25161
236,234,31035
236,235,31040
236,236,31046
236,237,31049
236,238,31067
236,239,31068
236,240,31059
236,241,31066
236,242,31074
236,243,31063
236,244,31072
236,245,31087
236,246,31079
236,247,31098
236,248,31109
236,249,31114
236,250,31130
236,251,31143
236,252,31155
236,253,24529
236,254,24528
237,64,38814
237,65,38815
237,66,38817
237,67,38818
237,68,38820
237,69,38821
237,70,38822
237,71,38823
237,72,38824
237,73,38825
237,74,38826
237,75,38828
237,76,38830
237,77,38832
237,78,38833
237,79,38835
237,80,38837
237,81,38838
237,82,38839
237,83,38840
237,84,38841
237,85,38842
237,86,38843
237,87,38844
237,88,38845
237,89,38846
237,90,38847
237,91,38848
237,92,38849
237,93,38850
237,94,38851
237,95,38852
237,96,38853
237,97,38854
237,98,38855
237,99,38856
237,100,38857
237,101,38858
237,102,38859
237,103,38860
237,104,38861
237,105,38862
237,106,38863
237,107,38864
237,108,38865
237,109,38866
237,110,38867
237,111,38868
237,112,38869
237,113,38870
237,114,38871
237,115,38872
237,116,38873
237,117,38874
237,118,38875
237,119,38876
237,120,38877
237,121,38878
237,122,38879
237,123,38880
237,124,38881
237,125,38882
237,126,38883
237,128,38884
237,129,38885
237,130,38888
237,131,38894
237,132,38895
237,133,38896
237,134,38897
237,135,38898
237,136,38900
237,137,38903
237,138,38904
237,139,38905
237,140,38906
237,141,38907
237,142,38908
237,143,38909
237,144,38910
237,145,38911
237,146,38912
237,147,38913
237,148,38914
237,149,38915
237,150,38916
237,151,38917
237,152,38918
237,153,38919
237,154,38920
237,155,38921
237,156,38922
237,157,38923
237,158,38924
237,159,38925
237,160,38926
237,161,24636
237,162,24669
237,163,24666
237,164,24679
237,165,24641
237,166,24665
237,167,24675
237,168,24747
237,169,24838
237,170,24845
237,171,24925
237,172,25001
237,173,24989
237,174,25035
237,175,25041
237,176,25094
237,177,32896
237,178,32895
237,179,27795
237,180,27894
237,181,28156
237,182,30710
237,183,30712
237,184,30720
237,185,30729
237,186,30743
237,187,30744
237,188,30737
237,189,26027
237,190,30765
237,191,30748
237,192,30749
237,193,30777
237,194,30778
237,195,30779
237,196,30751
237,197,30780
237,198,30757
237,199,30764
237,200,30755
237,201,30761
237,202,30798
237,203,30829
237,204,30806
237,205,30807
237,206,30758
237,207,30800
237,208,30791
237,209,30796
237,210,30826
237,211,30875
237,212,30867
237,213,30874
237,214,30855
237,215,30876
237,216,30881
237,217,30883
237,218,30898
237,219,30905
237,220,30885
237,221,30932
237,222,30937
237,223,30921
237,224,30956
237,225,30962
237,226,30981
237,227,30964
237,228,30995
237,229,31012
237,230,31006
237,231,31028
237,232,40859
237,233,40697
237,234,40699
237,235,40700
237,236,30449
237,237,30468
237,238,30477
237,239,30457
237,240,30471
237,241,30472
237,242,30490
237,243,30498
237,244,30489
237,245,30509
237,246,30502
237,247,30517
237,248,30520
237,249,30544
237,250,30545
237,251,30535
237,252,30531
237,253,30554
237,254,30568
238,64,38927
238,65,38928
238,66,38929
238,67,38930
238,68,38931
238,69,38932
238,70,38933
238,71,38934
238,72,38935
238,73,38936
238,74,38937
238,75,38938
238,76,38939
238,77,38940
238,78,38941
238,79,38942
238,80,38943
238,81,38944
238,82,38945
238,83,38946
238,84,38947
238,85,38948
238,86,38949
238,87,38950
238,88,38951
238,89,38952
238,90,38953
238,91,38954
238,92,38955
238,93,38956
238,94,38957
238,95,38958
238,96,38959
238,97,38960
238,98,38961
238,99,38962
238,100,38963
238,101,38964
238,102,38965
238,103,38966
238,104,38967
238,105,38968
238,106,38969
238,107,38970
238,108,38971
238,109,38972
238,110,38973
238,111,38974
238,112,38975
238,113,38976
238,114,38977
238,115,38978
238,116,38979
238,117,38980
238,118,38981
238,119,38982
238,120,38983
238,121,38984
238,122,38985
238,123,38986
238,124,38987
238,125,38988
238,126,38989
238,128,38990
238,129,38991
238,130,38992
238,131,38993
238,132,38994
238,133,38995
238,134,38996
238,135,38997
238,136,38998
238,137,38999
238,138,39000
238,139,39001
238,140,39002
238,141,39003
238,142,39004
238,143,39005
238,144,39006
238,145,39007
238,146,39008
238,147,39009
238,148,39010
238,149,39011
238,150,39012
238,151,39013
238,152,39014
238,153,39015
238,154,39016
238,155,39017
238,156,39018
238,157,39019
238,158,39020
238,159,39021
238,160,39022
238,161,30562
238,162,30565
238,163,30591
238,164,30605
238,165,30589
238,166,30592
238,167,30604
238,168,30609
238,169,30623
238,170,30624
238,171,30640
238,172,30645
238,173,30653
238,174,30010
238,175,30016
238,176,30030
238,177,30027
238,178,30024
238,179,30043
238,180,30066
238,181,30073
238,182,30083
238,183,32600
238,184,32609
238,185,32607
238,186,35400
238,187,32616
238,188,32628
238,189,32625
238,190,32633
238,191,32641
238,192,32638
238,193,30413
238,194,30437
238,195,34866
238,196,38021
238,197,38022
238,198,38023
238,199,38027
238,200,38026
238,201,38028
238,202,38029
238,203,38031
238,204,38032
238,205,38036
238,206,38039
238,207,38037
238,208,38042
238,209,38043
238,210,38044
238,211,38051
238,212,38052
238,213,38059
238,214,38058
238,215,38061
238,216,38060
238,217,38063
238,218,38064
238,219,38066
238,220,38068
238,221,38070
238,222,38071
238,223,38072
238,224,38073
238,225,38074
238,226,38076
238,227,38077
238,228,38079
238,229,38084
238,230,38088
238,231,38089
238,232,38090
238,233,38091
238,234,38092
238,235,38093
238,236,38094
238,237,38096
238,238,38097
238,239,38098
238,240,38101
238,241,38102
238,242,38103
238,243,38105
238,244,38104
238,245,38107
238,246,38110
238,247,38111
238,248,38112
238,249,38114
238,250,38116
238,251,38117
238,252,38119
238,253,38120
238,254,38122
239,64,39023
239,65,39024
239,66,39025
239,67,39026
239,68,39027
239,69,39028
239,70,39051
239,71,39054
239,72,39058
239,73,39061
239,74,39065
239,75,39075
239,76,39080
239,77,39081
239,78,39082
239,79,39083
239,80,39084
239,81,39085
239,82,39086
239,83,39087
239,84,39088
239,85,39089
239,86,39090
239,87,39091
239,88,39092
239,89,39093
239,90,39094
239,91,39095
239,92,39096
239,93,39097
239,94,39098
239,95,39099
239,96,39100
239,97,39101
239,98,39102
239,99,39103
239,100,39104
239,101,39105
239,102,39106
239,103,39107
239,104,39108
239,105,39109
239,106,39110
239,107,39111
239,108,39112
239,109,39113
239,110,39114
239,111,39115
239,112,39116
239,113,39117
239,114,39119
239,115,39120
239,116,39124
239,117,39126
239,118,39127
239,119,39131
239,120,39132
239,121,39133
239,122,39136
239,123,39137
239,124,39138
239,125,39139
239,126,39140
239,128,39141
239,129,39142
239,130,39145
239,131,39146
239,132,39147
239,133,39148
239,134,39149
239,135,39150
239,136,39151
239,137,39152
239,138,39153
239,139,39154
239,140,39155
239,141,39156
239,142,39157
239,143,39158
239,144,39159
239,145,39160
239,146,39161
239,147,39162
239,148,39163
239,149,39164
239,150,39165
239,151,39166
239,152,39167
239,153,39168
239,154,39169
239,155,39170
239,156,39171
239,157,39172
239,158,39173
239,159,39174
239,160,39175
239,161,38121
239,162,38123
239,163,38126
239,164,38127
239,165,38131
239,166,38132
239,167,38133
239,168,38135
239,169,38137
239,170,38140
239,171,38141
239,172,38143
239,173,38147
239,174,38146
239,175,38150
239,176,38151
239,177,38153
239,178,38154
239,179,38157
239,180,38158
239,181,38159
239,182,38162
239,183,38163
239,184,38164
239,185,38165
239,186,38166
239,187,38168
239,188,38171
239,189,38173
239,190,38174
239,191,38175
239,192,38178
239,193,38186
239,194,38187
239,195,38185
239,196,38188
239,197,38193
239,198,38194
239,199,38196
239,200,38198
239,201,38199
239,202,38200
239,203,38204
239,204,38206
239,205,38207
239,206,38210
239,207,38197
239,208,38212
239,209,38213
239,210,38214
239,211,38217
239,212,38220
239,213,38222
239,214,38223
239,215,38226
239,216,38227
239,217,38228
239,218,38230
239,219,38231
239,220,38232
239,221,38233
239,222,38235
239,223,38238
239,224,38239
239,225,38237
239,226,38241
239,227,38242
239,228,38244
239,229,38245
239,230,38246
239,231,38247
239,232,38248
239,233,38249
239,234,38250
239,235,38251
239,236,38252
239,237,38255
239,238,38257
239,239,38258
239,240,38259
239,241,38202
239,242,30695
239,243,30700
239,244,38601
239,245,31189
239,246,31213
239,247,31203
239,248,31211
239,249,31238
239,250,23879
239,251,31235
239,252,31234
239,253,31262
239,254,31252
240,64,39176
240,65,39177
240,66,39178
240,67,39179
240,68,39180
240,69,39182
240,70,39183
240,71,39185
240,72,39186
240,73,39187
240,74,39188
240,75,39189
240,76,39190
240,77,39191
240,78,39192
240,79,39193
240,80,39194
240,81,39195
240,82,39196
240,83,39197
240,84,39198
240,85,39199
240,86,39200
240,87,39201
240,88,39202
240,89,39203
240,90,39204
240,91,39205
240,92,39206
240,93,39207
240,94,39208
240,95,39209
240,96,39210
240,97,39211
240,98,39212
240,99,39213
240,100,39215
240,101,39216
240,102,39217
240,103,39218
240,104,39219
240,105,39220
240,106,39221
240,107,39222
240,108,39223
240,109,39224
240,110,39225
240,111,39226
240,112,39227
240,113,39228
240,114,39229
240,115,39230
240,116,39231
240,117,39232
240,118,39233
240,119,39234
240,120,39235
240,121,39236
240,122,39237
240,123,39238
240,124,39239
240,125,39240
240,126,39241
240,128,39242
240,129,39243
240,130,39244
240,131,39245
240,132,39246
240,133,39247
240,134,39248
240,135,39249
240,136,39250
240,137,39251
240,138,39254
240,139,39255
240,140,39256
240,141,39257
240,142,39258
240,143,39259
240,144,39260
240,145,39261
240,146,39262
240,147,39263
240,148,39264
240,149,39265
240,150,39266
240,151,39268
240,152,39270
240,153,39283
240,154,39288
240,155,39289
240,156,39291
240,157,39294
240,158,39298
240,159,39299
240,160,39305
240,161,31289
240,162,31287
240,163,31313
240,164,40655
240,165,39333
240,166,31344
240,167,30344
240,168,30350
240,169,30355
240,170,30361
240,171,30372
240,172,29918
240,173,29920
240,174,29996
240,175,40480
240,176,40482
240,177,40488
240,178,40489
240,179,40490
240,180,40491
240,181,40492
240,182,40498
240,183,40497
240,184,40502
240,185,40504
240,186,40503
240,187,40505
240,188,40506
240,189,40510
240,190,40513
240,191,40514
240,192,40516
240,193,40518
240,194,40519
240,195,40520
240,196,40521
240,197,40523
240,198,40524
240,199,40526
240,200,40529
240,201,40533
240,202,40535
240,203,40538
240,204,40539
240,205,40540
240,206,40542
240,207,40547
240,208,40550
240,209,40551
240,210,40552
240,211,40553
240,212,40554
240,213,40555
240,214,40556
240,215,40561
240,216,40557
240,217,40563
240,218,30098
240,219,30100
240,220,30102
240,221,30112
240,222,30109
240,223,30124
240,224,30115
240,225,30131
240,226,30132
240,227,30136
240,228,30148
240,229,30129
240,230,30128
240,231,30147
240,232,30146
240,233,30166
240,234,30157
240,235,30179
240,236,30184
240,237,30182
240,238,30180
240,239,30187
240,240,30183
240,241,30211
240,242,30193
240,243,30204
240,244,30207
240,245,30224
240,246,30208
240,247,30213
240,248,30220
240,249,30231
240,250,30218
240,251,30245
240,252,30232
240,253,30229
240,254,30233
241,64,39308
241,65,39310
241,66,39322
241,67,39323
241,68,39324
241,69,39325
241,70,39326
241,71,39327
241,72,39328
241,73,39329
241,74,39330
241,75,39331
241,76,39332
241,77,39334
241,78,39335
241,79,39337
241,80,39338
241,81,39339
241,82,39340
241,83,39341
241,84,39342
241,85,39343
241,86,39344
241,87,39345
241,88,39346
241,89,39347
241,90,39348
241,91,39349
241,92,39350
241,93,39351
241,94,39352
241,95,39353
241,96,39354
241,97,39355
241,98,39356
241,99,39357
241,100,39358
241,101,39359
241,102,39360
241,103,39361
241,104,39362
241,105,39363
241,106,39364
241,107,39365
241,108,39366
241,109,39367
241,110,39368
241,111,39369
241,112,39370
241,113,39371
241,114,39372
241,115,39373
241,116,39374
241,117,39375
241,118,39376
241,119,39377
241,120,39378
241,121,39379
241,122,39380
241,123,39381
241,124,39382
241,125,39383
241,126,39384
241,128,39385
241,129,39386
241,130,39387
241,131,39388
241,132,39389
241,133,39390
241,134,39391
241,135,39392
241,136,39393
241,137,39394
241,138,39395
241,139,39396
241,140,39397
241,141,39398
241,142,39399
241,143,39400
241,144,39401
241,145,39402
241,146,39403
241,147,39404
241,148,39405
241,149,39406
241,150,39407
241,151,39408
241,152,39409
241,153,39410
241,154,39411
241,155,39412
241,156,39413
241,157,39414
241,158,39415
241,159,39416
241,160,39417
241,161,30235
241,162,30268
241,163,30242
241,164,30240
241,165,30272
241,166,30253
241,167,30256
241,168,30271
241,169,30261
241,170,30275
241,171,30270
241,172,30259
241,173,30285
241,174,30302
241,175,30292
241,176,30300
241,177,30294
241,178,30315
241,179,30319
241,180,32714
241,181,31462
241,182,31352
241,183,31353
241,184,31360
241,185,31366
241,186,31368
241,187,31381
241,188,31398
241,189,31392
241,190,31404
241,191,31400
241,192,31405
241,193,31411
241,194,34916
241,195,34921
241,196,34930
241,197,34941
241,198,34943
241,199,34946
241,200,34978
241,201,35014
241,202,34999
241,203,35004
241,204,35017
241,205,35042
241,206,35022
241,207,35043
241,208,35045
241,209,35057
241,210,35098
241,211,35068
241,212,35048
241,213,35070
241,214,35056
241,215,35105
241,216,35097
241,217,35091
241,218,35099
241,219,35082
241,220,35124
241,221,35115
241,222,35126
241,223,35137
241,224,35174
241,225,35195
241,226,30091
241,227,32997
241,228,30386
241,229,30388
241,230,30684
241,231,32786
241,232,32788
241,233,32790
241,234,32796
241,235,32800
241,236,32802
241,237,32805
241,238,32806
241,239,32807
241,240,32809
241,241,32808
241,242,32817
241,243,32779
241,244,32821
241,245,32835
241,246,32838
241,247,32845
241,248,32850
241,249,32873
241,250,32881
241,251,35203
241,252,39032
241,253,39040
241,254,39043
242,64,39418
242,65,39419
242,66,39420
242,67,39421
242,68,39422
242,69,39423
242,70,39424
242,71,39425
242,72,39426
242,73,39427
242,74,39428
242,75,39429
242,76,39430
242,77,39431
242,78,39432
242,79,39433
242,80,39434
242,81,39435
242,82,39436
242,83,39437
242,84,39438
242,85,39439
242,86,39440
242,87,39441
242,88,39442
242,89,39443
242,90,39444
242,91,39445
242,92,39446
242,93,39447
242,94,39448
242,95,39449
242,96,39450
242,97,39451
242,98,39452
242,99,39453
242,100,39454
242,101,39455
242,102,39456
242,103,39457
242,104,39458
242,105,39459
242,106,39460
242,107,39461
242,108,39462
242,109,39463
242,110,39464
242,111,39465
242,112,39466
242,113,39467
242,114,39468
242,115,39469
242,116,39470
242,117,39471
242,118,39472
242,119,39473
242,120,39474
242,121,39475
242,122,39476
242,123,39477
242,124,39478
242,125,39479
242,126,39480
242,128,39481
242,129,39482
242,130,39483
242,131,39484
242,132,39485
242,133,39486
242,134,39487
242,135,39488
242,136,39489
242,137,39490
242,138,39491
242,139,39492
242,140,39493
242,141,39494
242,142,39495
242,143,39496
242,144,39497
242,145,39498
242,146,39499
242,147,39500
242,148,39501
242,149,39502
242,150,39503
242,151,39504
242,152,39505
242,153,39506
242,154,39507
242,155,39508
242,156,39509
242,157,39510
242,158,39511
242,159,39512
242,160,39513
242,161,39049
242,162,39052
242,163,39053
242,164,39055
242,165,39060
242,166,39066
242,167,39067
242,168,39070
242,169,39071
242,170,39073
242,171,39074
242,172,39077
242,173,39078
242,174,34381
242,175,34388
242,176,34412
242,177,34414
242,178,34431
242,179,34426
242,180,34428
242,181,34427
242,182,34472
242,183,34445
242,184,34443
242,185,34476
242,186,34461
242,187,34471
242,188,34467
242,189,34474
242,190,34451
242,191,34473
242,192,34486
242,193,34500
242,194,34485
242,195,34510
242,196,34480
242,197,34490
242,198,34481
242,199,34479
242,200,34505
242,201,34511
242,202,34484
242,203,34537
242,204,34545
242,205,34546
242,206,34541
242,207,34547
242,208,34512
242,209,34579
242,210,34526
242,211,34548
242,212,34527
242,213,34520
242,214,34513
242,215,34563
242,216,34567
242,217,34552
242,218,34568
242,219,34570
242,220,34573
242,221,34569
242,222,34595
242,223,34619
242,224,34590
242,225,34597
242,226,34606
242,227,34586
242,228,34622
242,229,34632
242,230,34612
242,231,34609
242,232,34601
242,233,34615
242,234,34623
242,235,34690
242,236,34594
242,237,34685
242,238,34686
242,239,34683
242,240,34656
242,241,34672
242,242,34636
242,243,34670
242,244,34699
242,245,34643
242,246,34659
242,247,34684
242,248,34660
242,249,34649
242,250,34661
242,251,34707
242,252,34735
242,253,34728
242,254,34770
243,64,39514
243,65,39515
243,66,39516
243,67,39517
243,68,39518
243,69,39519
243,70,39520
243,71,39521
243,72,39522
243,73,39523
243,74,39524
243,75,39525
243,76,39526
243,77,39527
243,78,39528
243,79,39529
243,80,39530
243,81,39531
243,82,39538
243,83,39555
243,84,39561
243,85,39565
243,86,39566
243,87,39572
243,88,39573
243,89,39577
243,90,39590
243,91,39593
243,92,39594
243,93,39595
243,94,39596
243,95,39597
243,96,39598
243,97,39599
243,98,39602
243,99,39603
243,100,39604
243,101,39605
243,102,39609
243,103,39611
243,104,39613
243,105,39614
243,106,39615
243,107,39619
243,108,39620
243,109,39622
243,110,39623
243,111,39624
243,112,39625
243,113,39626
243,114,39629
243,115,39630
243,116,39631
243,117,39632
243,118,39634
243,119,39636
243,120,39637
243,121,39638
243,122,39639
243,123,39641
243,124,39642
243,125,39643
243,126,39644
243,128,39645
243,129,39646
243,130,39648
243,131,39650
243,132,39651
243,133,39652
243,134,39653
243,135,39655
243,136,39656
243,137,39657
243,138,39658
243,139,39660
243,140,39662
243,141,39664
243,142,39665
243,143,39666
243,144,39667
243,145,39668
243,146,39669
243,147,39670
243,148,39671
243,149,39672
243,150,39674
243,151,39676
243,152,39677
243,153,39678
243,154,39679
243,155,39680
243,156,39681
243,157,39682
243,158,39684
243,159,39685
243,160,39686
243,161,34758
243,162,34696
243,163,34693
243,164,34733
243,165,34711
243,166,34691
243,167,34731
243,168,34789
243,169,34732
243,170,34741
243,171,34739
243,172,34763
243,173,34771
243,174,34749
243,175,34769
243,176,34752
243,177,34762
243,178,34779
243,179,34794
243,180,34784
243,181,34798
243,182,34838
243,183,34835
243,184,34814
243,185,34826
243,186,34843
243,187,34849
243,188,34873
243,189,34876
243,190,32566
243,191,32578
243,192,32580
243,193,32581
243,194,33296
243,195,31482
243,196,31485
243,197,31496
243,198,31491
243,199,31492
243,200,31509
243,201,31498
243,202,31531
243,203,31503
243,204,31559
243,205,31544
243,206,31530
243,207,31513
243,208,31534
243,209,31537
243,210,31520
243,211,31525
243,212,31524
243,213,31539
243,214,31550
243,215,31518
243,216,31576
243,217,31578
243,218,31557
243,219,31605
243,220,31564
243,221,31581
243,222,31584
243,223,31598
243,224,31611
243,225,31586
243,226,31602
243,227,31601
243,228,31632
243,229,31654
243,230,31655
243,231,31672
243,232,31660
243,233,31645
243,234,31656
243,235,31621
243,236,31658
243,237,31644
243,238,31650
243,239,31659
243,240,31668
243,241,31697
243,242,31681
243,243,31692
243,244,31709
243,245,31706
243,246,31717
243,247,31718
243,248,31722
243,249,31756
243,250,31742
243,251,31740
243,252,31759
243,253,31766
243,254,31755
244,64,39687
244,65,39689
244,66,39690
244,67,39691
244,68,39692
244,69,39693
244,70,39694
244,71,39696
244,72,39697
244,73,39698
244,74,39700
244,75,39701
244,76,39702
244,77,39703
244,78,39704
244,79,39705
244,80,39706
244,81,39707
244,82,39708
244,83,39709
244,84,39710
244,85,39712
244,86,39713
244,87,39714
244,88,39716
244,89,39717
244,90,39718
244,91,39719
244,92,39720
244,93,39721
244,94,39722
244,95,39723
244,96,39724
244,97,39725
244,98,39726
244,99,39728
244,100,39729
244,101,39731
244,102,39732
244,103,39733
244,104,39734
244,105,39735
244,106,39736
244,107,39737
244,108,39738
244,109,39741
244,110,39742
244,111,39743
244,112,39744
244,113,39750
244,114,39754
244,115,39755
244,116,39756
244,117,39758
244,118,39760
244,119,39762
244,120,39763
244,121,39765
244,122,39766
244,123,39767
244,124,39768
244,125,39769
244,126,39770
244,128,39771
244,129,39772
244,130,39773
244,131,39774
244,132,39775
244,133,39776
244,134,39777
244,135,39778
244,136,39779
244,137,39780
244,138,39781
244,139,39782
244,140,39783
244,141,39784
244,142,39785
244,143,39786
244,144,39787
244,145,39788
244,146,39789
244,147,39790
244,148,39791
244,149,39792
244,150,39793
244,151,39794
244,152,39795
244,153,39796
244,154,39797
244,155,39798
244,156,39799
244,157,39800
244,158,39801
244,159,39802
244,160,39803
244,161,31775
244,162,31786
244,163,31782
244,164,31800
244,165,31809
244,166,31808
244,167,33278
244,168,33281
244,169,33282
244,170,33284
244,171,33260
244,172,34884
244,173,33313
244,174,33314
244,175,33315
244,176,33325
244,177,33327
244,178,33320
244,179,33323
244,180,33336
244,181,33339
244,182,33331
244,183,33332
244,184,33342
244,185,33348
244,186,33353
244,187,33355
244,188,33359
244,189,33370
244,190,33375
244,191,33384
244,192,34942
244,193,34949
244,194,34952
244,195,35032
244,196,35039
244,197,35166
244,198,32669
244,199,32671
244,200,32679
244,201,32687
244,202,32688
244,203,32690
244,204,31868
244,205,25929
244,206,31889
244,207,31901
244,208,31900
244,209,31902
244,210,31906
244,211,31922
244,212,31932
244,213,31933
244,214,31937
244,215,31943
244,216,31948
244,217,31949
244,218,31944
244,219,31941
244,220,31959
244,221,31976
244,222,33390
244,223,26280
244,224,32703
244,225,32718
244,226,32725
244,227,32741
244,228,32737
244,229,32742
244,230,32745
244,231,32750
244,232,32755
244,233,31992
244,234,32119
244,235,32166
244,236,32174
244,237,32327
244,238,32411
244,239,40632
244,240,40628
244,241,36211
244,242,36228
244,243,36244
244,244,36241
244,245,36273
244,246,36199
244,247,36205
244,248,35911
244,249,35913
244,250,37194
244,251,37200
244,252,37198
244,253,37199
244,254,37220
245,64,39804
245,65,39805
245,66,39806
245,67,39807
245,68,39808
245,69,39809
245,70,39810
245,71,39811
245,72,39812
245,73,39813
245,74,39814
245,75,39815
245,76,39816
245,77,39817
245,78,39818
245,79,39819
245,80,39820
245,81,39821
245,82,39822
245,83,39823
245,84,39824
245,85,39825
245,86,39826
245,87,39827
245,88,39828
245,89,39829
245,90,39830
245,91,39831
245,92,39832
245,93,39833
245,94,39834
245,95,39835
245,96,39836
245,97,39837
245,98,39838
245,99,39839
245,100,39840
245,101,39841
245,102,39842
245,103,39843
245,104,39844
245,105,39845
245,106,39846
245,107,39847
245,108,39848
245,109,39849
245,110,39850
245,111,39851
245,112,39852
245,113,39853
245,114,39854
245,115,39855
245,116,39856
245,117,39857
245,118,39858
245,119,39859
245,120,39860
245,121,39861
245,122,39862
245,123,39863
245,124,39864
245,125,39865
245,126,39866
245,128,39867
245,129,39868
245,130,39869
245,131,39870
245,132,39871
245,133,39872
245,134,39873
245,135,39874
245,136,39875
245,137,39876
245,138,39877
245,139,39878
245,140,39879
245,141,39880
245,142,39881
245,143,39882
245,144,39883
245,145,39884
245,146,39885
245,147,39886
245,148,39887
245,149,39888
245,150,39889
245,151,39890
245,152,39891
245,153,39892
245,154,39893
245,155,39894
245,156,39895
245,157,39896
245,158,39897
245,159,39898
245,160,39899
245,161,37218
245,162,37217
245,163,37232
245,164,37225
245,165,37231
245,166,37245
245,167,37246
245,168,37234
245,169,37236
245,170,37241
245,171,37260
245,172,37253
245,173,37264
245,174,37261
245,175,37265
245,176,37282
245,177,37283
245,178,37290
245,179,37293
245,180,37294
245,181,37295
245,182,37301
245,183,37300
245,184,37306
245,185,35925
245,186,40574
245,187,36280
245,188,36331
245,189,36357
245,190,36441
245,191,36457
245,192,36277
245,193,36287
245,194,36284
245,195,36282
245,196,36292
245,197,36310
245,198,36311
245,199,36314
245,200,36318
245,201,36302
245,202,36303
245,203,36315
245,204,36294
245,205,36332
245,206,36343
245,207,36344
245,208,36323
245,209,36345
245,210,36347
245,211,36324
245,212,36361
245,213,36349
245,214,36372
245,215,36381
245,216,36383
245,217,36396
245,218,36398
245,219,36387
245,220,36399
245,221,36410
245,222,36416
245,223,36409
245,224,36405
245,225,36413
245,226,36401
245,227,36425
245,228,36417
245,229,36418
245,230,36433
245,231,36434
245,232,36426
245,233,36464
245,234,36470
245,235,36476
245,236,36463
245,237,36468
245,238,36485
245,239,36495
245,240,36500
245,241,36496
245,242,36508
245,243,36510
245,244,35960
245,245,35970
245,246,35978
245,247,35973
245,248,35992
245,249,35988
245,250,26011
245,251,35286
245,252,35294
245,253,35290
245,254,35292
246,64,39900
246,65,39901
246,66,39902
246,67,39903
246,68,39904
246,69,39905
246,70,39906
246,71,39907
246,72,39908
246,73,39909
246,74,39910
246,75,39911
246,76,39912
246,77,39913
246,78,39914
246,79,39915
246,80,39916
246,81,39917
246,82,39918
246,83,39919
246,84,39920
246,85,39921
246,86,39922
246,87,39923
246,88,39924
246,89,39925
246,90,39926
246,91,39927
246,92,39928
246,93,39929
246,94,39930
246,95,39931
246,96,39932
246,97,39933
246,98,39934
246,99,39935
246,100,39936
246,101,39937
246,102,39938
246,103,39939
246,104,39940
246,105,39941
246,106,39942
246,107,39943
246,108,39944
246,109,39945
246,110,39946
246,111,39947
246,112,39948
246,113,39949
246,114,39950
246,115,39951
246,116,39952
246,117,39953
246,118,39954
246,119,39955
246,120,39956
246,121,39957
246,122,39958
246,123,39959
246,124,39960
246,125,39961
246,126,39962
246,128,39963
246,129,39964
246,130,39965
246,131,39966
246,132,39967
246,133,39968
246,134,39969
246,135,39970
246,136,39971
246,137,39972
246,138,39973
246,139,39974
246,140,39975
246,141,39976
246,142,39977
246,143,39978
246,144,39979
246,145,39980
246,146,39981
246,147,39982
246,148,39983
246,149,39984
246,150,39985
246,151,39986
246,152,39987
246,153,39988
246,154,39989
246,155,39990
246,156,39991
246,157,39992
246,158,39993
246,159,39994
246,160,39995
246,161,35301
246,162,35307
246,163,35311
246,164,35390
246,165,35622
246,166,38739
246,167,38633
246,168,38643
246,169,38639
246,170,38662
246,171,38657
246,172,38664
246,173,38671
246,174,38670
246,175,38698
246,176,38701
246,177,38704
246,178,38718
246,179,40832
246,180,40835
246,181,40837
246,182,40838
246,183,40839
246,184,40840
246,185,40841
246,186,40842
246,187,40844
246,188,40702
246,189,40715
246,190,40717
246,191,38585
246,192,38588
246,193,38589
246,194,38606
246,195,38610
246,196,30655
246,197,38624
246,198,37518
246,199,37550
246,200,37576
246,201,37694
246,202,37738
246,203,37834
246,204,37775
246,205,37950
246,206,37995
246,207,40063
246,208,40066
246,209,40069
246,210,40070
246,211,40071
246,212,40072
246,213,31267
246,214,40075
246,215,40078
246,216,40080
246,217,40081
246,218,40082
246,219,40084
246,220,40085
246,221,40090
246,222,40091
246,223,40094
246,224,40095
246,225,40096
246,226,40097
246,227,40098
246,228,40099
246,229,40101
246,230,40102
246,231,40103
246,232,40104
246,233,40105
246,234,40107
246,235,40109
246,236,40110
246,237,40112
246,238,40113
246,239,40114
246,240,40115
246,241,40116
246,242,40117
246,243,40118
246,244,40119
246,245,40122
246,246,40123
246,247,40124
246,248,40125
246,249,40132
246,250,40133
246,251,40134
246,252,40135
246,253,40138
246,254,40139
247,64,39996
247,65,39997
247,66,39998
247,67,39999
247,68,40000
247,69,40001
247,70,40002
247,71,40003
247,72,40004
247,73,40005
247,74,40006
247,75,40007
247,76,40008
247,77,40009
247,78,40010
247,79,40011
247,80,40012
247,81,40013
247,82,40014
247,83,40015
247,84,40016
247,85,40017
247,86,40018
247,87,40019
247,88,40020
247,89,40021
247,90,40022
247,91,40023
247,92,40024
247,93,40025
247,94,40026
247,95,40027
247,96,40028
247,97,40029
247,98,40030
247,99,40031
247,100,40032
247,101,40033
247,102,40034
247,103,40035
247,104,40036
247,105,40037
247,106,40038
247,107,40039
247,108,40040
247,109,40041
247,110,40042
247,111,40043
247,112,40044
247,113,40045
247,114,40046
247,115,40047
247,116,40048
247,117,40049
247,118,40050
247,119,40051
247,120,40052
247,121,40053
247,122,40054
247,123,40055
247,124,40056
247,125,40057
247,126,40058
247,128,40059
247,129,40061
247,130,40062
247,131,40064
247,132,40067
247,133,40068
247,134,40073
247,135,40074
247,136,40076
247,137,40079
247,138,40083
247,139,40086
247,140,40087
247,141,40088
247,142,40089
247,143,40093
247,144,40106
247,145,40108
247,146,40111
247,147,40121
247,148,40126
247,149,40127
247,150,40128
247,151,40129
247,152,40130
247,153,40136
247,154,40137
247,155,40145
247,156,40146
247,157,40154
247,158,40155
247,159,40160
247,160,40161
247,161,40140
247,162,40141
247,163,40142
247,164,40143
247,165,40144
247,166,40147
247,167,40148
247,168,40149
247,169,40151
247,170,40152
247,171,40153
247,172,40156
247,173,40157
247,174,40159
247,175,40162
247,176,38780
247,177,38789
247,178,38801
247,179,38802
247,180,38804
247,181,38831
247,182,38827
247,183,38819
247,184,38834
247,185,38836
247,186,39601
247,187,39600
247,188,39607
247,189,40536
247,190,39606
247,191,39610
247,192,39612
247,193,39617
247,194,39616
247,195,39621
247,196,39618
247,197,39627
247,198,39628
247,199,39633
247,200,39749
247,201,39747
247,202,39751
247,203,39753
247,204,39752
247,205,39757
247,206,39761
247,207,39144
247,208,39181
247,209,39214
247,210,39253
247,211,39252
247,212,39647
247,213,39649
247,214,39654
247,215,39663
247,216,39659
247,217,39675
247,218,39661
247,219,39673
247,220,39688
247,221,39695
247,222,39699
247,223,39711
247,224,39715
247,225,40637
247,226,40638
247,227,32315
247,228,40578
247,229,40583
247,230,40584
247,231,40587
247,232,40594
247,233,37846
247,234,40605
247,235,40607
247,236,40667
247,237,40668
247,238,40669
247,239,40672
247,240,40671
247,241,40674
247,242,40681
247,243,40679
247,244,40677
247,245,40682
247,246,40687
247,247,40738
247,248,40748
247,249,40751
247,250,40761
247,251,40759
247,252,40765
247,253,40766
247,254,40772
248,64,40163
248,65,40164
248,66,40165
248,67,40166
248,68,40167
248,69,40168
248,70,40169
248,71,40170
248,72,40171
248,73,40172
248,74,40173
248,75,40174
248,76,40175
248,77,40176
248,78,40177
248,79,40178
248,80,40179
248,81,40180
248,82,40181
248,83,40182
248,84,40183
248,85,40184
248,86,40185
248,87,40186
248,88,40187
248,89,40188
248,90,40189
248,91,40190
248,92,40191
248,93,40192
248,94,40193
248,95,40194
248,96,40195
248,97,40196
248,98,40197
248,99,40198
248,100,40199
248,101,40200
248,102,40201
248,103,40202
248,104,40203
248,105,40204
248,106,40205
248,107,40206
248,108,40207
248,109,40208
248,110,40209
248,111,40210
248,112,40211
248,113,40212
248,114,40213
248,115,40214
248,116,40215
248,117,40216
248,118,40217
248,119,40218
248,120,40219
248,121,40220
248,122,40221
248,123,40222
248,124,40223
248,125,40224
248,126,40225
248,128,40226
248,129,40227
248,130,40228
248,131,40229
248,132,40230
248,133,40231
248,134,40232
248,135,40233
248,136,40234
248,137,40235
248,138,40236
248,139,40237
248,140,40238
248,141,40239
248,142,40240
248,143,40241
248,144,40242
248,145,40243
248,146,40244
248,147,40245
248,148,40246
248,149,40247
248,150,40248
248,151,40249
248,152,40250
248,153,40251
248,154,40252
248,155,40253
248,156,40254
248,157,40255
248,158,40256
248,159,40257
248,160,40258
248,161,57908
248,162,57909
248,163,57910
248,164,57911
248,165,57912
248,166,57913
248,167,57914
248,168,57915
248,169,57916
248,170,57917
248,171,57918
248,172,57919
248,173,57920
248,174,57921
248,175,57922
248,176,57923
248,177,57924
248,178,57925
248,179,57926
248,180,57927
248,181,57928
248,182,57929
248,183,57930
248,184,57931
248,185,57932
248,186,57933
248,187,57934
248,188,57935
248,189,57936
248,190,57937
248,191,57938
248,192,57939
248,193,57940
248,194,57941
248,195,57942
248,196,57943
248,197,57944
248,198,57945
248,199,57946
248,200,57947
248,201,57948
248,202,57949
248,203,57950
248,204,57951
248,205,57952
248,206,57953
248,207,57954
248,208,57955
248,209,57956
248,210,57957
248,211,57958
248,212,57959
248,213,57960
248,214,57961
248,215,57962
248,216,57963
248,217,57964
248,218,57965
248,219,57966
248,220,57967
248,221,57968
248,222,57969
248,223,57970
248,224,57971
248,225,57972
248,226,57973
248,227,57974
248,228,57975
248,229,57976
248,230,57977
248,231,57978
248,232,57979
248,233,57980
248,234,57981
248,235,57982
248,236,57983
248,237,57984
248,238,57985
248,239,57986
248,240,57987
248,241,57988
248,242,57989
248,243,57990
248,244,57991
248,245,57992
248,246,57993
248,247,57994
248,248,57995
248,249,57996
248,250,57997
248,251,57998
248,252,57999
248,253,58000
248,254,58001
249,64,40259
249,65,40260
249,66,40261
249,67,40262
249,68,40263
249,69,40264
249,70,40265
249,71,40266
249,72,40267
249,73,40268
249,74,40269
249,75,40270
249,76,40271
249,77,40272
249,78,40273
249,79,40274
249,80,40275
249,81,40276
249,82,40277
249,83,40278
249,84,40279
249,85,40280
249,86,40281
249,87,40282
249,88,40283
249,89,40284
249,90,40285
249,91,40286
249,92,40287
249,93,40288
249,94,40289
249,95,40290
249,96,40291
249,97,40292
249,98,40293
249,99,40294
249,100,40295
249,101,40296
249,102,40297
249,103,40298
249,104,40299
249,105,40300
249,106,40301
249,107,40302
249,108,40303
249,109,40304
249,110,40305
249,111,40306
249,112,40307
249,113,40308
249,114,40309
249,115,40310
249,116,40311
249,117,40312
249,118,40313
249,119,40314
249,120,40315
249,121,40316
249,122,40317
249,123,40318
249,124,40319
249,125,40320
249,126,40321
249,128,40322
249,129,40323
249,130,40324
249,131,40325
249,132,40326
249,133,40327
249,134,40328
249,135,40329
249,136,40330
249,137,40331
249,138,40332
249,139,40333
249,140,40334
249,141,40335
249,142,40336
249,143,40337
249,144,40338
249,145,40339
249,146,40340
249,147,40341
249,148,40342
249,149,40343
249,150,40344
249,151,40345
249,152,40346
249,153,40347
249,154,40348
249,155,40349
249,156,40350
249,157,40351
249,158,40352
249,159,40353
249,160,40354
249,161,58002
249,162,58003
249,163,58004
249,164,58005
249,165,58006
249,166,58007
249,167,58008
249,168,58009
249,169,58010
249,170,58011
249,171,58012
249,172,58013
249,173,58014
249,174,58015
249,175,58016
249,176,58017
249,177,58018
249,178,58019
249,179,58020
249,180,58021
249,181,58022
249,182,58023
249,183,58024
249,184,58025
249,185,58026
249,186,58027
249,187,58028
249,188,58029
249,189,58030
249,190,58031
249,191,58032
249,192,58033
249,193,58034
249,194,58035
249,195,58036
249,196,58037
249,197,58038
249,198,58039
249,199,58040
249,200,58041
249,201,58042
249,202,58043
249,203,58044
249,204,58045
249,205,58046
249,206,58047
249,207,58048
249,208,58049
249,209,58050
249,210,58051
249,211,58052
249,212,58053
249,213,58054
249,214,58055
249,215,58056
249,216,58057
249,217,58058
249,218,58059
249,219,58060
249,220,58061
249,221,58062
249,222,58063
249,223,58064
249,224,58065
249,225,58066
249,226,58067
249,227,58068
249,228,58069
249,229,58070
249,230,58071
249,231,58072
249,232,58073
249,233,58074
249,234,58075
249,235,58076
249,236,58077
249,237,58078
249,238,58079
249,239,58080
249,240,58081
249,241,58082
249,242,58083
249,243,58084
249,244,58085
249,245,58086
249,246,58087
249,247,58088
249,248,58089
249,249,58090
249,250,58091
249,251,58092
249,252,58093
249,253,58094
249,254,58095
250,64,40355
250,65,40356
250,66,40357
250,67,40358
250,68,40359
250,69,40360
250,70,40361
250,71,40362
250,72,40363
250,73,40364
250,74,40365
250,75,40366
250,76,40367
250,77,40368
250,78,40369
250,79,40370
250,80,40371
250,81,40372
250,82,40373
250,83,40374
250,84,40375
250,85,40376
250,86,40377
250,87,40378
250,88,40379
250,89,40380
250,90,40381
250,91,40382
250,92,40383
250,93,40384
250,94,40385
250,95,40386
250,96,40387
250,97,40388
250,98,40389
250,99,40390
250,100,40391
250,101,40392
250,102,40393
250,103,40394
250,104,40395
250,105,40396
250,106,40397
250,107,40398
250,108,40399
250,109,40400
250,110,40401
250,111,40402
250,112,40403
250,113,40404
250,114,40405
250,115,40406
250,116,40407
250,117,40408
250,118,40409
250,119,40410
250,120,40411
250,121,40412
250,122,40413
250,123,40414
250,124,40415
250,125,40416
250,126,40417
250,128,40418
250,129,40419
250,130,40420
250,131,40421
250,132,40422
250,133,40423
250,134,40424
250,135,40425
250,136,40426
250,137,40427
250,138,40428
250,139,40429
250,140,40430
250,141,40431
250,142,40432
250,143,40433
250,144,40434
250,145,40435
250,146,40436
250,147,40437
250,148,40438
250,149,40439
250,150,40440
250,151,40441
250,152,40442
250,153,40443
250,154,40444
250,155,40445
250,156,40446
250,157,40447
250,158,40448
250,159,40449
250,160,40450
250,161,58096
250,162,58097
250,163,58098
250,164,58099
250,165,58100
250,166,58101
250,167,58102
250,168,58103
250,169,58104
250,170,58105
250,171,58106
250,172,58107
250,173,58108
250,174,58109
250,175,58110
250,176,58111
250,177,58112
250,178,58113
250,179,58114
250,180,58115
250,181,58116
250,182,58117
250,183,58118
250,184,58119
250,185,58120
250,186,58121
250,187,58122
250,188,58123
250,189,58124
250,190,58125
250,191,58126
250,192,58127
250,193,58128
250,194,58129
250,195,58130
250,196,58131
250,197,58132
250,198,58133
250,199,58134
250,200,58135
250,201,58136
250,202,58137
250,203,58138
250,204,58139
250,205,58140
250,206,58141
250,207,58142
250,208,58143
250,209,58144
250,210,58145
250,211,58146
250,212,58147
250,213,58148
250,214,58149
250,215,58150
250,216,58151
250,217,58152
250,218,58153
250,219,58154
250,220,58155
250,221,58156
250,222,58157
250,223,58158
250,224,58159
250,225,58160
250,226,58161
250,227,58162
250,228,58163
250,229,58164
250,230,58165
250,231,58166
250,232,58167
250,233,58168
250,234,58169
250,235,58170
250,236,58171
250,237,58172
250,238,58173
250,239,58174
250,240,58175
250,241,58176
250,242,58177
250,243,58178
250,244,58179
250,245,58180
250,246,58181
250,247,58182
250,248,58183
250,249,58184
250,250,58185
250,251,58186
250,252,58187
250,253,58188
250,254,58189
251,64,40451
251,65,40452
251,66,40453
251,67,40454
251,68,40455
251,69,40456
251,70,40457
251,71,40458
251,72,40459
251,73,40460
251,74,40461
251,75,40462
251,76,40463
251,77,40464
251,78,40465
251,79,40466
251,80,40467
251,81,40468
251,82,40469
251,83,40470
251,84,40471
251,85,40472
251,86,40473
251,87,40474
251,88,40475
251,89,40476
251,90,40477
251,91,40478
251,92,40484
251,93,40487
251,94,40494
251,95,40496
251,96,40500
251,97,40507
251,98,40508
251,99,40512
251,100,40525
251,101,40528
251,102,40530
251,103,40531
251,104,40532
251,105,40534
251,106,40537
251,107,40541
251,108,40543
251,109,40544
251,110,40545
251,111,40546
251,112,40549
251,113,40558
251,114,40559
251,115,40562
251,116,40564
251,117,40565
251,118,40566
251,119,40567
251,120,40568
251,121,40569
251,122,40570
251,123,40571
251,124,40572
251,125,40573
251,126,40576
251,128,40577
251,129,40579
251,130,40580
251,131,40581
251,132,40582
251,133,40585
251,134,40586
251,135,40588
251,136,40589
251,137,40590
251,138,40591
251,139,40592
251,140,40593
251,141,40596
251,142,40597
251,143,40598
251,144,40599
251,145,40600
251,146,40601
251,147,40602
251,148,40603
251,149,40604
251,150,40606
251,151,40608
251,152,40609
251,153,40610
251,154,40611
251,155,40612
251,156,40613
251,157,40615
251,158,40616
251,159,40617
251,160,40618
251,161,58190
251,162,58191
251,163,58192
251,164,58193
251,165,58194
251,166,58195
251,167,58196
251,168,58197
251,169,58198
251,170,58199
251,171,58200
251,172,58201
251,173,58202
251,174,58203
251,175,58204
251,176,58205
251,177,58206
251,178,58207
251,179,58208
251,180,58209
251,181,58210
251,182,58211
251,183,58212
251,184,58213
251,185,58214
251,186,58215
251,187,58216
251,188,58217
251,189,58218
251,190,58219
251,191,58220
251,192,58221
251,193,58222
251,194,58223
251,195,58224
251,196,58225
251,197,58226
251,198,58227
251,199,58228
251,200,58229
251,201,58230
251,202,58231
251,203,58232
251,204,58233
251,205,58234
251,206,58235
251,207,58236
251,208,58237
251,209,58238
251,210,58239
251,211,58240
251,212,58241
251,213,58242
251,214,58243
251,215,58244
251,216,58245
251,217,58246
251,218,58247
251,219,58248
251,220,58249
251,221,58250
251,222,58251
251,223,58252
251,224,58253
251,225,58254
251,226,58255
251,227,58256
251,228,58257
251,229,58258
251,230,58259
251,231,58260
251,232,58261
251,233,58262
251,234,58263
251,235,58264
251,236,58265
251,237,58266
251,238,58267
251,239,58268
251,240,58269
251,241,58270
251,242,58271
251,243,58272
251,244,58273
251,245,58274
251,246,58275
251,247,58276
251,248,58277
251,249,58278
251,250,58279
251,251,58280
251,252,58281
251,253,58282
251,254,58283
252,64,40619
252,65,40620
252,66,40621
252,67,40622
252,68,40623
252,69,40624
252,70,40625
252,71,40626
252,72,40627
252,73,40629
252,74,40630
252,75,40631
252,76,40633
252,77,40634
252,78,40636
252,79,40639
252,80,40640
252,81,40641
252,82,40642
252,83,40643
252,84,40645
252,85,40646
252,86,40647
252,87,40648
252,88,40650
252,89,40651
252,90,40652
252,91,40656
252,92,40658
252,93,40659
252,94,40661
252,95,40662
252,96,40663
252,97,40665
252,98,40666
252,99,40670
252,100,40673
252,101,40675
252,102,40676
252,103,40678
252,104,40680
252,105,40683
252,106,40684
252,107,40685
252,108,40686
252,109,40688
252,110,40689
252,111,40690
252,112,40691
252,113,40692
252,114,40693
252,115,40694
252,116,40695
252,117,40696
252,118,40698
252,119,40701
252,120,40703
252,121,40704
252,122,40705
252,123,40706
252,124,40707
252,125,40708
252,126,40709
252,128,40710
252,129,40711
252,130,40712
252,131,40713
252,132,40714
252,133,40716
252,134,40719
252,135,40721
252,136,40722
252,137,40724
252,138,40725
252,139,40726
252,140,40728
252,141,40730
252,142,40731
252,143,40732
252,144,40733
252,145,40734
252,146,40735
252,147,40737
252,148,40739
252,149,40740
252,150,40741
252,151,40742
252,152,40743
252,153,40744
252,154,40745
252,155,40746
252,156,40747
252,157,40749
252,158,40750
252,159,40752
252,160,40753
252,161,58284
252,162,58285
252,163,58286
252,164,58287
252,165,58288
252,166,58289
252,167,58290
252,168,58291
252,169,58292
252,170,58293
252,171,58294
252,172,58295
252,173,58296
252,174,58297
252,175,58298
252,176,58299
252,177,58300
252,178,58301
252,179,58302
252,180,58303
252,181,58304
252,182,58305
252,183,58306
252,184,58307
252,185,58308
252,186,58309
252,187,58310
252,188,58311
252,189,58312
252,190,58313
252,191,58314
252,192,58315
252,193,58316
252,194,58317
252,195,58318
252,196,58319
252,197,58320
252,198,58321
252,199,58322
252,200,58323
252,201,58324
252,202,58325
252,203,58326
252,204,58327
252,205,58328
252,206,58329
252,207,58330
252,208,58331
252,209,58332
252,210,58333
252,211,58334
252,212,58335
252,213,58336
252,214,58337
252,215,58338
252,216,58339
252,217,58340
252,218,58341
252,219,58342
252,220,58343
252,221,58344
252,222,58345
252,223,58346
252,224,58347
252,225,58348
252,226,58349
252,227,58350
252,228,58351
252,229,58352
252,230,58353
252,231,58354
252,232,58355
252,233,58356
252,234,58357
252,235,58358
252,236,58359
252,237,58360
252,238,58361
252,239,58362
252,240,58363
252,241,58364
252,242,58365
252,243,58366
252,244,58367
252,245,58368
252,246,58369
252,247,58370
252,248,58371
252,249,58372
252,250,58373
252,251,58374
252,252,58375
252,253,58376
252,254,58377
253,64,40754
253,65,40755
253,66,40756
253,67,40757
253,68,40758
253,69,40760
253,70,40762
253,71,40764
253,72,40767
253,73,40768
253,74,40769
253,75,40770
253,76,40771
253,77,40773
253,78,40774
253,79,40775
253,80,40776
253,81,40777
253,82,40778
253,83,40779
253,84,40780
253,85,40781
253,86,40782
253,87,40783
253,88,40786
253,89,40787
253,90,40788
253,91,40789
253,92,40790
253,93,40791
253,94,40792
253,95,40793
253,96,40794
253,97,40795
253,98,40796
253,99,40797
253,100,40798
253,101,40799
253,102,40800
253,103,40801
253,104,40802
253,105,40803
253,106,40804
253,107,40805
253,108,40806
253,109,40807
253,110,40808
253,111,40809
253,112,40810
253,113,40811
253,114,40812
253,115,40813
253,116,40814
253,117,40815
253,118,40816
253,119,40817
253,120,40818
253,121,40819
253,122,40820
253,123,40821
253,124,40822
253,125,40823
253,126,40824
253,128,40825
253,129,40826
253,130,40827
253,131,40828
253,132,40829
253,133,40830
253,134,40833
253,135,40834
253,136,40845
253,137,40846
253,138,40847
253,139,40848
253,140,40849
253,141,40850
253,142,40851
253,143,40852
253,144,40853
253,145,40854
253,146,40855
253,147,40856
253,148,40860
253,149,40861
253,150,40862
253,151,40865
253,152,40866
253,153,40867
253,154,40868
253,155,40869
253,156,63788
253,157,63865
253,158,63893
253,159,63975
253,160,63985
253,161,58378
253,162,58379
253,163,58380
253,164,58381
253,165,58382
253,166,58383
253,167,58384
253,168,58385
253,169,58386
253,170,58387
253,171,58388
253,172,58389
253,173,58390
253,174,58391
253,175,58392
253,176,58393
253,177,58394
253,178,58395
253,179,58396
253,180,58397
253,181,58398
253,182,58399
253,183,58400
253,184,58401
253,185,58402
253,186,58403
253,187,58404
253,188,58405
253,189,58406
253,190,58407
253,191,58408
253,192,58409
253,193,58410
253,194,58411
253,195,58412
253,196,58413
253,197,58414
253,198,58415
253,199,58416
253,200,58417
253,201,58418
253,202,58419
253,203,58420
253,204,58421
253,205,58422
253,206,58423
253,207,58424
253,208,58425
253,209,58426
253,210,58427
253,211,58428
253,212,58429
253,213,58430
253,214,58431
253,215,58432
253,216,58433
253,217,58434
253,218,58435
253,219,58436
253,220,58437
253,221,58438
253,222,58439
253,223,58440
253,224,58441
253,225,58442
253,226,58443
253,227,58444
253,228,58445
253,229,58446
253,230,58447
253,231,58448
253,232,58449
253,233,58450
253,234,58451
253,235,58452
253,236,58453
253,237,58454
253,238,58455
253,239,58456
253,240,58457
253,241,58458
253,242,58459
253,243,58460
253,244,58461
253,245,58462
253,246,58463
253,247,58464
253,248,58465
253,249,58466
253,250,58467
253,251,58468
253,252,58469
253,253,58470
253,254,58471
254,64,64012
254,65,64013
254,66,64014
254,67,64015
254,68,64017
254,69,64019
254,70,64020
254,71,64024
254,72,64031
254,73,64032
254,74,64033
254,75,64035
254,76,64036
254,77,64039
254,78,64040
254,79,64041
254,80,59413
254,81,59414
254,82,59415
254,83,59416
254,84,59417
254,85,59418
254,86,59419
254,87,59420
254,88,59421
254,89,59422
254,90,59423
254,91,59424
254,92,59425
254,93,59426
254,94,59427
254,95,59428
254,96,59429
254,97,59430
254,98,59431
254,99,59432
254,100,59433
254,101,59434
254,102,59435
254,103,59436
254,104,59437
254,105,59438
254,106,59439
254,107,59440
254,108,59441
254,109,59442
254,110,59443
254,111,59444
254,112,59445
254,113,59446
254,114,59447
254,115,59448
254,116,59449
254,117,59450
254,118,59451
254,119,59452
254,120,59453
254,121,59454
254,122,59455
254,123,59456
254,124,59457
254,125,59458
254,126,59459
254,128,59460
254,129,59461
254,130,59462
254,131,59463
254,132,59464
254,133,59465
254,134,59466
254,135,59467
254,136,59468
254,137,59469
254,138,59470
254,139,59471
254,140,59472
254,141,59473
254,142,59474
254,143,59475
254,144,59476
254,145,59477
254,146,59478
254,147,59479
254,148,59480
254,149,59481
254,150,59482
254,151,59483
254,152,59484
254,153,59485
254,154,59486
254,155,59487
254,156,59488
254,157,59489
254,158,59490
254,159,59491
254,160,59492
254,161,58472
254,162,58473
254,163,58474
254,164,58475
254,165,58476
254,166,58477
254,167,58478
254,168,58479
254,169,58480
254,170,58481
254,171,58482
254,172,58483
254,173,58484
254,174,58485
254,175,58486
254,176,58487
254,177,58488
254,178,58489
254,179,58490
254,180,58491
254,181,58492
254,182,58493
254,183,58494
254,184,58495
254,185,58496
254,186,58497
254,187,58498
254,188,58499
254,189,58500
254,190,58501
254,191,58502
254,192,58503
254,193,58504
254,194,58505
254,195,58506
254,196,58507
254,197,58508
254,198,58509
254,199,58510
254,200,58511
254,201,58512
254,202,58513
254,203,58514
254,204,58515
254,205,58516
254,206,58517
254,207,58518
254,208,58519
254,209,58520
254,210,58521
254,211,58522
254,212,58523
254,213,58524
254,214,58525
254,215,58526
254,216,58527
254,217,58528
254,218,58529
254,219,58530
254,220,58531
254,221,58532
254,222,58533
254,223,58534
254,224,58535
254,225,58536
254,226,58537
254,227,58538
254,228,58539
254,229,58540
254,230,58541
254,231,58542
254,232,58543
254,233,58544
254,234,58545
254,235,58546
254,236,58547
254,237,58548
254,238,58549
254,239,58550
254,240,58551
254,241,58552
254,242,58553
254,243,58554
254,244,58555
254,245,58556
254,246,58557
254,247,58558
254,248,58559
254,249,58560
254,250,58561
254,251,58562
254,252,58563
254,253,58564
254,254,58565
